-- MySQL dump 10.13  Distrib 8.4.5, for Linux (x86_64)
--
-- Host: localhost    Database: vickycabs
-- ------------------------------------------------------
-- Server version	8.4.5-0ubuntu0.1

/*!40101 SET @OLD_CHARACTER_SET_CLIENT=@@CHARACTER_SET_CLIENT */;
/*!40101 SET @OLD_CHARACTER_SET_RESULTS=@@CHARACTER_SET_RESULTS */;
/*!40101 SET @OLD_COLLATION_CONNECTION=@@COLLATION_CONNECTION */;
/*!50503 SET NAMES utf8mb4 */;
/*!40103 SET @OLD_TIME_ZONE=@@TIME_ZONE */;
/*!40103 SET TIME_ZONE='+00:00' */;
/*!40014 SET @OLD_UNIQUE_CHECKS=@@UNIQUE_CHECKS, UNIQUE_CHECKS=0 */;
/*!40014 SET @OLD_FOREIGN_KEY_CHECKS=@@FOREIGN_KEY_CHECKS, FOREIGN_KEY_CHECKS=0 */;
/*!40101 SET @OLD_SQL_MODE=@@SQL_MODE, SQL_MODE='NO_AUTO_VALUE_ON_ZERO' */;
/*!40111 SET @OLD_SQL_NOTES=@@SQL_NOTES, SQL_NOTES=0 */;

--
-- Table structure for table `SequelizeMeta`
--

DROP TABLE IF EXISTS `SequelizeMeta`;
/*!40101 SET @saved_cs_client     = @@character_set_client */;
/*!50503 SET character_set_client = utf8mb4 */;
CREATE TABLE `SequelizeMeta` (
  `name` varchar(255) COLLATE utf8mb3_unicode_ci NOT NULL,
  PRIMARY KEY (`name`),
  UNIQUE KEY `name` (`name`)
) ENGINE=InnoDB DEFAULT CHARSET=utf8mb3 COLLATE=utf8mb3_unicode_ci;
/*!40101 SET character_set_client = @saved_cs_client */;

--
-- Dumping data for table `SequelizeMeta`
--

LOCK TABLES `SequelizeMeta` WRITE;
/*!40000 ALTER TABLE `SequelizeMeta` DISABLE KEYS */;
INSERT INTO `SequelizeMeta` VALUES ('20241227092949-create-user.js'),('20241227093044-create-vehicle.js'),('20250103063308-create_one_way_trip_pricing.js'),('20250103100618-add-fields-to-vehicles.js'),('20250103122513-add-vehicle-id-to-one-way-trip-pricings.js'),('20250106082547-add-fields-to-vehicles.js'),('20250108112439-add-parkingcharges-to-vehicles.js'),('20250110070903-create_sessions_table.js'),('20250113102014-update-email-add-new-field.js'),('20250114095501-create-transactions-table.js'),('20250121061357-add-fields-on-transaction-table.js'),('20250129122151-create_city_table.js'),('20250130055848-localrentalplans.js'),('20250130064906-local_rental_pricings.js'),('20250131114419-add_new_fields_to_sessions.js'),('20250203105753-add-new-fields-to-transactions.js'),('20250204081839-create_airports_table.js'),('20250204093807-add_airport_id_to_cities.js'),('20250204104448-create_airport_pricings.js'),('20250205080941-add_fields_to_sessions_and_transactions.js'),('20250207043730-create_otp_table.js'),('20250214104049-create-advance-payments.js'),('20250217112415-add-new-fields-to-sessions.js'),('20250218060026-create-dham-packages.js'),('20250222095124-create_dham_category.js'),('20250224092504-add-hotel-to-city.js'),('20250224113059-add_field_into_sessions.js'),('20250225090314-change-column-types.js'),('20250225111237-add_field_into_sessions.js'),('20250226060745-add_field_to_transactions.js'),('20250227061422-add_new_fields_to_dham_packages.js'),('20250227074918-create_dham_package_routes.js'),('20250228055805-dham_pickup_cities.js'),('20250228064153-dham_stops.js'),('20250228084126-dham_pricings.js'),('20250228113901-add_field_into_dham_pickup_cities.js'),('20250303044216-add_some_fields_into_sessions.js'),('20250303195018-add_some_fields_into_transactions.js'),('20250303201906-update-column-allow-null.js'),('20250304072845-add_some_fields_into_sessions.js'),('20250304094931-add_some_fields_into_transactions.js'),('20250306060413-add_fields_to_vehicle.js'),('20250306100954-add_description_field_to_dham_stops.js'),('20250308070057-add_fields_to_users.js'),('20250316132800-add_extra_fields_to_users.js'),('20250317071542-create_discounts_table.js'),('20250317092400-create_discount_cities_table.js'),('20250317113313-create_discount_trip_types_table.js'),('20250318051413-create_discount_vehicles_table.js'),('20250320061347-add_city_id_to_discount_cities.js'),('20250321041003-update_discount_trip_id_to_discount_city_id.js'),('20250325063434-add-discount-to-dham_pricings.js'),('20250327051340-add_field_to_discount.js'),('20250327071038-add_field_to_session.js'),('20250328062549-add_fields_to_vehicles.js'),('20250423092251-add-trip_status-column-to-transactions.js'),('20250424062143-create-trip-table.js'),('20250424110515-add-trip_id-column-in-transactions.js'),('20250424124405-add-otp_type-column-in-otp.js'),('20250425045629-add-trip_id-column-in-otp.js'),('20250502120000-create-pincodes.js'),('20250507140131-add-is-bidirectional-to-discount-cities.js'),('20250508112232-create-booking-limits.js'),('20250513140339-add-pincode-to-sessions.js'),('20250513143908-add-pincode-to-trips.js'),('20250516102106-create-settings-table.js'),('20250516133205-add-perdaystatetaxcharges-to-vehicles.js'),('20250523061746-add-additional-fields-to-transactions.js'),('20250523070814-add-additional-time-charge-to-vehicles.js'),('20250523114229-add-additional-fields-to-transactions.js');
/*!40000 ALTER TABLE `SequelizeMeta` ENABLE KEYS */;
UNLOCK TABLES;

--
-- Table structure for table `Users`
--

DROP TABLE IF EXISTS `Users`;
/*!40101 SET @saved_cs_client     = @@character_set_client */;
/*!50503 SET character_set_client = utf8mb4 */;
CREATE TABLE `Users` (
  `id` int NOT NULL AUTO_INCREMENT,
  `name` varchar(255) COLLATE utf8mb4_general_ci NOT NULL,
  `email` varchar(255) COLLATE utf8mb4_general_ci DEFAULT NULL,
  `password` varchar(255) COLLATE utf8mb4_general_ci DEFAULT NULL,
  `role` varchar(255) COLLATE utf8mb4_general_ci NOT NULL,
  `createdBy` varchar(255) COLLATE utf8mb4_general_ci DEFAULT NULL,
  `updatedBy` varchar(255) COLLATE utf8mb4_general_ci DEFAULT NULL,
  `createdAt` datetime NOT NULL DEFAULT CURRENT_TIMESTAMP,
  `updatedAt` datetime NOT NULL DEFAULT CURRENT_TIMESTAMP,
  `phone_number` varchar(255) COLLATE utf8mb4_general_ci DEFAULT NULL,
  `image` varchar(255) COLLATE utf8mb4_general_ci DEFAULT NULL,
  `address` varchar(255) COLLATE utf8mb4_general_ci DEFAULT NULL,
  `city` varchar(255) COLLATE utf8mb4_general_ci DEFAULT NULL,
  `pin_code` varchar(255) COLLATE utf8mb4_general_ci DEFAULT NULL,
  `gender` varchar(255) COLLATE utf8mb4_general_ci DEFAULT NULL,
  `pan_card` varchar(255) COLLATE utf8mb4_general_ci DEFAULT NULL,
  `adhar_card` varchar(255) COLLATE utf8mb4_general_ci DEFAULT NULL,
  PRIMARY KEY (`id`),
  UNIQUE KEY `email` (`email`)
) ENGINE=InnoDB AUTO_INCREMENT=86 DEFAULT CHARSET=utf8mb4 COLLATE=utf8mb4_general_ci;
/*!40101 SET character_set_client = @saved_cs_client */;

--
-- Dumping data for table `Users`
--

LOCK TABLES `Users` WRITE;
/*!40000 ALTER TABLE `Users` DISABLE KEYS */;
INSERT INTO `Users` VALUES (1,'Vicky','info@vickycab.com','$2b$10$CV8ZNO.tQILjSIcWmZt7F.cXFj6LBCfb0ZWcUa4Y.xU0EtGJ5xFT.','superadmin',NULL,NULL,'2024-12-24 12:02:34','2024-12-24 12:02:34',NULL,NULL,NULL,NULL,NULL,NULL,NULL,NULL),(2,'Bharg',NULL,NULL,'customer',NULL,NULL,'2025-01-21 04:22:12','2025-01-21 04:22:12','9664804863',NULL,NULL,NULL,NULL,NULL,NULL,NULL),(3,'Vicky ',NULL,NULL,'customer',NULL,NULL,'2025-01-21 05:26:41','2025-01-21 05:26:41','9412222322',NULL,NULL,NULL,NULL,NULL,NULL,NULL),(4,'Bharg',NULL,NULL,'customer',NULL,NULL,'2025-01-22 10:42:58','2025-01-22 10:42:58','+919664804863',NULL,NULL,NULL,NULL,NULL,NULL,NULL),(5,'Vicky Patel ',NULL,NULL,'customer',NULL,NULL,'2025-01-22 10:51:40','2025-06-20 07:22:17','+919412222322',NULL,NULL,NULL,NULL,NULL,NULL,NULL),(6,'vikki patel',NULL,NULL,'customer',NULL,NULL,'2025-01-30 14:09:59','2025-01-30 14:09:59','+919534730470',NULL,NULL,NULL,NULL,NULL,NULL,NULL),(7,'VCS CABS',NULL,NULL,'customer',NULL,NULL,'2025-02-10 08:43:12','2025-02-20 05:29:34','+919412222722',NULL,NULL,NULL,NULL,NULL,NULL,NULL),(8,'Dev',NULL,'$2b$10$LudnrEVHiHl9rLv3NcU2s.rT9F2l421eEc6eSF1FWNZnc.wkYsT36','driver',NULL,NULL,'2025-03-08 12:20:58','2025-03-08 12:21:51','+917623944938','1741436511341-images.jpg','C-16, shree nath residency, kadi','Kadi','382715',NULL,NULL,NULL),(9,'bharg',NULL,'$2b$10$6jDQFzqn13Fk3uJEHxx45OXGuPteRIdKZfKEVL7wDZaLYcETOh8VC','driver',NULL,NULL,'2025-03-08 13:03:44','2025-03-08 13:04:28','+919664804867','1741439068877-images.jpg','C-16, shree nath residency, kadi','Kadi','382715',NULL,NULL,NULL),(10,'Vikki',NULL,'$2b$10$hGeih6XrN.GGOet3T/SyceVdN5wdC5XtyX7P.ws42ClAdJ/7W/eYW','driver',NULL,NULL,'2025-03-08 13:49:22','2025-03-08 13:51:13','+917042129128',NULL,'Sector 62 Noida ','Ghaziabad','201009',NULL,NULL,NULL),(11,'VCS Booking Card ',NULL,NULL,'customer',NULL,NULL,'2025-03-17 18:56:02','2025-03-17 18:56:02','+919999999999',NULL,NULL,NULL,NULL,NULL,NULL,NULL),(12,'Vicky Cab Service',NULL,NULL,'customer',NULL,NULL,'2025-03-31 04:50:01','2025-03-31 04:50:01','+919266804410',NULL,NULL,NULL,NULL,NULL,NULL,NULL),(13,'Anil Kumar ',NULL,NULL,'customer',NULL,NULL,'2025-04-08 03:51:14','2025-06-19 14:07:41','+918929680696',NULL,NULL,NULL,NULL,NULL,NULL,NULL),(14,'priti',NULL,NULL,'customer',NULL,NULL,'2025-04-08 10:13:19','2025-04-08 10:13:19','+919664749915',NULL,NULL,NULL,NULL,NULL,NULL,NULL),(15,'Anil Kumar ',NULL,NULL,'customer',NULL,NULL,'2025-04-10 18:59:20','2025-04-10 18:59:20','+917015135448',NULL,NULL,NULL,NULL,NULL,NULL,NULL),(16,'SUNIL ',NULL,NULL,'customer',NULL,NULL,'2025-04-12 21:09:52','2025-04-12 21:09:52','+918789003532',NULL,NULL,NULL,NULL,NULL,NULL,NULL),(17,'Amit Chauhan',NULL,NULL,'customer',NULL,NULL,'2025-04-16 16:32:57','2025-04-16 16:32:57','+917417755237',NULL,NULL,NULL,NULL,NULL,NULL,NULL),(18,'Ranjit',NULL,NULL,'customer',NULL,NULL,'2025-04-17 14:40:44','2025-04-17 14:40:44','+919997073400',NULL,NULL,NULL,NULL,NULL,NULL,NULL),(19,'Arun Kumar Ram',NULL,NULL,'customer',NULL,NULL,'2025-04-22 06:41:28','2025-04-22 06:41:28','+919732802709',NULL,NULL,NULL,NULL,NULL,NULL,NULL),(20,'Gautam Kumar',NULL,NULL,'customer',NULL,NULL,'2025-05-04 14:28:45','2025-05-04 14:28:45','+919999576460',NULL,NULL,NULL,NULL,NULL,NULL,NULL),(21,'Amit',NULL,NULL,'customer',NULL,NULL,'2025-05-13 08:30:11','2025-05-13 08:30:11','+919220738654',NULL,NULL,NULL,NULL,NULL,NULL,NULL),(22,'Sagar Kumar',NULL,NULL,'customer',NULL,NULL,'2025-05-18 14:06:06','2025-05-18 14:06:06','+917678253518',NULL,NULL,NULL,NULL,NULL,NULL,NULL),(23,'Ram Kumar Choudhary',NULL,NULL,'customer',NULL,NULL,'2025-05-18 14:35:16','2025-05-18 14:35:16','+918130224950',NULL,NULL,NULL,NULL,NULL,NULL,NULL),(24,'Neha',NULL,NULL,'customer',NULL,NULL,'2025-05-20 14:22:49','2025-05-20 14:22:49','+918595534680',NULL,NULL,NULL,NULL,NULL,NULL,NULL),(25,'Zeeshan',NULL,NULL,'customer',NULL,NULL,'2025-05-22 06:43:21','2025-05-22 06:43:21','+919899968586',NULL,NULL,NULL,NULL,NULL,NULL,NULL),(26,'Sanjay yadav ',NULL,NULL,'customer',NULL,NULL,'2025-05-22 20:34:11','2025-05-22 20:34:11','+919458419353',NULL,NULL,NULL,NULL,NULL,NULL,NULL),(27,'Sachin ',NULL,NULL,'customer',NULL,NULL,'2025-05-23 02:58:41','2025-05-23 02:58:41','+918826457820',NULL,NULL,NULL,NULL,NULL,NULL,NULL),(28,'Ramakant',NULL,NULL,'customer',NULL,NULL,'2025-05-23 05:23:41','2025-05-23 05:23:41','+917600718831',NULL,NULL,NULL,NULL,NULL,NULL,NULL),(29,'Ranjeet ',NULL,NULL,'customer',NULL,NULL,'2025-05-23 05:48:31','2025-05-23 05:48:31','+917011870181',NULL,NULL,NULL,NULL,NULL,NULL,NULL),(30,'Dilnawaz',NULL,NULL,'customer',NULL,NULL,'2025-05-23 06:47:15','2025-05-23 06:47:15','+918791344786',NULL,NULL,NULL,NULL,NULL,NULL,NULL),(31,'Rishav kumar ',NULL,NULL,'customer',NULL,NULL,'2025-05-23 09:08:21','2025-05-23 09:08:21','+918219308595',NULL,NULL,NULL,NULL,NULL,NULL,NULL),(32,'Arahad ',NULL,NULL,'customer',NULL,NULL,'2025-05-23 14:57:14','2025-05-23 14:57:14','+919520707066',NULL,NULL,NULL,NULL,NULL,NULL,NULL),(33,'Anil Kumar ',NULL,NULL,'customer',NULL,NULL,'2025-05-24 09:19:02','2025-05-24 09:19:02','+917033054970',NULL,NULL,NULL,NULL,NULL,NULL,NULL),(34,'raghvendrasinghtomar682@gmail.com',NULL,NULL,'customer',NULL,NULL,'2025-05-24 16:49:21','2025-05-24 16:49:21','+917049403266',NULL,NULL,NULL,NULL,NULL,NULL,NULL),(35,'Dhrub yadav ',NULL,NULL,'customer',NULL,NULL,'2025-05-24 18:53:39','2025-05-24 18:53:39','+918178577704',NULL,NULL,NULL,NULL,NULL,NULL,NULL),(36,'Sonu lal',NULL,NULL,'customer',NULL,NULL,'2025-05-25 02:09:38','2025-05-25 02:11:03','+918923377513',NULL,NULL,NULL,NULL,NULL,NULL,NULL),(37,'Ravi Kumar',NULL,NULL,'customer',NULL,NULL,'2025-05-25 03:29:00','2025-05-25 03:29:00','+918700003700',NULL,NULL,NULL,NULL,NULL,NULL,NULL),(38,'Anil singh',NULL,NULL,'customer',NULL,NULL,'2025-05-26 04:56:46','2025-05-26 04:56:46','+918958169468',NULL,NULL,NULL,NULL,NULL,NULL,NULL),(39,'Nem chandra gupta',NULL,NULL,'customer',NULL,NULL,'2025-05-26 19:01:38','2025-05-26 19:01:38','+919580542308',NULL,NULL,NULL,NULL,NULL,NULL,NULL),(40,'Mohammad rijwan',NULL,NULL,'customer',NULL,NULL,'2025-05-26 19:59:40','2025-05-26 19:59:40','+916397471101',NULL,NULL,NULL,NULL,NULL,NULL,NULL),(41,'SAWAN chajjar',NULL,NULL,'customer',NULL,NULL,'2025-05-29 06:11:33','2025-05-29 06:11:33','+919971910401',NULL,NULL,NULL,NULL,NULL,NULL,NULL),(42,'Chotu shakya',NULL,NULL,'customer',NULL,NULL,'2025-05-29 06:45:17','2025-05-29 06:45:17','+919373254017',NULL,NULL,NULL,NULL,NULL,NULL,NULL),(43,'Anish shakya',NULL,NULL,'customer',NULL,NULL,'2025-05-29 06:53:34','2025-05-29 06:53:34','+917722800388',NULL,NULL,NULL,NULL,NULL,NULL,NULL),(44,'Md sohail',NULL,NULL,'customer',NULL,NULL,'2025-05-30 10:41:38','2025-05-30 10:41:38','+919872624183',NULL,NULL,NULL,NULL,NULL,NULL,NULL),(45,'Anuo',NULL,NULL,'customer',NULL,NULL,'2025-05-31 02:48:59','2025-05-31 02:48:59','+918279784496',NULL,NULL,NULL,NULL,NULL,NULL,NULL),(46,'Manish',NULL,NULL,'customer',NULL,NULL,'2025-05-31 10:18:45','2025-05-31 10:18:45','+919717506400',NULL,NULL,NULL,NULL,NULL,NULL,NULL),(47,'Prasenjit ',NULL,NULL,'customer',NULL,NULL,'2025-06-02 20:42:34','2025-06-02 20:42:34','+918880254007',NULL,NULL,NULL,NULL,NULL,NULL,NULL),(48,'Salmudin Khan',NULL,NULL,'customer',NULL,NULL,'2025-06-03 12:40:12','2025-06-03 12:40:12','+919050142025',NULL,NULL,NULL,NULL,NULL,NULL,NULL),(49,'Munna kumar',NULL,NULL,'customer',NULL,NULL,'2025-06-10 04:49:28','2025-06-10 04:49:28','+918092214012',NULL,NULL,NULL,NULL,NULL,NULL,NULL),(50,'Manpreet panesar ',NULL,NULL,'customer',NULL,NULL,'2025-06-19 11:46:59','2025-06-19 12:15:01','+918847242122',NULL,NULL,NULL,NULL,NULL,NULL,NULL),(51,'Ajay Kumar ',NULL,NULL,'customer',NULL,NULL,'2025-06-19 11:53:57','2025-06-19 11:54:51','+919210570504',NULL,NULL,NULL,NULL,NULL,NULL,NULL),(52,'Jatin goel',NULL,NULL,'customer',NULL,NULL,'2025-06-19 11:54:05','2025-06-20 06:12:42','+919625646794',NULL,NULL,NULL,NULL,NULL,NULL,NULL),(53,'Ajay',NULL,NULL,'customer',NULL,NULL,'2025-06-19 12:01:04','2025-06-19 12:01:38','+919315082321',NULL,NULL,NULL,NULL,NULL,NULL,NULL),(54,'Dev chawla',NULL,NULL,'customer',NULL,NULL,'2025-06-19 12:09:41','2025-06-19 12:13:47','+917082140771',NULL,NULL,NULL,NULL,NULL,NULL,NULL),(55,'Sandeep Singh',NULL,NULL,'customer',NULL,NULL,'2025-06-19 12:17:48','2025-06-19 12:24:52','+919711974165',NULL,NULL,NULL,NULL,NULL,NULL,NULL),(56,'Rahul Sabharwal ',NULL,NULL,'customer',NULL,NULL,'2025-06-19 12:32:46','2025-06-20 05:45:20','+917838145150',NULL,NULL,NULL,NULL,NULL,NULL,NULL),(57,'Santosh Singh ',NULL,NULL,'customer',NULL,NULL,'2025-06-19 12:40:19','2025-06-19 15:39:21','+917827701542',NULL,NULL,NULL,NULL,NULL,NULL,NULL),(58,'Sanjay Srivastav',NULL,NULL,'customer',NULL,NULL,'2025-06-19 12:43:44','2025-06-20 05:50:22','+917065423060',NULL,NULL,NULL,NULL,NULL,NULL,NULL),(59,'Harsh pundir ',NULL,NULL,'customer',NULL,NULL,'2025-06-19 12:45:20','2025-06-20 05:59:19','+917082647281',NULL,NULL,NULL,NULL,NULL,NULL,NULL),(60,'Ritesh ',NULL,NULL,'customer',NULL,NULL,'2025-06-19 12:48:25','2025-06-19 12:48:38','+918750130608',NULL,NULL,NULL,NULL,NULL,NULL,NULL),(61,'Suraj',NULL,NULL,'customer',NULL,NULL,'2025-06-19 14:29:49','2025-06-19 14:30:35','+919045118381',NULL,NULL,NULL,NULL,NULL,NULL,NULL),(62,'Dinesh Kumar',NULL,NULL,'customer',NULL,NULL,'2025-06-19 15:19:26','2025-06-20 05:50:23','+918968420773',NULL,NULL,NULL,NULL,NULL,NULL,NULL),(63,'Ankit Kumar ',NULL,NULL,'customer',NULL,NULL,'2025-06-19 15:21:41','2025-06-19 15:21:53','+917696997206',NULL,NULL,NULL,NULL,NULL,NULL,NULL),(64,'Jiteder',NULL,NULL,'customer',NULL,NULL,'2025-06-19 15:22:58','2025-06-19 15:50:57','+919899580881',NULL,NULL,NULL,NULL,NULL,NULL,NULL),(65,'Rana ji',NULL,NULL,'customer',NULL,NULL,'2025-06-19 15:24:06','2025-06-19 15:32:11','+917015952549',NULL,NULL,NULL,NULL,NULL,NULL,NULL),(66,'Khalid ',NULL,NULL,'customer',NULL,NULL,'2025-06-19 15:49:30','2025-06-19 15:49:46','+918222933988',NULL,NULL,NULL,NULL,NULL,NULL,NULL),(67,'ABCDEF ',NULL,NULL,'customer',NULL,NULL,'2025-06-19 15:50:25','2025-06-20 07:14:24','+919810429245',NULL,NULL,NULL,NULL,NULL,NULL,NULL),(68,'Davinder Singh ',NULL,NULL,'customer',NULL,NULL,'2025-06-19 15:52:29','2025-06-19 15:57:39','+918130331991',NULL,NULL,NULL,NULL,NULL,NULL,NULL),(69,'Dharmender verma',NULL,NULL,'customer',NULL,NULL,'2025-06-19 15:57:02','2025-06-19 15:57:32','+918448156882',NULL,NULL,NULL,NULL,NULL,NULL,NULL),(70,'Bittu singh ',NULL,NULL,'customer',NULL,NULL,'2025-06-19 15:58:29','2025-06-19 15:58:42','+918741826050',NULL,NULL,NULL,NULL,NULL,NULL,NULL),(71,'Sukhbir ',NULL,NULL,'customer',NULL,NULL,'2025-06-19 16:21:45','2025-06-19 16:22:21','+919034590507',NULL,NULL,NULL,NULL,NULL,NULL,NULL),(72,'Tauheed',NULL,NULL,'customer',NULL,NULL,'2025-06-19 16:27:03','2025-06-19 16:27:36','+918534808984',NULL,NULL,NULL,NULL,NULL,NULL,NULL),(73,'Gaurav mishra ',NULL,NULL,'customer',NULL,NULL,'2025-06-19 16:45:34','2025-06-19 16:45:45','+918924800315',NULL,NULL,NULL,NULL,NULL,NULL,NULL),(74,'Tarun Kumar',NULL,NULL,'customer',NULL,NULL,'2025-06-19 16:55:09','2025-06-19 16:55:20','+917011704329',NULL,NULL,NULL,NULL,NULL,NULL,NULL),(75,'Govind Kumar',NULL,NULL,'customer',NULL,NULL,'2025-06-19 17:11:12','2025-06-19 17:11:30','+917906292141',NULL,NULL,NULL,NULL,NULL,NULL,NULL),(76,'Goru',NULL,NULL,'customer',NULL,NULL,'2025-06-19 17:22:33','2025-06-19 17:22:40','+919728927374',NULL,NULL,NULL,NULL,NULL,NULL,NULL),(77,'Prakash ',NULL,NULL,'customer',NULL,NULL,'2025-06-20 03:06:56','2025-06-20 05:37:51','+918052738410',NULL,NULL,NULL,NULL,NULL,NULL,NULL),(78,'Ashish ',NULL,NULL,'customer',NULL,NULL,'2025-06-20 03:34:27','2025-06-20 05:51:49','+917991154153',NULL,NULL,NULL,NULL,NULL,NULL,NULL),(79,'Satveer Singh',NULL,NULL,'customer',NULL,NULL,'2025-06-20 03:52:35','2025-06-20 03:52:50','+919664111150',NULL,NULL,NULL,NULL,NULL,NULL,NULL),(80,'Aashik',NULL,NULL,'customer',NULL,NULL,'2025-06-20 05:36:55','2025-06-20 05:37:01','+918700851972',NULL,NULL,NULL,NULL,NULL,NULL,NULL),(81,'Ajay',NULL,NULL,'customer',NULL,NULL,'2025-06-20 05:37:33','2025-06-20 05:56:15','+918868811568',NULL,NULL,NULL,NULL,NULL,NULL,NULL),(82,'Mukesh Singh ',NULL,NULL,'customer',NULL,NULL,'2025-06-20 05:40:38','2025-06-20 05:41:04','+917888997525',NULL,NULL,NULL,NULL,NULL,NULL,NULL),(83,'Amit Verma ',NULL,NULL,'customer',NULL,NULL,'2025-06-20 05:42:24','2025-06-20 05:42:37','+919355555303',NULL,NULL,NULL,NULL,NULL,NULL,NULL),(84,'',NULL,NULL,'customer',NULL,NULL,'2025-06-20 05:42:31','2025-06-20 05:42:31','+918076703217',NULL,NULL,NULL,NULL,NULL,NULL,NULL),(85,'Kuldeep pal',NULL,NULL,'customer',NULL,NULL,'2025-06-20 05:46:25','2025-06-20 05:46:35','+919721900333',NULL,NULL,NULL,NULL,NULL,NULL,NULL);
/*!40000 ALTER TABLE `Users` ENABLE KEYS */;
UNLOCK TABLES;

--
-- Table structure for table `Vehicles`
--

DROP TABLE IF EXISTS `Vehicles`;
/*!40101 SET @saved_cs_client     = @@character_set_client */;
/*!50503 SET character_set_client = utf8mb4 */;
CREATE TABLE `Vehicles` (
  `id` int NOT NULL AUTO_INCREMENT,
  `image` varchar(255) COLLATE utf8mb4_general_ci NOT NULL,
  `title` varchar(255) COLLATE utf8mb4_general_ci NOT NULL,
  `priceperkm` decimal(10,2) NOT NULL,
  `fuelcharges` tinyint(1) NOT NULL DEFAULT '0',
  `drivercharges` tinyint(1) NOT NULL DEFAULT '0',
  `nightcharges` tinyint(1) NOT NULL DEFAULT '0',
  `terms` text COLLATE utf8mb4_general_ci NOT NULL,
  `createdBy` varchar(255) COLLATE utf8mb4_general_ci DEFAULT NULL,
  `updatedBy` varchar(255) COLLATE utf8mb4_general_ci DEFAULT NULL,
  `createdAt` datetime NOT NULL DEFAULT CURRENT_TIMESTAMP,
  `updatedAt` datetime NOT NULL DEFAULT CURRENT_TIMESTAMP,
  `minimum_price` int DEFAULT NULL,
  `minimum_price_range` int DEFAULT NULL,
  `extra_fare_km` varchar(255) COLLATE utf8mb4_general_ci DEFAULT NULL,
  `driver_expences` varchar(255) COLLATE utf8mb4_general_ci DEFAULT NULL,
  `parkingcharges` tinyint(1) NOT NULL DEFAULT '0',
  `passengers` int DEFAULT NULL,
  `large_size_bag` int DEFAULT NULL,
  `medium_size_bag` int DEFAULT NULL,
  `hand_bag` int DEFAULT NULL,
  `ac_cab` tinyint(1) NOT NULL DEFAULT '0',
  `luggage` tinyint(1) NOT NULL DEFAULT '0',
  `perdaystatetaxcharges` float NOT NULL DEFAULT '0',
  `additional_time_charge` decimal(8,2) NOT NULL DEFAULT '0.00',
  PRIMARY KEY (`id`)
) ENGINE=InnoDB AUTO_INCREMENT=9 DEFAULT CHARSET=utf8mb4 COLLATE=utf8mb4_general_ci;
/*!40101 SET character_set_client = @saved_cs_client */;

--
-- Dumping data for table `Vehicles`
--

LOCK TABLES `Vehicles` WRITE;
/*!40000 ALTER TABLE `Vehicles` DISABLE KEYS */;
INSERT INTO `Vehicles` VALUES (3,'1743250379035-Maruti_Swift_Dzire.png','Maruti Swift Dzire ',12.00,1,1,1,'<p><strong>&nbsp; &nbsp; &nbsp; &nbsp; &nbsp; &nbsp; &nbsp; &nbsp; &nbsp;Taxi Safar – Booking Rules &nbsp;</strong></p><p><strong>1️⃣ What’s Included in the Fare:</strong><br>The fare includes vehicle and fuel charges.<br>Driver’s night stay and meals are covered.<br><strong>2️⃣ Fare Options &amp; Extra Charges&nbsp;</strong><br><strong>&nbsp; &nbsp; &nbsp; (One-Way &amp; Round Trip):</strong><br><strong>[A] \"Best Price\" Booking: </strong>Toll tax and state tax are not included and must be paid by the customer during the trip.<br><strong>[B] \"Inclusive Price\" Booking: </strong>Toll tax and state tax are already included, so no extra payment is needed.<br><strong>Parking charges</strong>: (if applicable) will always be extra in both fare options.<br><strong>3️⃣ Travel Rules:</strong><br>The trip distance will be counted from the pickup location.<br>For round trips, the total kilometers will be calculated from pickup location to pickup location.<br>Sightseeing is allowed only in the cities mentioned in the booking.<br><strong>4️⃣ AC (Air Conditioner) Rules:</strong><br>AC will be turned off in hilly areas for safety reasons.<br><strong>5️⃣ Special Permits &amp; Other Terms:</strong><br>Some places like Rohtang Pass need a special permit, which the customer must arrange separately.<br>In case of any unexpected situation, the company has the right to change or cancel the booking.<br>6️⃣<strong> GST Applicable:</strong><br>&nbsp;GST (5%) is already calculated in the total fare.<br>7️⃣ <strong>Payment Terms:</strong><br><strong>1</strong>.⁠ ⁠Advance Booking: Pay<strong>&nbsp;10%</strong> of the total amount to confirm your booking.<br><strong>2.⁠</strong> ⁠Post Pickup Payment: Pay <strong>50% </strong>directly to the driver after pickup, which helps cover fuel and travel expenses.<br><strong>3.⁠</strong> ⁠Final Payment: The remaining&nbsp;<strong>40% </strong>should be paid to the driver at least<strong> 2 </strong>hours before the drop-off.</p>',NULL,NULL,'2024-12-28 19:38:19','2025-06-03 09:16:25',1200,50,'11','250',0,4,2,2,4,1,1,250,250.00),(5,'1743250363814-Maruti_Ertiga_SUV.png','Maruti Ertiga SUV ',15.00,1,1,1,'<p><strong>&nbsp; &nbsp; &nbsp; &nbsp; &nbsp; &nbsp; &nbsp; &nbsp; &nbsp;Taxi Safar – Booking Rules &nbsp;</strong></p><p><strong>1️⃣ What’s Included in the Fare:</strong><br>The fare includes vehicle and fuel charges.<br>Driver’s night stay and meals are covered.<br><strong>2️⃣ Fare Options &amp; Extra Charges&nbsp;</strong><br><strong>&nbsp; &nbsp; &nbsp; (One-Way &amp; Round Trip):</strong><br><strong>[A] \"Best Price\" Booking: </strong>Toll tax and state tax are not included and must be paid by the customer during the trip.<br><strong>[B] \"Inclusive Price\" Booking: </strong>Toll tax and state tax are already included, so no extra payment is needed.<br><strong>Parking charges</strong>: (if applicable) will always be extra in both fare options.<br><strong>3️⃣ Travel Rules:</strong><br>The trip distance will be counted from the pickup location.<br>For round trips, the total kilometers will be calculated from pickup location to pickup location.<br>Sightseeing is allowed only in the cities mentioned in the booking.<br><strong>4️⃣ AC (Air Conditioner) Rules:</strong><br>AC will be turned off in hilly areas for safety reasons.<br><strong>5️⃣ Special Permits &amp; Other Terms:</strong><br>Some places like Rohtang Pass need a special permit, which the customer must arrange separately.<br>In case of any unexpected situation, the company has the right to change or cancel the booking.<br>6️⃣<strong> GST Applicable:</strong><br>GST (5%) is already calculated in the total fare.<br>7️⃣ <strong>Payment Terms:</strong><br><strong>1</strong>.⁠ ⁠Advance Booking: Pay<strong>&nbsp;10%</strong> of the total amount to confirm your booking.<br><strong>2.⁠</strong> ⁠Post Pickup Payment: Pay <strong>50% </strong>directly to the driver after pickup, which helps cover fuel and travel expenses.<br><strong>3.⁠</strong> ⁠Final Payment: The remaining&nbsp;<strong>40% </strong>should be paid to the driver at least<strong> 2 </strong>hours before the drop-off.</p>',NULL,NULL,'2025-01-08 17:10:46','2025-06-03 09:15:42',1800,50,'14','300',0,6,3,2,4,1,1,600,250.00),(7,'1743250344976-Maruti_Innova_Ertiga_SUV.png','Innova Crysta',20.00,1,1,1,'<p><strong>&nbsp; &nbsp; &nbsp; &nbsp; &nbsp; &nbsp; &nbsp; &nbsp; Taxi Safar – Booking Rules &nbsp;</strong></p><p><strong>1️⃣ What’s Included in the Fare:</strong><br>The fare includes vehicle and fuel charges.<br>Driver’s night stay and meals are covered.<br><strong>2️⃣ Fare Options &amp; Extra Charges&nbsp;</strong><br><strong>&nbsp; &nbsp; &nbsp; (One-Way &amp; Round Trip):</strong><br><strong>[A] \"Best Price\" Booking: </strong>Toll tax and state tax are not included and must be paid by the customer during the trip.<br><strong>[B] \"Inclusive Price\" Booking: </strong>Toll tax and state tax are already included, so no extra payment is needed.<br><strong>Parking charges</strong>: (if applicable) will always be extra in both fare options.<br><strong>3️⃣ Travel Rules:</strong><br>The trip distance will be counted from the pickup location.<br>For round trips, the total kilometers will be calculated from pickup location to pickup location.<br>Sightseeing is allowed only in the cities mentioned in the booking.<br><strong>4️⃣ AC (Air Conditioner) Rules:</strong><br>AC will be turned off in hilly areas for safety reasons.<br><strong>5️⃣ Special Permits &amp; Other Terms:</strong><br>Some places like Rohtang Pass need a special permit, which the customer must arrange separately.<br>In case of any unexpected situation, the company has the right to change or cancel the booking.<br>6️⃣<strong> GST Applicable:</strong><br>GST (5%) is already calculated in the total fare.<br>7️⃣ <strong>Payment Terms:</strong><br><strong>1</strong>.⁠ ⁠Advance Booking: Pay<strong>&nbsp;10%</strong> of the total amount to confirm your booking.<br><strong>2.⁠</strong> ⁠Post Pickup Payment: Pay <strong>50% </strong>directly to the driver after pickup, which helps cover fuel and travel expenses.<br><strong>3.⁠</strong> ⁠Final Payment: The remaining&nbsp;<strong>40% </strong>should be paid to the driver at least<strong> 2 </strong>hours before the drop-off.</p>',NULL,NULL,'2025-01-08 17:14:46','2025-06-03 09:13:52',4500,50,'19','500',0,6,3,3,4,1,1,350,350.00),(8,'1743250314000-Maruti_WagonR.png','Maruti WagonR ',12.00,1,1,1,'<p><strong>&nbsp; &nbsp; &nbsp; &nbsp; &nbsp; &nbsp; &nbsp; &nbsp;Taxi Safar – Booking Rules &nbsp;</strong><br><br><strong>1️⃣ What’s Included in the Fare:</strong><br>The fare includes vehicle and fuel charges.<br>Driver’s night stay and meals are covered.<br><strong>2️⃣ Fare Options &amp; Extra Charges&nbsp;</strong><br><strong>&nbsp; &nbsp; &nbsp; (One-Way &amp; Round Trip):</strong><br><strong>[A] \"Best Price\" Booking: </strong>Toll tax and state tax are not included and must be paid by the customer during the trip.<br><strong>[B] \"Inclusive Price\" Booking: </strong>Toll tax and state tax are already included, so no extra payment is needed.<br><strong>Parking charges</strong>: (if applicable) will always be extra in both fare options.<br><strong>3️⃣ Travel Rules:</strong><br>The trip distance will be counted from the pickup location.<br>For round trips, the total kilometers will be calculated from pickup location to pickup location.<br>Sightseeing is allowed only in the cities mentioned in the booking.<br><strong>4️⃣ AC (Air Conditioner) Rules:</strong><br>AC will be turned off in hilly areas for safety reasons.<br><strong>5️⃣ Special Permits &amp; Other Terms:</strong><br>Some places like Rohtang Pass need a special permit, which the customer must arrange separately.<br>In case of any unexpected situation, the company has the right to change or cancel the booking.<br>6️⃣<strong> GST Applicable:</strong><br>&nbsp;GST (5%) is already calculated in the total fare.<br>7️⃣ <strong>Payment Terms:</strong><br><strong>1</strong>.⁠ ⁠Advance Booking: Pay<strong>&nbsp;10%</strong> of the total amount to confirm your booking.<br><strong>2.⁠</strong> ⁠Post Pickup Payment: Pay <strong>50% </strong>directly to the driver after pickup, which helps cover fuel and travel expenses.<br><strong>3.⁠</strong> ⁠Final Payment: The remaining&nbsp;<strong>40% </strong>should be paid to the driver at least<strong> 2 </strong>hours before the drop-off.</p>',NULL,NULL,'2025-01-08 17:17:38','2025-06-09 13:42:22',1000,50,'10','250',0,4,2,2,4,1,1,180,200.00);
/*!40000 ALTER TABLE `Vehicles` ENABLE KEYS */;
UNLOCK TABLES;

--
-- Table structure for table `advance_payments`
--

DROP TABLE IF EXISTS `advance_payments`;
/*!40101 SET @saved_cs_client     = @@character_set_client */;
/*!50503 SET character_set_client = utf8mb4 */;
CREATE TABLE `advance_payments` (
  `id` int NOT NULL AUTO_INCREMENT,
  `percentage` float DEFAULT NULL,
  `createdBy` varchar(255) COLLATE utf8mb4_general_ci DEFAULT NULL,
  `updatedBy` varchar(255) COLLATE utf8mb4_general_ci DEFAULT NULL,
  `createdAt` datetime NOT NULL,
  `updatedAt` datetime NOT NULL,
  PRIMARY KEY (`id`)
) ENGINE=InnoDB AUTO_INCREMENT=2 DEFAULT CHARSET=utf8mb4 COLLATE=utf8mb4_general_ci;
/*!40101 SET character_set_client = @saved_cs_client */;

--
-- Dumping data for table `advance_payments`
--

LOCK TABLES `advance_payments` WRITE;
/*!40000 ALTER TABLE `advance_payments` DISABLE KEYS */;
INSERT INTO `advance_payments` VALUES (1,10,NULL,NULL,'2025-02-18 06:22:44','2025-02-24 02:02:57');
/*!40000 ALTER TABLE `advance_payments` ENABLE KEYS */;
UNLOCK TABLES;

--
-- Table structure for table `airport_pricings`
--

DROP TABLE IF EXISTS `airport_pricings`;
/*!40101 SET @saved_cs_client     = @@character_set_client */;
/*!50503 SET character_set_client = utf8mb4 */;
CREATE TABLE `airport_pricings` (
  `id` int NOT NULL AUTO_INCREMENT,
  `airport_id` int NOT NULL,
  `city_id` int NOT NULL,
  `vehicle_id` int NOT NULL,
  `price` varchar(255) COLLATE utf8mb4_general_ci NOT NULL,
  `createdBy` varchar(255) COLLATE utf8mb4_general_ci DEFAULT NULL,
  `updatedBy` varchar(255) COLLATE utf8mb4_general_ci DEFAULT NULL,
  `createdAt` datetime NOT NULL,
  `updatedAt` datetime NOT NULL,
  PRIMARY KEY (`id`),
  KEY `airport_id` (`airport_id`),
  CONSTRAINT `airport_pricings_ibfk_1` FOREIGN KEY (`airport_id`) REFERENCES `airports` (`id`) ON DELETE CASCADE ON UPDATE CASCADE
) ENGINE=InnoDB AUTO_INCREMENT=30 DEFAULT CHARSET=utf8mb4 COLLATE=utf8mb4_general_ci;
/*!40101 SET character_set_client = @saved_cs_client */;

--
-- Dumping data for table `airport_pricings`
--

LOCK TABLES `airport_pricings` WRITE;
/*!40000 ALTER TABLE `airport_pricings` DISABLE KEYS */;
INSERT INTO `airport_pricings` VALUES (5,3,19,8,'800',NULL,NULL,'2025-02-11 04:37:25','2025-05-16 10:54:57'),(6,3,19,3,'950',NULL,NULL,'2025-02-11 04:42:22','2025-05-16 10:54:57'),(7,3,19,5,'1250',NULL,NULL,'2025-02-11 04:42:22','2025-05-16 10:54:57'),(9,3,3,8,'1050',NULL,NULL,'2025-02-11 08:40:34','2025-05-16 10:54:57'),(10,3,3,3,'1250',NULL,NULL,'2025-02-11 08:40:34','2025-05-16 10:54:57'),(11,3,3,5,'1550',NULL,NULL,'2025-02-11 08:40:34','2025-05-16 10:54:57'),(12,3,17,8,'750',NULL,NULL,'2025-02-11 08:40:34','2025-05-16 10:54:57'),(13,3,17,3,'950',NULL,NULL,'2025-02-11 08:40:34','2025-05-16 10:54:57'),(14,3,17,5,'1450',NULL,NULL,'2025-02-11 08:40:34','2025-05-16 10:54:57'),(15,3,4,8,'1100',NULL,NULL,'2025-02-11 08:40:34','2025-05-16 10:54:57'),(16,3,4,3,'1350',NULL,NULL,'2025-02-11 08:40:34','2025-05-16 10:54:57'),(17,3,4,5,'1550',NULL,NULL,'2025-02-11 08:40:34','2025-05-16 10:54:57'),(18,3,16,8,'950',NULL,NULL,'2025-02-11 08:40:34','2025-05-16 10:54:57'),(19,3,16,3,'1150',NULL,NULL,'2025-02-11 08:40:34','2025-05-16 10:54:57'),(20,3,16,5,'1500',NULL,NULL,'2025-02-11 08:40:34','2025-05-16 10:54:57'),(21,3,2,8,'800',NULL,NULL,'2025-03-26 17:33:58','2025-05-16 10:54:57'),(22,3,2,3,'950',NULL,NULL,'2025-03-26 17:33:58','2025-05-16 10:54:57'),(23,3,2,5,'1050',NULL,NULL,'2025-03-26 17:33:58','2025-05-16 10:54:57');
/*!40000 ALTER TABLE `airport_pricings` ENABLE KEYS */;
UNLOCK TABLES;

--
-- Table structure for table `airports`
--

DROP TABLE IF EXISTS `airports`;
/*!40101 SET @saved_cs_client     = @@character_set_client */;
/*!50503 SET character_set_client = utf8mb4 */;
CREATE TABLE `airports` (
  `id` int NOT NULL AUTO_INCREMENT,
  `name` varchar(255) COLLATE utf8mb4_general_ci NOT NULL,
  `createdBy` varchar(255) COLLATE utf8mb4_general_ci DEFAULT NULL,
  `updatedBy` varchar(255) COLLATE utf8mb4_general_ci DEFAULT NULL,
  `createdAt` datetime NOT NULL,
  `updatedAt` datetime NOT NULL,
  PRIMARY KEY (`id`)
) ENGINE=InnoDB AUTO_INCREMENT=6 DEFAULT CHARSET=utf8mb4 COLLATE=utf8mb4_general_ci;
/*!40101 SET character_set_client = @saved_cs_client */;

--
-- Dumping data for table `airports`
--

LOCK TABLES `airports` WRITE;
/*!40000 ALTER TABLE `airports` DISABLE KEYS */;
INSERT INTO `airports` VALUES (3,'New Delhi IGI Airpot [ T1 , T2 , T3 ]',NULL,NULL,'2025-02-11 04:20:14','2025-03-26 17:45:52');
/*!40000 ALTER TABLE `airports` ENABLE KEYS */;
UNLOCK TABLES;

--
-- Table structure for table `booking_limits`
--

DROP TABLE IF EXISTS `booking_limits`;
/*!40101 SET @saved_cs_client     = @@character_set_client */;
/*!50503 SET character_set_client = utf8mb4 */;
CREATE TABLE `booking_limits` (
  `id` bigint NOT NULL AUTO_INCREMENT,
  `city_id` bigint NOT NULL,
  `vehicle_id` bigint NOT NULL,
  `limit_date` date DEFAULT NULL,
  `max_limit` int NOT NULL,
  `createdAt` datetime NOT NULL DEFAULT CURRENT_TIMESTAMP,
  `updatedAt` datetime NOT NULL DEFAULT CURRENT_TIMESTAMP,
  PRIMARY KEY (`id`),
  UNIQUE KEY `unique_booking_limit_per_city_vehicle_date` (`city_id`,`vehicle_id`,`limit_date`)
) ENGINE=InnoDB AUTO_INCREMENT=101 DEFAULT CHARSET=utf8mb4 COLLATE=utf8mb4_general_ci;
/*!40101 SET character_set_client = @saved_cs_client */;

--
-- Dumping data for table `booking_limits`
--

LOCK TABLES `booking_limits` WRITE;
/*!40000 ALTER TABLE `booking_limits` DISABLE KEYS */;
INSERT INTO `booking_limits` VALUES (1,6,8,'2025-05-15',30,'2025-05-15 18:16:39','2025-05-16 05:40:25'),(2,6,3,'1970-01-01',1,'2025-05-16 05:38:27','2025-05-16 05:40:25'),(3,6,5,'1970-01-14',2,'2025-05-16 05:38:35','2025-05-16 05:40:25'),(4,6,7,'2025-05-01',3,'2025-05-16 05:38:41','2025-05-16 05:40:25'),(5,6,8,'1970-01-03',4,'2025-05-16 05:38:48','2025-05-16 05:40:25'),(6,6,3,NULL,10,'2025-05-16 05:40:37','2025-05-16 05:40:37'),(7,6,5,NULL,10,'2025-05-16 05:40:44','2025-05-16 09:28:30'),(8,6,7,NULL,5,'2025-05-16 05:40:52','2025-05-16 09:28:30'),(9,6,8,NULL,10,'2025-05-16 05:40:59','2025-05-16 05:40:59'),(10,10,3,NULL,0,'2025-05-16 09:29:30','2025-05-16 09:29:30'),(11,10,5,NULL,0,'2025-05-16 09:29:50','2025-05-16 09:29:50'),(12,26,3,NULL,10,'2025-05-16 09:30:31','2025-05-16 09:30:31'),(13,11,3,NULL,10,'2025-05-16 09:30:45','2025-05-16 09:30:45'),(14,15,3,NULL,10,'2025-05-16 09:30:59','2025-05-16 09:34:23'),(15,10,7,NULL,0,'2025-05-16 09:31:20','2025-05-16 09:31:20'),(16,26,5,NULL,10,'2025-05-16 09:31:34','2025-05-16 09:32:24'),(17,26,7,NULL,3,'2025-05-16 09:31:48','2025-05-16 09:32:24'),(18,26,8,NULL,10,'2025-05-16 09:32:24','2025-05-16 09:32:24'),(19,11,5,NULL,10,'2025-05-16 09:33:05','2025-05-16 09:33:05'),(20,11,7,NULL,5,'2025-05-16 09:33:14','2025-05-16 09:33:35'),(21,11,8,NULL,10,'2025-05-16 09:33:35','2025-05-16 09:33:35'),(22,15,5,NULL,10,'2025-05-16 09:33:48','2025-05-16 09:34:23'),(23,15,7,NULL,5,'2025-05-16 09:33:57','2025-05-16 09:34:23'),(24,15,8,NULL,10,'2025-05-16 09:34:23','2025-05-16 09:34:23'),(25,2,3,NULL,15,'2025-05-16 09:34:34','2025-05-16 09:35:34'),(26,2,5,NULL,15,'2025-05-16 09:34:43','2025-05-16 09:35:34'),(27,2,7,NULL,10,'2025-05-16 09:34:54','2025-05-16 09:35:34'),(28,2,8,NULL,15,'2025-05-16 09:35:34','2025-05-16 09:35:34'),(29,16,3,NULL,10,'2025-05-16 09:35:42','2025-05-16 09:36:56'),(30,16,5,NULL,10,'2025-05-16 09:36:56','2025-05-16 09:36:56'),(31,16,7,NULL,5,'2025-05-16 09:37:03','2025-05-16 09:37:21'),(32,16,8,NULL,10,'2025-05-16 09:37:21','2025-05-16 09:37:21'),(33,9,3,NULL,0,'2025-05-16 09:37:37','2025-05-16 09:37:37'),(34,4,3,NULL,10,'2025-05-16 09:38:02','2025-05-16 09:38:02'),(35,4,5,NULL,10,'2025-05-16 09:38:10','2025-05-16 09:38:42'),(36,4,7,NULL,5,'2025-05-16 09:38:18','2025-05-16 09:38:42'),(37,4,8,NULL,10,'2025-05-16 09:38:42','2025-05-16 09:38:42'),(38,17,3,NULL,10,'2025-05-16 09:38:54','2025-05-16 09:39:29'),(39,17,5,NULL,10,'2025-05-16 09:39:00','2025-05-16 09:39:29'),(40,17,7,NULL,5,'2025-05-16 09:39:06','2025-05-16 09:39:29'),(41,17,8,NULL,10,'2025-05-16 09:39:29','2025-05-16 09:39:29'),(42,24,3,NULL,10,'2025-05-16 09:39:49','2025-05-16 09:40:36'),(43,24,5,NULL,10,'2025-05-16 09:39:59','2025-05-16 09:40:36'),(44,24,7,NULL,5,'2025-05-16 09:40:09','2025-05-16 09:40:36'),(45,24,8,NULL,10,'2025-05-16 09:40:36','2025-05-16 09:40:36'),(46,13,3,NULL,10,'2025-05-16 09:40:59','2025-05-16 09:42:42'),(47,13,5,NULL,10,'2025-05-16 09:41:46','2025-05-16 09:42:42'),(48,13,7,NULL,5,'2025-05-16 09:42:17','2025-05-16 09:43:04'),(49,13,8,NULL,5,'2025-05-16 09:42:42','2025-05-16 09:42:42'),(50,20,3,NULL,0,'2025-05-16 09:43:21','2025-05-16 09:43:21'),(51,5,3,NULL,10,'2025-05-16 09:44:06','2025-05-16 09:44:25'),(52,5,5,NULL,10,'2025-05-16 09:44:25','2025-05-16 09:44:25'),(53,5,7,NULL,3,'2025-05-16 09:44:52','2025-05-16 09:44:52'),(54,5,8,NULL,5,'2025-05-16 09:45:15','2025-05-16 09:45:15'),(55,21,3,NULL,0,'2025-05-16 09:45:47','2025-05-16 09:45:47'),(56,12,3,NULL,10,'2025-05-16 09:46:08','2025-05-16 09:46:08'),(57,12,5,NULL,10,'2025-05-16 09:46:25','2025-05-16 09:46:25'),(58,12,7,NULL,5,'2025-05-16 09:46:43','2025-05-16 09:46:43'),(59,12,8,NULL,5,'2025-05-16 09:47:08','2025-05-16 09:47:08'),(60,7,3,NULL,5,'2025-05-16 09:47:47','2025-05-16 09:48:23'),(61,7,5,NULL,5,'2025-05-16 09:48:23','2025-05-16 09:48:23'),(62,7,7,NULL,2,'2025-05-16 09:48:39','2025-05-16 09:48:39'),(63,7,8,NULL,5,'2025-05-16 09:48:58','2025-05-16 09:48:58'),(64,19,3,NULL,10,'2025-05-16 09:49:13','2025-05-16 09:50:19'),(65,19,5,NULL,10,'2025-05-16 09:49:40','2025-05-16 09:50:19'),(66,19,7,NULL,5,'2025-05-16 09:49:49','2025-05-16 09:50:19'),(67,19,8,NULL,10,'2025-05-16 09:50:19','2025-05-16 09:50:19'),(68,3,3,NULL,10,'2025-05-16 09:50:45','2025-05-16 09:50:45'),(69,3,5,NULL,10,'2025-05-16 09:51:09','2025-05-16 09:51:09'),(70,3,7,NULL,5,'2025-05-16 09:51:23','2025-05-16 09:51:23'),(71,3,8,NULL,5,'2025-05-16 09:51:40','2025-05-16 09:51:40'),(72,27,3,NULL,5,'2025-05-16 09:51:55','2025-05-16 09:52:42'),(73,27,5,NULL,5,'2025-05-16 09:52:42','2025-05-16 09:52:42'),(74,27,7,NULL,2,'2025-05-16 09:53:03','2025-05-16 09:53:03'),(75,27,8,NULL,5,'2025-05-16 09:53:19','2025-05-16 09:53:19'),(76,25,3,NULL,5,'2025-05-16 09:53:53','2025-05-16 09:53:53'),(77,25,5,NULL,5,'2025-05-16 09:54:06','2025-05-16 09:54:06'),(78,25,7,NULL,2,'2025-05-16 09:54:19','2025-05-16 09:55:05'),(79,14,3,NULL,5,'2025-05-16 09:54:39','2025-05-16 09:54:39'),(80,25,8,NULL,5,'2025-05-16 09:55:05','2025-05-16 09:55:05'),(81,14,5,NULL,5,'2025-05-16 09:55:57','2025-05-16 09:55:57'),(82,14,7,NULL,5,'2025-05-16 09:56:11','2025-05-16 09:56:11'),(83,14,8,NULL,5,'2025-05-16 09:56:27','2025-05-16 09:56:27'),(84,8,3,NULL,5,'2025-05-16 09:56:55','2025-05-16 09:56:55'),(85,8,5,NULL,5,'2025-05-16 09:57:09','2025-05-16 09:57:09'),(86,8,7,NULL,2,'2025-05-16 09:57:25','2025-05-16 09:57:25'),(87,8,8,NULL,5,'2025-05-16 09:57:44','2025-05-16 09:57:44'),(88,28,3,NULL,5,'2025-05-16 09:58:09','2025-05-16 09:58:09'),(89,28,5,NULL,5,'2025-05-16 09:58:23','2025-05-16 09:58:23'),(90,28,7,NULL,2,'2025-05-16 09:58:39','2025-05-16 09:58:39'),(91,28,8,NULL,2,'2025-05-16 09:58:55','2025-05-16 09:58:55'),(92,29,3,NULL,5,'2025-05-16 12:27:43','2025-05-16 12:28:25'),(93,29,5,NULL,5,'2025-05-16 12:27:48','2025-05-16 12:28:25'),(94,29,7,NULL,2,'2025-05-16 12:27:56','2025-05-16 12:28:25'),(95,29,8,NULL,5,'2025-05-16 12:28:25','2025-05-16 12:28:25'),(96,10,8,NULL,0,'2025-05-16 12:31:42','2025-05-16 12:31:42'),(97,30,8,NULL,10,'2025-06-17 14:35:42','2025-06-17 14:35:42'),(98,30,7,NULL,5,'2025-06-17 14:35:42','2025-06-17 14:35:42'),(99,30,5,NULL,10,'2025-06-17 14:35:42','2025-06-17 14:35:42'),(100,30,3,NULL,10,'2025-06-17 14:35:42','2025-06-17 14:35:42');
/*!40000 ALTER TABLE `booking_limits` ENABLE KEYS */;
UNLOCK TABLES;

--
-- Table structure for table `cities`
--

DROP TABLE IF EXISTS `cities`;
/*!40101 SET @saved_cs_client     = @@character_set_client */;
/*!50503 SET character_set_client = utf8mb4 */;
CREATE TABLE `cities` (
  `id` int NOT NULL AUTO_INCREMENT,
  `name` varchar(255) COLLATE utf8mb4_general_ci NOT NULL,
  `createdBy` varchar(255) COLLATE utf8mb4_general_ci DEFAULT NULL,
  `updatedBy` varchar(255) COLLATE utf8mb4_general_ci DEFAULT NULL,
  `createdAt` datetime NOT NULL,
  `updatedAt` datetime NOT NULL,
  `airport_id` int DEFAULT NULL,
  `distance` varchar(255) COLLATE utf8mb4_general_ci DEFAULT NULL,
  `hotel` tinyint(1) NOT NULL DEFAULT '0',
  PRIMARY KEY (`id`)
) ENGINE=InnoDB AUTO_INCREMENT=31 DEFAULT CHARSET=utf8mb4 COLLATE=utf8mb4_general_ci;
/*!40101 SET character_set_client = @saved_cs_client */;

--
-- Dumping data for table `cities`
--

LOCK TABLES `cities` WRITE;
/*!40000 ALTER TABLE `cities` DISABLE KEYS */;
INSERT INTO `cities` VALUES (2,'Delhi',NULL,NULL,'2025-01-31 04:44:22','2025-02-11 08:48:01',3,'20',0),(3,'Noida Uttar Pradesh',NULL,NULL,'2025-01-31 04:44:30','2025-02-11 04:30:54',3,'30',0),(4,'Greater Noida Uttar Pradesh',NULL,NULL,'2025-02-05 07:58:22','2025-02-24 02:01:37',3,'40',0),(5,'Jaipur Rajasthan',NULL,NULL,'2025-02-05 07:59:41','2025-05-16 09:45:28',NULL,'0',0),(6,'Agra Uttar Pradesh',NULL,NULL,'2025-02-05 08:00:07','2025-05-16 09:31:13',NULL,'0',0),(7,'Mathura Uttar Pradesh',NULL,NULL,'2025-02-05 08:00:21','2025-05-16 10:42:41',NULL,'0',0),(8,'Vrindavan Uttar Pradesh',NULL,NULL,'2025-02-05 08:01:05','2025-05-16 10:44:04',NULL,'0',0),(9,'Govardhan Uttar Pradesh',NULL,NULL,'2025-02-05 08:01:37','2025-05-16 09:37:37',NULL,'0',0),(10,'Barasana Uttar Pradesh',NULL,NULL,'2025-02-05 08:01:52','2025-05-16 12:31:42',NULL,'0',0),(11,'Chandigarh ',NULL,NULL,'2025-02-05 08:02:51','2025-05-16 12:44:39',NULL,'0',0),(12,'Luchnow Uttar Pradesh',NULL,NULL,'2025-02-05 08:03:25','2025-05-16 09:47:32',NULL,'0',0),(13,'Haridwar Uttarakhand',NULL,NULL,'2025-02-05 08:06:43','2025-05-16 09:43:37',NULL,'0',0),(14,'Rishikesh Uttarakhand',NULL,NULL,'2025-02-05 08:07:20','2025-05-16 10:43:19',NULL,'0',0),(15,'Dehradun Uttarakhand',NULL,NULL,'2025-02-05 08:08:04','2025-05-16 09:36:17',NULL,'0',0),(16,'Faridabad Haryana',NULL,NULL,'2025-02-05 08:08:37','2025-02-11 08:30:37',3,'30',0),(17,'Gurugram Haryana',NULL,NULL,'2025-02-05 08:10:51','2025-02-11 08:31:23',3,'20',0),(19,'New Delhi',NULL,NULL,'2025-02-11 04:38:55','2025-02-11 04:38:55',3,'20',0),(20,'Jaipur City',NULL,NULL,'2025-03-26 17:50:05','2025-05-16 09:43:21',NULL,'0',0),(21,'Kukas Jaipur',NULL,NULL,'2025-03-26 17:52:39','2025-05-16 09:45:47',NULL,'0',0),(24,'Haldwani',NULL,NULL,'2025-05-08 10:57:53','2025-05-16 09:42:01',NULL,'0',0),(25,'Ramnagar Uttrakhand',NULL,NULL,'2025-05-13 04:35:02','2025-05-16 09:55:33',NULL,'0',0),(26,'Bareilly ',NULL,NULL,'2025-05-13 18:05:54','2025-06-18 05:40:26',NULL,'0',0),(27,'Panchkula ',NULL,NULL,'2025-05-14 00:21:55','2025-05-16 10:34:40',NULL,'0',0),(28,'Zirakpur',NULL,NULL,'2025-05-14 00:44:10','2025-05-16 09:59:12',NULL,'0',0),(30,'Ghaziabad UP ',NULL,NULL,'2025-06-17 14:18:58','2025-06-17 14:45:47',NULL,'0',0);
/*!40000 ALTER TABLE `cities` ENABLE KEYS */;
UNLOCK TABLES;

--
-- Table structure for table `dham_categories`
--

DROP TABLE IF EXISTS `dham_categories`;
/*!40101 SET @saved_cs_client     = @@character_set_client */;
/*!50503 SET character_set_client = utf8mb4 */;
CREATE TABLE `dham_categories` (
  `id` int NOT NULL AUTO_INCREMENT,
  `name` varchar(255) COLLATE utf8mb4_general_ci DEFAULT NULL,
  `createdBy` varchar(255) COLLATE utf8mb4_general_ci DEFAULT NULL,
  `updatedBy` varchar(255) COLLATE utf8mb4_general_ci DEFAULT NULL,
  `createdAt` datetime NOT NULL,
  `updatedAt` datetime NOT NULL,
  PRIMARY KEY (`id`)
) ENGINE=InnoDB AUTO_INCREMENT=4 DEFAULT CHARSET=utf8mb4 COLLATE=utf8mb4_general_ci;
/*!40101 SET character_set_client = @saved_cs_client */;

--
-- Dumping data for table `dham_categories`
--

LOCK TABLES `dham_categories` WRITE;
/*!40000 ALTER TABLE `dham_categories` DISABLE KEYS */;
INSERT INTO `dham_categories` VALUES (1,'1 Dham',NULL,NULL,'2025-02-24 02:04:46','2025-06-05 11:40:27'),(2,'2 Dham',NULL,NULL,'2025-02-24 02:05:04','2025-06-05 11:37:19'),(3,'4 Dham',NULL,NULL,'2025-02-24 02:05:18','2025-06-05 11:40:21');
/*!40000 ALTER TABLE `dham_categories` ENABLE KEYS */;
UNLOCK TABLES;

--
-- Table structure for table `dham_package_routes`
--

DROP TABLE IF EXISTS `dham_package_routes`;
/*!40101 SET @saved_cs_client     = @@character_set_client */;
/*!50503 SET character_set_client = utf8mb4 */;
CREATE TABLE `dham_package_routes` (
  `id` int NOT NULL AUTO_INCREMENT,
  `dham_package_id` int NOT NULL,
  `place_name` varchar(255) COLLATE utf8mb4_general_ci NOT NULL,
  `place_id` varchar(255) COLLATE utf8mb4_general_ci NOT NULL,
  `createdBy` varchar(255) COLLATE utf8mb4_general_ci DEFAULT NULL,
  `updatedBy` varchar(255) COLLATE utf8mb4_general_ci DEFAULT NULL,
  `createdAt` datetime NOT NULL,
  `updatedAt` datetime NOT NULL,
  PRIMARY KEY (`id`),
  KEY `dham_package_id` (`dham_package_id`),
  CONSTRAINT `dham_package_routes_ibfk_1` FOREIGN KEY (`dham_package_id`) REFERENCES `dham_packages` (`id`) ON DELETE CASCADE ON UPDATE CASCADE
) ENGINE=InnoDB AUTO_INCREMENT=15 DEFAULT CHARSET=utf8mb4 COLLATE=utf8mb4_general_ci;
/*!40101 SET character_set_client = @saved_cs_client */;

--
-- Dumping data for table `dham_package_routes`
--

LOCK TABLES `dham_package_routes` WRITE;
/*!40000 ALTER TABLE `dham_package_routes` DISABLE KEYS */;
/*!40000 ALTER TABLE `dham_package_routes` ENABLE KEYS */;
UNLOCK TABLES;

--
-- Table structure for table `dham_packages`
--

DROP TABLE IF EXISTS `dham_packages`;
/*!40101 SET @saved_cs_client     = @@character_set_client */;
/*!50503 SET character_set_client = utf8mb4 */;
CREATE TABLE `dham_packages` (
  `id` int NOT NULL AUTO_INCREMENT,
  `name` varchar(255) COLLATE utf8mb4_general_ci DEFAULT NULL,
  `createdBy` varchar(255) COLLATE utf8mb4_general_ci DEFAULT NULL,
  `updatedBy` varchar(255) COLLATE utf8mb4_general_ci DEFAULT NULL,
  `createdAt` datetime NOT NULL,
  `updatedAt` datetime NOT NULL,
  `image` varchar(255) COLLATE utf8mb4_general_ci DEFAULT NULL,
  `dham_category_id` int DEFAULT NULL,
  `distance` varchar(255) COLLATE utf8mb4_general_ci DEFAULT NULL,
  PRIMARY KEY (`id`)
) ENGINE=InnoDB AUTO_INCREMENT=22 DEFAULT CHARSET=utf8mb4 COLLATE=utf8mb4_general_ci;
/*!40101 SET character_set_client = @saved_cs_client */;

--
-- Dumping data for table `dham_packages`
--

LOCK TABLES `dham_packages` WRITE;
/*!40000 ALTER TABLE `dham_packages` DISABLE KEYS */;
INSERT INTO `dham_packages` VALUES (11,'Yamunotri ',NULL,NULL,'2025-03-04 13:28:20','2025-03-26 15:55:48','1741094900597-666.jpeg',1,''),(12,'Gangotri ',NULL,NULL,'2025-03-04 13:29:00','2025-03-26 15:54:22','1741094940676-666.jpeg',1,''),(13,'Kedarnath ',NULL,NULL,'2025-03-04 13:29:48','2025-03-26 15:55:08','1741094988878-666.jpeg',1,''),(14,'Badrinath',NULL,NULL,'2025-03-04 13:30:53','2025-04-01 13:54:43','1741095053273-666.jpeg',1,''),(15,'Kedarnath  , Badrinath ',NULL,NULL,'2025-03-04 13:33:12','2025-03-26 15:55:39','1741095192319-666.jpeg',2,''),(16,'Yamunotri  , Gangotri ',NULL,NULL,'2025-03-04 13:34:44','2025-03-26 15:56:05','1741095284873-666.jpeg',2,''),(17,'Yamunotri, Kedaenath',NULL,NULL,'2025-03-04 13:35:30','2025-03-26 15:56:57','1741095330790-666.jpeg',2,''),(18,'Yamunotri ,  Badriath',NULL,NULL,'2025-03-04 13:36:35','2025-04-16 09:36:44','1741095395764-666.jpeg',2,''),(19,'Gangotri  , Kedarnath ',NULL,NULL,'2025-03-04 13:37:20','2025-03-26 15:54:55','1741095440058-666.jpeg',2,''),(20,'Gangotri  , Badrinath ',NULL,NULL,'2025-03-04 13:38:06','2025-03-26 15:54:45','1741095486370-666.jpeg',2,''),(21,'Yamunotri  , Gangotri   Kedarnath  , Badrinath',NULL,NULL,'2025-03-04 13:39:51','2025-03-26 15:56:33','1741095591042-666.jpeg',3,'');
/*!40000 ALTER TABLE `dham_packages` ENABLE KEYS */;
UNLOCK TABLES;

--
-- Table structure for table `dham_pickup_cities`
--

DROP TABLE IF EXISTS `dham_pickup_cities`;
/*!40101 SET @saved_cs_client     = @@character_set_client */;
/*!50503 SET character_set_client = utf8mb4 */;
CREATE TABLE `dham_pickup_cities` (
  `id` int NOT NULL AUTO_INCREMENT,
  `dham_package_id` int NOT NULL,
  `name` varchar(255) COLLATE utf8mb4_general_ci NOT NULL,
  `createdBy` varchar(255) COLLATE utf8mb4_general_ci DEFAULT NULL,
  `updatedBy` varchar(255) COLLATE utf8mb4_general_ci DEFAULT NULL,
  `createdAt` datetime NOT NULL,
  `updatedAt` datetime NOT NULL,
  `days` int DEFAULT NULL,
  PRIMARY KEY (`id`),
  KEY `dham_package_id` (`dham_package_id`),
  CONSTRAINT `dham_pickup_cities_ibfk_1` FOREIGN KEY (`dham_package_id`) REFERENCES `dham_packages` (`id`) ON DELETE CASCADE ON UPDATE CASCADE
) ENGINE=InnoDB AUTO_INCREMENT=162 DEFAULT CHARSET=utf8mb4 COLLATE=utf8mb4_general_ci;
/*!40101 SET character_set_client = @saved_cs_client */;

--
-- Dumping data for table `dham_pickup_cities`
--

LOCK TABLES `dham_pickup_cities` WRITE;
/*!40000 ALTER TABLE `dham_pickup_cities` DISABLE KEYS */;
INSERT INTO `dham_pickup_cities` VALUES (46,12,'New Delhi',NULL,NULL,'2025-03-04 16:14:34','2025-03-26 15:54:22',5),(65,12,'Haridwar UK',NULL,NULL,'2025-03-04 16:23:11','2025-03-26 15:54:22',3),(66,12,'Rishikesh UK',NULL,NULL,'2025-03-04 16:23:11','2025-03-26 15:54:22',3),(67,12,'Dehradun UK',NULL,NULL,'2025-03-04 16:23:11','2025-03-26 15:54:22',3),(68,13,'New Delhi ',NULL,NULL,'2025-03-04 16:41:43','2025-03-26 15:55:08',6),(87,13,'Haridwar',NULL,NULL,'2025-03-04 16:54:44','2025-03-26 15:55:08',4),(88,13,'Rishikesh UK',NULL,NULL,'2025-03-04 16:54:44','2025-03-26 15:55:08',4),(89,13,'Dehradun UK',NULL,NULL,'2025-03-04 16:54:44','2025-03-26 15:55:08',4),(90,14,'New Delhi ',NULL,NULL,'2025-03-04 16:58:58','2025-04-01 13:54:43',5),(109,14,'Haridwar',NULL,NULL,'2025-03-04 17:03:01','2025-04-01 13:54:43',3),(110,14,'Rishikesh UK',NULL,NULL,'2025-03-04 17:03:01','2025-04-01 13:54:43',3),(111,14,'Dehradun UK',NULL,NULL,'2025-03-04 17:03:01','2025-04-01 13:54:43',3),(112,20,'New Delhi ',NULL,NULL,'2025-03-05 10:29:23','2025-03-26 15:54:45',8),(131,20,'Haridwar UK',NULL,NULL,'2025-03-05 10:43:13','2025-03-26 15:54:45',6),(132,20,'Rishikesh UK',NULL,NULL,'2025-03-05 10:43:13','2025-03-26 15:54:45',6),(133,20,'Dehradun UK',NULL,NULL,'2025-03-05 10:43:13','2025-03-26 15:54:45',6),(134,21,'New Delhi',NULL,NULL,'2025-03-06 13:55:56','2025-03-26 15:56:33',12),(135,21,'Haridwar',NULL,NULL,'2025-03-06 14:44:02','2025-03-26 15:56:33',10),(136,21,'Rishikesh',NULL,NULL,'2025-03-06 14:44:02','2025-03-26 15:56:33',10),(137,21,'Dehradun',NULL,NULL,'2025-03-06 14:44:02','2025-03-26 15:56:33',10),(138,15,'New Delhi',NULL,NULL,'2025-03-06 15:09:40','2025-03-26 15:55:39',7),(139,16,'New Delhi ',NULL,NULL,'2025-03-06 15:17:28','2025-03-26 15:56:05',7),(140,11,'New Delhi',NULL,NULL,'2025-03-06 16:11:40','2025-03-26 15:55:48',5),(141,19,'New Delhi',NULL,NULL,'2025-03-10 16:04:07','2025-03-26 15:54:55',8),(142,19,'Dehradun UK',NULL,NULL,'2025-03-10 16:04:07','2025-03-26 15:54:55',6),(143,19,'Haridwar UK',NULL,NULL,'2025-03-10 16:04:07','2025-03-26 15:54:55',6),(144,19,'Rishikesh UK',NULL,NULL,'2025-03-10 16:04:07','2025-03-26 15:54:55',6),(145,15,'Dehradun UK',NULL,NULL,'2025-03-10 16:06:31','2025-03-26 15:55:39',6),(146,15,'Haridwar UK',NULL,NULL,'2025-03-10 16:06:31','2025-03-26 15:55:39',6),(147,15,'Rishikesh UK',NULL,NULL,'2025-03-10 16:06:31','2025-03-26 15:55:39',6),(148,11,'Dehradun UK',NULL,NULL,'2025-03-10 16:07:46','2025-03-26 15:55:48',3),(149,11,'Haridwar UK ',NULL,NULL,'2025-03-10 16:07:46','2025-03-26 15:55:48',3),(150,11,'Rishikesh UK',NULL,NULL,'2025-03-10 16:07:46','2025-03-26 15:55:48',3),(151,16,'Dehradun UK',NULL,NULL,'2025-03-10 16:08:50','2025-03-26 15:56:05',6),(152,16,'Haridwar UK ',NULL,NULL,'2025-03-10 16:08:50','2025-03-26 15:56:05',6),(153,16,'Rishikesh ',NULL,NULL,'2025-03-10 16:08:50','2025-03-26 15:56:05',6),(154,17,'New Delhi ',NULL,NULL,'2025-03-10 16:10:52','2025-03-26 15:56:57',8),(155,17,'Dehradun UK ',NULL,NULL,'2025-03-10 16:10:52','2025-03-26 15:56:57',7),(156,17,'Haridwar UK ',NULL,NULL,'2025-03-10 16:10:52','2025-03-26 15:56:57',7),(157,17,'Rishikesh UK',NULL,NULL,'2025-03-10 16:10:52','2025-03-26 15:56:57',7),(158,18,'New Delhi ',NULL,NULL,'2025-03-10 16:12:32','2025-04-16 09:36:44',8),(159,18,'Dehradun UK',NULL,NULL,'2025-03-10 16:12:32','2025-04-16 09:36:44',7),(160,18,'Haridwar UK',NULL,NULL,'2025-03-10 16:12:32','2025-04-16 09:36:45',7),(161,18,'Rishikesh UK',NULL,NULL,'2025-03-10 16:12:32','2025-04-16 09:36:45',7);
/*!40000 ALTER TABLE `dham_pickup_cities` ENABLE KEYS */;
UNLOCK TABLES;

--
-- Table structure for table `dham_pricings`
--

DROP TABLE IF EXISTS `dham_pricings`;
/*!40101 SET @saved_cs_client     = @@character_set_client */;
/*!50503 SET character_set_client = utf8mb4 */;
CREATE TABLE `dham_pricings` (
  `id` int NOT NULL AUTO_INCREMENT,
  `dham_pickup_city_id` int NOT NULL,
  `vehicle_id` int NOT NULL,
  `price` varchar(255) COLLATE utf8mb4_general_ci NOT NULL,
  `createdBy` varchar(255) COLLATE utf8mb4_general_ci DEFAULT NULL,
  `updatedBy` varchar(255) COLLATE utf8mb4_general_ci DEFAULT NULL,
  `createdAt` datetime NOT NULL,
  `updatedAt` datetime NOT NULL,
  `discount` float NOT NULL DEFAULT '0',
  PRIMARY KEY (`id`),
  KEY `dham_pickup_city_id` (`dham_pickup_city_id`),
  CONSTRAINT `dham_pricings_ibfk_1` FOREIGN KEY (`dham_pickup_city_id`) REFERENCES `dham_pickup_cities` (`id`) ON DELETE CASCADE ON UPDATE CASCADE
) ENGINE=InnoDB AUTO_INCREMENT=357 DEFAULT CHARSET=utf8mb4 COLLATE=utf8mb4_general_ci;
/*!40101 SET character_set_client = @saved_cs_client */;

--
-- Dumping data for table `dham_pricings`
--

LOCK TABLES `dham_pricings` WRITE;
/*!40000 ALTER TABLE `dham_pricings` DISABLE KEYS */;
INSERT INTO `dham_pricings` VALUES (138,46,3,'22500',NULL,NULL,'2025-03-04 19:00:21','2025-03-26 15:54:22',10),(139,46,5,'27500',NULL,NULL,'2025-03-04 19:00:21','2025-03-26 15:54:22',10),(140,46,7,'30000',NULL,NULL,'2025-03-04 19:00:21','2025-03-26 15:54:22',5),(174,65,3,'13500',NULL,NULL,'2025-03-05 10:04:19','2025-03-26 15:54:22',11),(175,65,5,'16500',NULL,NULL,'2025-03-05 10:04:19','2025-03-26 15:54:22',18),(176,65,7,'18000',NULL,NULL,'2025-03-05 10:04:19','2025-03-26 15:54:22',5),(177,66,3,'13500',NULL,NULL,'2025-03-05 10:04:19','2025-03-26 15:54:22',11),(178,66,5,'16500',NULL,NULL,'2025-03-05 10:04:19','2025-03-26 15:54:22',18),(179,66,7,'18000',NULL,NULL,'2025-03-05 10:04:19','2025-03-26 15:54:22',5),(180,67,3,'13500',NULL,NULL,'2025-03-05 10:04:19','2025-03-26 15:54:22',11),(181,67,5,'16500',NULL,NULL,'2025-03-05 10:04:19','2025-03-26 15:54:22',18),(182,67,7,'18000',NULL,NULL,'2025-03-05 10:04:19','2025-03-26 15:54:22',5),(183,68,3,'27000',NULL,NULL,'2025-03-05 10:05:39','2025-03-26 15:55:08',10),(184,68,5,'33000',NULL,NULL,'2025-03-05 10:05:39','2025-03-26 15:55:08',10),(185,68,7,'36000',NULL,NULL,'2025-03-05 10:05:39','2025-03-26 15:55:08',5),(207,87,3,'18000',NULL,NULL,'2025-03-05 10:11:22','2025-03-26 15:55:08',11),(208,87,5,'22000',NULL,NULL,'2025-03-05 10:11:22','2025-03-26 15:55:08',18),(209,87,7,'24000',NULL,NULL,'2025-03-05 10:11:22','2025-03-26 15:55:08',5),(210,88,3,'18000',NULL,NULL,'2025-03-05 10:11:22','2025-03-26 15:55:08',11),(211,88,5,'22000',NULL,NULL,'2025-03-05 10:11:22','2025-03-26 15:55:08',18),(212,88,7,'24000',NULL,NULL,'2025-03-05 10:11:22','2025-03-26 15:55:08',5),(213,89,3,'18000',NULL,NULL,'2025-03-05 10:11:22','2025-03-26 15:55:08',11),(214,89,5,'22000',NULL,NULL,'2025-03-05 10:11:22','2025-03-26 15:55:08',18),(215,89,7,'24000',NULL,NULL,'2025-03-05 10:11:22','2025-03-26 15:55:08',5),(216,90,3,'22500',NULL,NULL,'2025-03-05 10:18:37','2025-04-01 13:54:43',10),(217,90,5,'27500',NULL,NULL,'2025-03-05 10:18:37','2025-04-01 13:54:43',10),(218,90,7,'30000',NULL,NULL,'2025-03-05 10:18:37','2025-04-01 13:54:43',5),(240,109,3,'13500',NULL,NULL,'2025-03-05 10:18:38','2025-04-01 13:54:43',11),(241,109,5,'16500',NULL,NULL,'2025-03-05 10:18:38','2025-04-01 13:54:43',18),(242,109,7,'18000',NULL,NULL,'2025-03-05 10:18:38','2025-04-01 13:54:43',5),(243,110,3,'13500',NULL,NULL,'2025-03-05 10:18:38','2025-04-01 13:54:43',11),(244,110,5,'16500',NULL,NULL,'2025-03-05 10:18:38','2025-04-01 13:54:43',18),(245,110,7,'18000',NULL,NULL,'2025-03-05 10:18:38','2025-04-01 13:54:43',5),(246,111,3,'13500',NULL,NULL,'2025-03-05 10:18:38','2025-04-01 13:54:43',11),(247,111,5,'16500',NULL,NULL,'2025-03-05 10:18:38','2025-04-01 13:54:43',18),(248,111,7,'18000',NULL,NULL,'2025-03-05 10:18:38','2025-04-01 13:54:43',5),(261,134,3,'54000',NULL,NULL,'2025-03-06 13:55:56','2025-03-26 15:56:33',10),(262,134,5,'60000',NULL,NULL,'2025-03-06 13:55:56','2025-03-26 15:56:33',10),(263,134,7,'72000',NULL,NULL,'2025-03-06 13:55:56','2025-03-26 15:56:33',5),(264,135,3,'40000',NULL,NULL,'2025-03-06 14:44:02','2025-03-26 15:56:33',11),(265,135,5,'45000',NULL,NULL,'2025-03-06 14:44:02','2025-03-26 15:56:33',18),(266,135,7,'55000',NULL,NULL,'2025-03-06 14:44:02','2025-03-26 15:56:33',5),(267,136,3,'40000',NULL,NULL,'2025-03-06 14:44:02','2025-03-26 15:56:33',11),(268,136,5,'45000',NULL,NULL,'2025-03-06 14:44:02','2025-03-26 15:56:33',18),(269,136,7,'55000',NULL,NULL,'2025-03-06 14:44:02','2025-03-26 15:56:33',5),(270,137,3,'40000',NULL,NULL,'2025-03-06 14:44:02','2025-03-26 15:56:33',11),(271,137,5,'45000',NULL,NULL,'2025-03-06 14:44:02','2025-03-26 15:56:33',18),(272,137,7,'55000',NULL,NULL,'2025-03-06 14:44:02','2025-03-26 15:56:33',5),(273,138,3,'31500',NULL,NULL,'2025-03-06 15:09:40','2025-03-26 15:55:39',10),(274,138,5,'38500',NULL,NULL,'2025-03-06 15:09:40','2025-03-26 15:55:39',10),(275,138,7,'42000',NULL,NULL,'2025-03-06 15:09:40','2025-03-26 15:55:39',5),(276,139,3,'31500',NULL,NULL,'2025-03-06 15:17:28','2025-03-26 15:56:05',10),(277,139,5,'38500',NULL,NULL,'2025-03-06 15:17:28','2025-03-26 15:56:05',10),(278,139,7,'42000',NULL,NULL,'2025-03-06 15:17:28','2025-03-26 15:56:05',5),(279,140,3,'22500',NULL,NULL,'2025-03-06 16:11:40','2025-03-26 15:55:48',10),(280,140,5,'27500',NULL,NULL,'2025-03-06 16:11:40','2025-03-26 15:55:48',10),(281,140,7,'30000',NULL,NULL,'2025-03-06 16:11:40','2025-03-26 15:55:48',5),(282,148,3,'13500',NULL,NULL,'2025-03-22 06:43:56','2025-03-26 15:55:48',11),(283,148,5,'16500',NULL,NULL,'2025-03-22 06:43:56','2025-03-26 15:55:48',18),(284,148,7,'18000',NULL,NULL,'2025-03-22 06:43:56','2025-03-26 15:55:48',5),(285,149,3,'13500',NULL,NULL,'2025-03-22 10:27:45','2025-03-26 15:55:48',11),(286,149,5,'16500',NULL,NULL,'2025-03-22 10:27:45','2025-03-26 15:55:48',18),(287,149,7,'18000',NULL,NULL,'2025-03-22 10:27:45','2025-03-26 15:55:48',5),(288,150,3,'18000',NULL,NULL,'2025-03-22 10:27:45','2025-03-26 15:55:48',11),(289,150,5,'20000',NULL,NULL,'2025-03-22 10:27:45','2025-03-26 15:55:48',18),(290,150,7,'24000',NULL,NULL,'2025-03-22 10:27:45','2025-03-26 15:55:48',5),(291,112,3,'36000',NULL,NULL,'2025-03-22 12:16:21','2025-03-26 15:54:45',10),(292,112,5,'44000',NULL,NULL,'2025-03-22 12:16:21','2025-03-26 15:54:45',10),(293,112,7,'48000',NULL,NULL,'2025-03-22 12:16:21','2025-03-26 15:54:45',5),(294,131,3,'27000',NULL,NULL,'2025-03-22 12:16:21','2025-03-26 15:54:45',11),(295,131,5,'33000',NULL,NULL,'2025-03-22 12:16:21','2025-03-26 15:54:45',18),(296,131,7,'36000',NULL,NULL,'2025-03-22 12:16:21','2025-03-26 15:54:45',5),(297,132,3,'27000',NULL,NULL,'2025-03-22 12:16:21','2025-03-26 15:54:45',11),(298,132,5,'33000',NULL,NULL,'2025-03-22 12:16:21','2025-03-26 15:54:45',18),(299,132,7,'36000',NULL,NULL,'2025-03-22 12:16:21','2025-03-26 15:54:45',5),(300,133,3,'27000',NULL,NULL,'2025-03-22 12:16:21','2025-03-26 15:54:46',11),(301,133,5,'33000',NULL,NULL,'2025-03-22 12:16:21','2025-03-26 15:54:46',18),(302,133,7,'36000',NULL,NULL,'2025-03-22 12:16:21','2025-03-26 15:54:46',5),(303,141,3,'36000',NULL,NULL,'2025-03-22 14:06:54','2025-03-26 15:54:55',10),(304,141,5,'44000',NULL,NULL,'2025-03-22 14:06:54','2025-03-26 15:54:55',10),(305,141,7,'48000',NULL,NULL,'2025-03-22 14:06:54','2025-03-26 15:54:55',5),(306,142,3,'27000',NULL,NULL,'2025-03-22 14:06:54','2025-03-26 15:54:55',11),(307,142,5,'33000',NULL,NULL,'2025-03-22 14:06:54','2025-03-26 15:54:55',18),(308,142,7,'36000',NULL,NULL,'2025-03-22 14:06:54','2025-03-26 15:54:55',5),(309,143,3,'27000',NULL,NULL,'2025-03-22 14:06:54','2025-03-26 15:54:55',11),(310,143,5,'33000',NULL,NULL,'2025-03-22 14:06:54','2025-03-26 15:54:55',18),(311,143,7,'36000',NULL,NULL,'2025-03-22 14:06:54','2025-03-26 15:54:55',5),(312,144,3,'27000',NULL,NULL,'2025-03-22 14:06:54','2025-03-26 15:54:55',11),(313,144,5,'33000',NULL,NULL,'2025-03-22 14:06:54','2025-03-26 15:54:55',18),(314,144,7,'36000',NULL,NULL,'2025-03-22 14:06:54','2025-03-26 15:54:55',5),(315,145,3,'27000',NULL,NULL,'2025-03-22 14:28:48','2025-03-26 15:55:39',11),(316,145,5,'33000',NULL,NULL,'2025-03-22 14:28:48','2025-03-26 15:55:39',18),(317,145,7,'36000',NULL,NULL,'2025-03-22 14:28:48','2025-03-26 15:55:39',5),(318,146,3,'27000',NULL,NULL,'2025-03-22 14:28:48','2025-03-26 15:55:39',11),(319,146,5,'33000',NULL,NULL,'2025-03-22 14:28:48','2025-03-26 15:55:39',18),(320,146,7,'36000',NULL,NULL,'2025-03-22 14:28:48','2025-03-26 15:55:39',5),(321,147,3,'27000',NULL,NULL,'2025-03-22 14:28:48','2025-03-26 15:55:39',11),(322,147,5,'33000',NULL,NULL,'2025-03-22 14:28:48','2025-03-26 15:55:39',18),(323,147,7,'36000',NULL,NULL,'2025-03-22 14:28:48','2025-03-26 15:55:39',5),(324,151,3,'27000',NULL,NULL,'2025-03-22 16:26:07','2025-03-26 15:56:05',11),(325,151,5,'33000',NULL,NULL,'2025-03-22 16:26:07','2025-03-26 15:56:05',18),(326,151,7,'36000',NULL,NULL,'2025-03-22 16:26:07','2025-03-26 15:56:05',5),(327,152,3,'27000',NULL,NULL,'2025-03-22 16:26:08','2025-03-26 15:56:05',11),(328,152,5,'33000',NULL,NULL,'2025-03-22 16:26:08','2025-03-26 15:56:05',18),(329,152,7,'36000',NULL,NULL,'2025-03-22 16:26:08','2025-03-26 15:56:05',5),(330,153,3,'27000',NULL,NULL,'2025-03-22 16:26:08','2025-03-26 15:56:05',11),(331,153,5,'33000',NULL,NULL,'2025-03-22 16:26:08','2025-03-26 15:56:05',18),(332,153,7,'36000',NULL,NULL,'2025-03-22 16:26:08','2025-03-26 15:56:05',5),(333,158,3,'36000',NULL,NULL,'2025-03-22 21:46:34','2025-04-16 09:36:44',10),(334,158,5,'44000',NULL,NULL,'2025-03-22 21:46:34','2025-04-16 09:36:44',10),(335,158,7,'48000',NULL,NULL,'2025-03-22 21:46:34','2025-04-16 09:36:44',5),(336,159,8,'31500',NULL,NULL,'2025-03-22 21:46:34','2025-04-16 09:36:45',11),(337,159,3,'38500',NULL,NULL,'2025-03-22 21:46:34','2025-04-16 09:36:45',18),(338,159,7,'42000',NULL,NULL,'2025-03-22 21:46:34','2025-04-16 09:36:45',5),(339,160,3,'31500',NULL,NULL,'2025-03-22 21:46:34','2025-04-16 09:36:45',11),(340,160,5,'38500',NULL,NULL,'2025-03-22 21:46:34','2025-04-16 09:36:45',18),(341,160,7,'42000',NULL,NULL,'2025-03-22 21:46:34','2025-04-16 09:36:45',5),(342,161,3,'31500',NULL,NULL,'2025-03-22 21:46:34','2025-04-16 09:36:45',11),(343,161,5,'38500',NULL,NULL,'2025-03-22 21:46:34','2025-04-16 09:36:45',18),(344,161,7,'42000',NULL,NULL,'2025-03-22 21:46:34','2025-04-16 09:36:45',5),(345,154,3,'36000',NULL,NULL,'2025-03-22 22:21:52','2025-03-26 15:56:57',10),(346,154,5,'44000',NULL,NULL,'2025-03-22 22:21:52','2025-03-26 15:56:57',10),(347,154,7,'48000',NULL,NULL,'2025-03-22 22:21:52','2025-03-26 15:56:57',5),(348,155,3,'31500',NULL,NULL,'2025-03-22 22:21:52','2025-03-26 15:56:57',11),(349,155,5,'38500',NULL,NULL,'2025-03-22 22:21:52','2025-03-26 15:56:57',18),(350,155,7,'42000',NULL,NULL,'2025-03-22 22:21:52','2025-03-26 15:56:57',5),(351,156,3,'31500',NULL,NULL,'2025-03-22 22:21:52','2025-03-26 15:56:57',11),(352,156,5,'38500',NULL,NULL,'2025-03-22 22:21:52','2025-03-26 15:56:57',18),(353,156,7,'42000',NULL,NULL,'2025-03-22 22:21:52','2025-03-26 15:56:57',5),(354,157,3,'31500',NULL,NULL,'2025-03-22 22:21:52','2025-03-26 15:56:57',11),(355,157,5,'38500',NULL,NULL,'2025-03-22 22:21:52','2025-03-26 15:56:57',18),(356,157,7,'42000',NULL,NULL,'2025-03-22 22:21:52','2025-03-26 15:56:57',5);
/*!40000 ALTER TABLE `dham_pricings` ENABLE KEYS */;
UNLOCK TABLES;

--
-- Table structure for table `dham_stops`
--

DROP TABLE IF EXISTS `dham_stops`;
/*!40101 SET @saved_cs_client     = @@character_set_client */;
/*!50503 SET character_set_client = utf8mb4 */;
CREATE TABLE `dham_stops` (
  `id` int NOT NULL AUTO_INCREMENT,
  `dham_pickup_city_id` int NOT NULL,
  `name` varchar(255) COLLATE utf8mb4_general_ci NOT NULL,
  `createdBy` varchar(255) COLLATE utf8mb4_general_ci DEFAULT NULL,
  `updatedBy` varchar(255) COLLATE utf8mb4_general_ci DEFAULT NULL,
  `createdAt` datetime NOT NULL,
  `updatedAt` datetime NOT NULL,
  `description` text COLLATE utf8mb4_general_ci,
  PRIMARY KEY (`id`),
  KEY `dham_pickup_city_id` (`dham_pickup_city_id`),
  CONSTRAINT `dham_stops_ibfk_1` FOREIGN KEY (`dham_pickup_city_id`) REFERENCES `dham_pickup_cities` (`id`) ON DELETE CASCADE ON UPDATE CASCADE
) ENGINE=InnoDB AUTO_INCREMENT=534 DEFAULT CHARSET=utf8mb4 COLLATE=utf8mb4_general_ci;
/*!40101 SET character_set_client = @saved_cs_client */;

--
-- Dumping data for table `dham_stops`
--

LOCK TABLES `dham_stops` WRITE;
/*!40000 ALTER TABLE `dham_stops` DISABLE KEYS */;
INSERT INTO `dham_stops` VALUES (254,134,' Day 1 : Delhi – Haridwar (230 Kms/4-5hrs) ',NULL,NULL,'2025-03-06 13:55:56','2025-03-26 15:56:33','Arrival Delhi Airport / Delhi Railway Station, Meet & Assist further drive to Haridwar. Transfer to your Hotel. If time permits visit Mansadevi Temple, Chandidevi Temple, Daksha Mahadev Temples & Others. Also visit Har-ki-Pauri for Ganga Aarti. The ‘Aarti’ worship of the Ganga after sunset and the floating ‘dia’ (lamp) is a moving ritual. Back to your hotel, Night halt.'),(255,134,'Day 2 : Haridwar – Barkot (210kms/6-7hr) ',NULL,NULL,'2025-03-06 13:55:56','2025-03-26 15:56:33','Drive to Barkot via Mussoorie, enroute visit Kempty Fall (Suggestible to have your lunch at Kempty fall as further no good restaurants are available before Barkot). Later drive straight to Barkot, transfer to your Hotel. Overnight stay at Barkot.'),(256,134,'Day 3 : Barkot – Yamunotri – Barkot {36kms Drive & 6kms Trek (One Side)',NULL,NULL,'2025-03-06 13:55:56','2025-03-26 15:56:33','Early morning, Drive to Jankichatti/Phoolchatti, trek start from here to Yamunotri (6kms). Either by walk or by horse or by Doli at own cost. Arr. Yamunotri, One can cook rice by packing it in a cloth and dipping it in the hot water of the hot kund. Pilgrims take this cooked rice home as “Prasad”. Here near the temple “Pooja” can be offered to Divya Shila, After taking bath in Jamunabai Kund’s warn water and having “Darshan” of pious “Yamunaji” returning to Jankichatti. Return back to Barkot, Overnight stay.'),(257,134,' Day 4 : Barkot – Uttarkashi (100kms/4hr) ',NULL,NULL,'2025-03-06 13:55:56','2025-03-26 15:56:33','Drive to Uttarkashi. Visit Vishwanath Temple & Others. Check in Hotel. Rest day at leisure. Night Halt.'),(258,134,'Day 5 : Uttarkashi – Gangotri – Uttarkashi (100kms/3-4 Each Side) ',NULL,NULL,'2025-03-06 13:55:56','2025-03-26 15:56:33','Early morning drive to Gangotri, enroute at Gangnani take a holy dip in Garam Kund, further drive to Gangotri via beautiful Harsil Valley. Harsil is famous for its nature beauty and for the majestic views of the Deodar trees, and mountains. On arrival at Shree Gangotri, take a holy dip in the sacred river Ganges which is also called Bhagirathi at its origin. Perform Pooja and Darshan, after that relax for some time in the lovely surroundings. Return back to Uttarkashi. Overnight stay at Uttarkashi.'),(259,134,'Day 6 : Uttarkashi – Guptkashi (220kms/8-9hr) ',NULL,NULL,'2025-03-06 13:55:56','2025-03-26 15:56:33','Drive straight to Guptkashi via Moolgarh & Lambgoan. Enroute you can see the beautiful river Mandakini at Tilwara. The Mandakini river comes from Kedarnath, drive alongside the river to reach Guptakashi. On arrival Check In at the Hotel, evening visit Ardh Narishwar Temple. Overnight stay at the Hotel.'),(260,134,' Day 7 : Guptkashi – Kedarnath (30kms By Road & 19kms Trek)',NULL,NULL,'2025-03-06 13:55:56','2025-03-26 15:56:33','After medical check-up proceed to Sonprayag, Trek start from Sonprayag to Kedarnath (3584 mts) by pony / Doli. Tour members should carry personal medicines, heavy woolen, toiletries and clothes for an overnight halt at Kedarnath. Visit Kedarnath Temple. Overnight stay.'),(261,134,'Day 8 : Kedarnath – Guptkashi (19Kms Down Trek & 30kms/1hr By Road)',NULL,NULL,'2025-03-06 13:55:56','2025-03-26 15:56:33','Early morning, after Temple Darshan trek down to Sonprayag. Further drive to Guptkashi. Check in Hotel. Night Halt.'),(262,134,'Day 9: Guptkashi – Badrinath (215kms/7hr) ',NULL,NULL,'2025-03-06 13:55:56','2025-03-26 15:56:33','Drive to Badrinath via Joshimath. Check in Hotel. Later at evening visit Badrinath Temple for Aarti. Overnight stay.'),(263,134,'Day 10 : Badrinath – Pipalkoti (80kms) / Rudraprayag (160kms) / Kirtinagar (200kms)',NULL,NULL,'2025-03-06 13:55:56','2025-03-26 15:56:33','Early morning, pilgrims after having a bath in the Taptkund have the Darshan of Badrivishal. Brahamakapal is significant for Pinddan Shraddh of ancestors (Pitrus). There are other interesting sightseeing spot like Mana, Vyas Gufa, Maatamoorti, Charanpaduka, Bhimkund and the “Mukh” of the Saraswati River. Just within the three kms of Badrinathjee. Later drive back to Pipalkoti / Rudraprayag / Kirtinagar via Joshimath. Check in Hotel. Overnight stay.'),(264,134,'Day 11: Pipalkoti – Rishikesh (220kms/7-8hr) / Rudraprayag – Rishikesh (140kms/4-5hr) / Kirtinagar – Rishikesh (110kms/3-4hr)',NULL,NULL,'2025-03-06 13:55:56','2025-03-26 15:56:33','Drive to Rishikesh, the ‘place of sages’ is a celebrated spiritual town on the bank of Ganga and is surrounded by Shivalik range of the Himalayas on three sides. It is said that when Raibhya Rishi did hard penances, God appeared by the name of ” Hrishikesh ” and this area hence firth came to be known as Rishikesh.  Check in Hotel. Later visit Rishikesh Temples & Sight Seeing – Laxman Jhulla, Ram Jhulla, Triveni Ghat, Bharat Mandir, Shivananda Ashram. At evening visit Ganga Aarti at Parmarth Ashram. Overnight stay.'),(265,134,'Day 12 : Rishikesh – Hardwar – Delhi (250kms/6-7hr)',NULL,NULL,'2025-03-06 13:55:56','2025-03-26 15:56:33','Drive back to Delhi. On Arr. Delhi, transfer to Railway Station / Airport. Tour Terminate.'),(266,135,'Day 1: Haridwar - Barkot',NULL,NULL,'2025-03-06 14:51:37','2025-03-26 15:56:33','Arrive Haridwar and we\'ll drive to Barkot.This morning depart for Barkot, located on the foot of Yamunotri. Check-in to your hotel/camp. Rest of the day is free to relax and store your energy for the Pahad (hill) Yatra of Yamunotri the next day. Dinner and Overnight stay at Barkot. Over Night stay at Barkot.'),(267,135,'Day 2: Barkot - Yamunotri - Barkot',NULL,NULL,'2025-03-06 14:51:37','2025-03-26 15:56:33','Drive to Jankichatti/Phoolchatti, trek start from here to Yamunotri (6km). Either by walk or by horse or by Doli at own cost. Arr. Yamunotri, One can cook rice by packing it in a cloth and dipping it in the hot water of the hot kund. Pilgrims take this cooked rice home as Prasad. Here near the temple Pooja can be offered to DivyaShila, after taking bath in JamunabaiKund\'s warm water and having Darshan of pious Yamunaji returning to Jankichatti. Later drive back to Barkot. Over Night Stay at Barkot. Yamunotri Trekking. Approximate Price For Pony:- Rs. 800 - 1200/- Per Person Approximate Price For Doli:- Rs. 2500 - 3500/- Per Person Sightseeing: - YamunotriTemple:MaharaniGularia of Jaipur built the temple in the 19th Century. It was destroyed twice in the present century and rebuilt again. Surya Kund: There are a Number of thermal springs in the vicinity of the temple, which flows into numerous pools. The most important of these is Surya Kund. DivyaShila: A rock pillar, worshipped before entering the Yamunotri Temple.'),(268,135,' 03 Day 3: Barkot – Maneri - Uttarkashi',NULL,NULL,'2025-03-06 14:51:37','2025-03-26 15:56:33','Drive to Maneri. Check into Hotel hears after at evening time visit Vishwanath Temple. The temple of Lord Vishwanath is located here where a massive iron trident is erected. Overnight stay in Maneri (Uttarkashi). Sightseeing: - Visit Vishwanath Temple'),(269,135,'Day 4: Uttarkashi – Gangotri – Uttarkashi',NULL,NULL,'2025-03-06 14:51:37','2025-03-26 15:56:33','We proceed to Gangotri (3048 mts), en-rooted we enjoy picturesque Harsil village, Bhagirathi River and the most magnificent view of the Himalayas. After GangotriDarshan we return to Uttarkashi. Overnight stay in Maneri(Uttarkashi). Sightseeing: - Gangotri Temple: The temple, constructed by the Gorkha General Amar Singh Thapa in the 18th Century, is situated on the right bank of Bhagirathi. Submerged Shivling: Submerged in the river, this natural rock Shivling is the place where, according to mythology Lord Shiva sat when he received the Ganga in his matted lock. It is visible in winter months when water level decreases. Kedar Ganga Sangam: Around 100 Yards from the Ganga Temple flows the river Kedar Ganga. Starting from the Kedar Valle, this river meets the Bhagirathi on its left bank.'),(270,135,'Day 5: Uttarkashi - Guptkashi',NULL,NULL,'2025-03-06 14:51:37','2025-03-26 15:56:33','Drive straight to Guptkashi. En-route you can see the beautiful river Mandakini at Tilwara. The Mandakini River comes from Kedarnath, drive alongside the river to reach Guptakashi. On arrival check in at the Hotel, evening Overnight stay at the Hotel Guptkashi. Guptkashi: -The name GuptKashi means \"Hidden Benares\". Mythology describes how when the Pandava brothers were searching for a glimpse of Shiva, Shiv ji first concealed himself at GuptKashi, but later fled from them further up the valley to Kedarnath, where the Pandavas finally got their wish fulfilled. There are more tangible connections as well-the Kedarnath pandas (hereditary pilgrimage priests) live in GuptKashi during the winter months, and after the Kedarnath temple closes for the winter, the image of Kedarnath passes through GuptKashi on its way to Ukhimath (across the valley), where it stays for the winter.'),(271,136,'Day 1: Rishikesh - Barkot',NULL,NULL,'2025-03-06 14:51:37','2025-03-26 15:56:33','Arrive Rishikesh and we\'ll drive to Barkot.This morning depart for Barkot, located on the foot of Yamunotri. Check-in to your hotel/camp. Rest of the day is free to relax and store your energy for the Pahad (hill) Yatra of Yamunotri the next day. Dinner and Overnight stay at Barkot. Over Night stay at Barkot.'),(272,136,'Day 2: Barkot - Yamunotri - Barkot',NULL,NULL,'2025-03-06 14:51:37','2025-03-26 15:56:33','Drive to Jankichatti/Phoolchatti, trek start from here to Yamunotri (6km). Either by walk or by horse or by Doli at own cost. Arr. Yamunotri, One can cook rice by packing it in a cloth and dipping it in the hot water of the hot kund. Pilgrims take this cooked rice home as Prasad. Here near the temple Pooja can be offered to DivyaShila, after taking bath in JamunabaiKund\'s warm water and having Darshan of pious Yamunaji returning to Jankichatti. Later drive back to Barkot. Over Night Stay at Barkot. Yamunotri Trekking. Approximate Price For Pony:- Rs. 800 - 1200/- Per Person Approximate Price For Doli:- Rs. 2500 - 3500/- Per Person Sightseeing: - YamunotriTemple:MaharaniGularia of Jaipur built the temple in the 19th Century. It was destroyed twice in the present century and rebuilt again. Surya Kund: There are a Number of thermal springs in the vicinity of the temple, which flows into numerous pools. The most important of these is Surya Kund. DivyaShila: A rock pillar, worshipped before entering the Yamunotri Temple.'),(273,136,' 03 Day 3: Barkot – Maneri - Uttarkashi',NULL,NULL,'2025-03-06 14:51:37','2025-03-26 15:56:33','Drive to Maneri. Check into Hotel hears after at evening time visit Vishwanath Temple. The temple of Lord Vishwanath is located here where a massive iron trident is erected. Overnight stay in Maneri (Uttarkashi). Sightseeing: - Visit Vishwanath Temple'),(274,136,'Day 4: Uttarkashi – Gangotri – Uttarkashi',NULL,NULL,'2025-03-06 14:51:37','2025-03-26 15:56:33','We proceed to Gangotri (3048 mts), en-rooted we enjoy picturesque Harsil village, Bhagirathi River and the most magnificent view of the Himalayas. After GangotriDarshan we return to Uttarkashi. Overnight stay in Maneri(Uttarkashi). Sightseeing: - Gangotri Temple: The temple, constructed by the Gorkha General Amar Singh Thapa in the 18th Century, is situated on the right bank of Bhagirathi. Submerged Shivling: Submerged in the river, this natural rock Shivling is the place where, according to mythology Lord Shiva sat when he received the Ganga in his matted lock. It is visible in winter months when water level decreases. Kedar Ganga Sangam: Around 100 Yards from the Ganga Temple flows the river Kedar Ganga. Starting from the Kedar Valle, this river meets the Bhagirathi on its left bank.'),(275,136,'Day 5: Uttarkashi - Guptkashi',NULL,NULL,'2025-03-06 14:51:37','2025-03-26 15:56:33','Drive straight to Guptkashi. En-route you can see the beautiful river Mandakini at Tilwara. The Mandakini River comes from Kedarnath, drive alongside the river to reach Guptakashi. On arrival check in at the Hotel, evening Overnight stay at the Hotel Guptkashi. Guptkashi: -The name GuptKashi means \"Hidden Benares\". Mythology describes how when the Pandava brothers were searching for a glimpse of Shiva, Shiv ji first concealed himself at GuptKashi, but later fled from them further up the valley to Kedarnath, where the Pandavas finally got their wish fulfilled. There are more tangible connections as well-the Kedarnath pandas (hereditary pilgrimage priests) live in GuptKashi during the winter months, and after the Kedarnath temple closes for the winter, the image of Kedarnath passes through GuptKashi on its way to Ukhimath (across the valley), where it stays for the winter.'),(276,137,'Day 1: Dehradun - Barkot',NULL,NULL,'2025-03-06 14:51:37','2025-03-26 15:56:33','Arrive Dehradun and we\'ll drive to Barkot.This morning depart for Barkot, located on the foot of Yamunotri. Check-in to your hotel/camp. Rest of the day is free to relax and store your energy for the Pahad (hill) Yatra of Yamunotri the next day. Dinner and Overnight stay at Barkot. Over Night stay at Barkot.'),(277,137,'Day 2: Barkot - Yamunotri - Barkot',NULL,NULL,'2025-03-06 14:51:37','2025-03-26 15:56:33','Drive to Jankichatti/Phoolchatti, trek start from here to Yamunotri (6km). Either by walk or by horse or by Doli at own cost. Arr. Yamunotri, One can cook rice by packing it in a cloth and dipping it in the hot water of the hot kund. Pilgrims take this cooked rice home as Prasad. Here near the temple Pooja can be offered to DivyaShila, after taking bath in JamunabaiKund\'s warm water and having Darshan of pious Yamunaji returning to Jankichatti. Later drive back to Barkot. Over Night Stay at Barkot. Yamunotri Trekking. Approximate Price For Pony:- Rs. 800 - 1200/- Per Person Approximate Price For Doli:- Rs. 2500 - 3500/- Per Person Sightseeing: - YamunotriTemple:MaharaniGularia of Jaipur built the temple in the 19th Century. It was destroyed twice in the present century and rebuilt again. Surya Kund: There are a Number of thermal springs in the vicinity of the temple, which flows into numerous pools. The most important of these is Surya Kund. DivyaShila: A rock pillar, worshipped before entering the Yamunotri Temple.'),(278,137,' 03 Day 3: Barkot – Maneri - Uttarkashi',NULL,NULL,'2025-03-06 14:51:37','2025-03-26 15:56:33','Drive to Maneri. Check into Hotel hears after at evening time visit Vishwanath Temple. The temple of Lord Vishwanath is located here where a massive iron trident is erected. Overnight stay in Maneri (Uttarkashi). Sightseeing: - Visit Vishwanath Temple'),(279,137,'Day 4: Uttarkashi – Gangotri – Uttarkashi',NULL,NULL,'2025-03-06 14:51:37','2025-03-26 15:56:33','We proceed to Gangotri (3048 mts), en-rooted we enjoy picturesque Harsil village, Bhagirathi River and the most magnificent view of the Himalayas. After GangotriDarshan we return to Uttarkashi. Overnight stay in Maneri(Uttarkashi). Sightseeing: - Gangotri Temple: The temple, constructed by the Gorkha General Amar Singh Thapa in the 18th Century, is situated on the right bank of Bhagirathi. Submerged Shivling: Submerged in the river, this natural rock Shivling is the place where, according to mythology Lord Shiva sat when he received the Ganga in his matted lock. It is visible in winter months when water level decreases. Kedar Ganga Sangam: Around 100 Yards from the Ganga Temple flows the river Kedar Ganga. Starting from the Kedar Valle, this river meets the Bhagirathi on its left bank.'),(280,137,'Day 5: Uttarkashi - Guptkashi',NULL,NULL,'2025-03-06 14:51:37','2025-03-26 15:56:33','Drive straight to Guptkashi. En-route you can see the beautiful river Mandakini at Tilwara. The Mandakini River comes from Kedarnath, drive alongside the river to reach Guptakashi. On arrival check in at the Hotel, evening Overnight stay at the Hotel Guptkashi. Guptkashi: -The name GuptKashi means \"Hidden Benares\". Mythology describes how when the Pandava brothers were searching for a glimpse of Shiva, Shiv ji first concealed himself at GuptKashi, but later fled from them further up the valley to Kedarnath, where the Pandavas finally got their wish fulfilled. There are more tangible connections as well-the Kedarnath pandas (hereditary pilgrimage priests) live in GuptKashi during the winter months, and after the Kedarnath temple closes for the winter, the image of Kedarnath passes through GuptKashi on its way to Ukhimath (across the valley), where it stays for the winter.'),(281,135,'Day 6: Guptkashi - Kedarnath',NULL,NULL,'2025-03-06 14:58:02','2025-03-26 15:56:33','Morning drive to Sonprayag, Trek start from Sonprayag to Kedarnath (3584 mts) on foot or on by pony/Doli, Tour members should carry personal medicines, heavy woolen, toiletries and clothes for an. Check in Hotel. Overnight at Kedarnath. Kedarnath: The Kedarnath shrine, one of the 12 Jyotirlinga of Lord Shiva, is a scenic spot situated, against the backdrop of the majestic Kedarnath range. Kedar is another name of Lord Shiva, the protector and the destroyer. According to legend, the Pandavas after having won over the Kaurava in the Kurukshetra war, felt guilty of having killed their own brothers and sought the blessings of Lord Shiva for redemption. He eluded them repeatedly and while fleeing took refuge at Kedarnath in the form of a bull. On being followed he dived into the ground, leaving his hump on the surface. The remaining portions of Lord Shiva appeared at four other places and are worshipped there as his manifestations. The arms appeared at Tungnath, the face at Rudranath, the belly at Madhmaheshwar and his locks (hair) with head at Kalpeshwar. Kedarnath and the four above-mentioned shrines are treated as PanchKedar. KEDARNATH STAY ARRANGE BY OWN. Kedarnath Trekking: Approximate Price For Pony:- Rs. 2200 - 3200/- Per Person Approximate Price For Doli:- Rs. 4000 - 6000/- Per Person Approximate Price Helicopter Fare -- Rs.7500 **/ per person Upto 80 Kg. (Rate May Be Change) Sightseeing: - visit Kedarnath Temple.'),(282,135,'Day 7: Kedarnath - Sonprayag - Guptakashi',NULL,NULL,'2025-03-06 14:58:02','2025-03-26 15:56:33','Early morning you get up before dawn and after taking bath you are at the temple by 4:45 am for the Abhishek\' to Kedarnath Shiva. Everyone can go inside GarbhaGriha and touch the idol. You can also prostrate with your head touching the deity etc. After darshan and puja you come out of the temple and return to the Govt. Camps / Lodges. Later you\'ll start the return trek of 20 km from Kedarnath to Sonprayag. The vehicles wait for you in Sonprayag Car Parking and you\'ll drive to your hotel. Overnight at Guptkashi, (Nala).'),(283,135,'Day 8: Guptakashi - Padukeshwar',NULL,NULL,'2025-03-06 14:58:02','2025-03-26 15:56:33','Drive to Badrinath via Joshimath.Check in Hotel. Later at evening visit Badrinath. Overnight stay at hotel in Pandukeshwar.'),(284,135,'Day 9: Padukeshwar - Badrinath - Rudraprayag / Srinagar',NULL,NULL,'2025-03-06 14:58:02','2025-03-26 15:56:33','After Breakfast early morning Time 7 Am we will drive to Badrinath. Badrinath: one of the \'Four Dhams\' is one of the most celebrated pilgrimage spots of the country and is situated at an elevation of 3,133 meters, guarded on either side by the two mountain ranges known as Nar & Narayan with the towering Neelkanth Peak providing a splendid backdrop. This revered spot was once carpeted with wild berries. Thus the place got the name Badrivan, meaning forest of berries.Overnight stay at hotel in Rudraprayag.'),(285,135,'Day 10: Rudraprayag / Srinagar - Rishikesh - Haridwar',NULL,NULL,'2025-03-06 14:58:02','2025-03-26 15:56:33','Early morning, after breakfast, you drive downhill to Rishikesh a spiritual city and the Yoga capital of the world. your last lap of this ChardhamYatra journey. On reaching Haridwar. Sightseeing: - Visit Ram Jhula and LaxmanJhula.  Included:'),(286,136,'Day 6: Guptkashi - Kedarnath',NULL,NULL,'2025-03-06 14:58:02','2025-03-26 15:56:33','Morning drive to Sonprayag, Trek start from Sonprayag to Kedarnath (3584 mts) on foot or on by pony/Doli, Tour members should carry personal medicines, heavy woolen, toiletries and clothes for an. Check in Hotel. Overnight at Kedarnath. Kedarnath: The Kedarnath shrine, one of the 12 Jyotirlinga of Lord Shiva, is a scenic spot situated, against the backdrop of the majestic Kedarnath range. Kedar is another name of Lord Shiva, the protector and the destroyer. According to legend, the Pandavas after having won over the Kaurava in the Kurukshetra war, felt guilty of having killed their own brothers and sought the blessings of Lord Shiva for redemption. He eluded them repeatedly and while fleeing took refuge at Kedarnath in the form of a bull. On being followed he dived into the ground, leaving his hump on the surface. The remaining portions of Lord Shiva appeared at four other places and are worshipped there as his manifestations. The arms appeared at Tungnath, the face at Rudranath, the belly at Madhmaheshwar and his locks (hair) with head at Kalpeshwar. Kedarnath and the four above-mentioned shrines are treated as PanchKedar. KEDARNATH STAY ARRANGE BY OWN. Kedarnath Trekking: Approximate Price For Pony:- Rs. 2200 - 3200/- Per Person Approximate Price For Doli:- Rs. 4000 - 6000/- Per Person Approximate Price Helicopter Fare -- Rs.7500 **/ per person Upto 80 Kg. (Rate May Be Change) Sightseeing: - visit Kedarnath Temple.'),(287,136,'Day 7: Kedarnath - Sonprayag - Guptakashi',NULL,NULL,'2025-03-06 14:58:02','2025-03-26 15:56:33','Early morning you get up before dawn and after taking bath you are at the temple by 4:45 am for the Abhishek\' to Kedarnath Shiva. Everyone can go inside GarbhaGriha and touch the idol. You can also prostrate with your head touching the deity etc. After darshan and puja you come out of the temple and return to the Govt. Camps / Lodges. Later you\'ll start the return trek of 20 km from Kedarnath to Sonprayag. The vehicles wait for you in Sonprayag Car Parking and you\'ll drive to your hotel. Overnight at Guptkashi, (Nala).'),(288,136,'Day 8: Guptakashi - Padukeshwar',NULL,NULL,'2025-03-06 14:58:02','2025-03-26 15:56:33','Drive to Badrinath via Joshimath.Check in Hotel. Later at evening visit Badrinath. Overnight stay at hotel in Pandukeshwar.'),(289,136,'Day 9: Padukeshwar - Badrinath - Rudraprayag / Srinagar',NULL,NULL,'2025-03-06 14:58:02','2025-03-26 15:56:33','After Breakfast early morning Time 7 Am we will drive to Badrinath. Badrinath: one of the \'Four Dhams\' is one of the most celebrated pilgrimage spots of the country and is situated at an elevation of 3,133 meters, guarded on either side by the two mountain ranges known as Nar & Narayan with the towering Neelkanth Peak providing a splendid backdrop. This revered spot was once carpeted with wild berries. Thus the place got the name Badrivan, meaning forest of berries.Overnight stay at hotel in Rudraprayag.'),(290,136,'Day 10: Rudraprayag / Srinagar - Rishikesh ',NULL,NULL,'2025-03-06 14:58:02','2025-03-26 15:56:33','Early morning, after breakfast, you drive downhill to Rishikesh a spiritual city and the Yoga capital of the world. your last lap of this ChardhamYatra journey. On reaching Haridwar. Sightseeing: - Visit Ram Jhula and LaxmanJhula.  Included: Drive back to Rishikesh . On Arr. Rishkesh , transfer to Railway Station / Hotel . Tour Terminate.'),(291,137,'Day 6: Guptkashi - Kedarnath',NULL,NULL,'2025-03-06 14:58:02','2025-03-26 15:56:33','Morning drive to Sonprayag, Trek start from Sonprayag to Kedarnath (3584 mts) on foot or on by pony/Doli, Tour members should carry personal medicines, heavy woolen, toiletries and clothes for an. Check in Hotel. Overnight at Kedarnath. Kedarnath: The Kedarnath shrine, one of the 12 Jyotirlinga of Lord Shiva, is a scenic spot situated, against the backdrop of the majestic Kedarnath range. Kedar is another name of Lord Shiva, the protector and the destroyer. According to legend, the Pandavas after having won over the Kaurava in the Kurukshetra war, felt guilty of having killed their own brothers and sought the blessings of Lord Shiva for redemption. He eluded them repeatedly and while fleeing took refuge at Kedarnath in the form of a bull. On being followed he dived into the ground, leaving his hump on the surface. The remaining portions of Lord Shiva appeared at four other places and are worshipped there as his manifestations. The arms appeared at Tungnath, the face at Rudranath, the belly at Madhmaheshwar and his locks (hair) with head at Kalpeshwar. Kedarnath and the four above-mentioned shrines are treated as PanchKedar. KEDARNATH STAY ARRANGE BY OWN. Kedarnath Trekking: Approximate Price For Pony:- Rs. 2200 - 3200/- Per Person Approximate Price For Doli:- Rs. 4000 - 6000/- Per Person Approximate Price Helicopter Fare -- Rs.7500 **/ per person Upto 80 Kg. (Rate May Be Change) Sightseeing: - visit Kedarnath Temple.'),(292,137,'Day 7: Kedarnath - Sonprayag - Guptakashi',NULL,NULL,'2025-03-06 14:58:02','2025-03-26 15:56:33','Early morning you get up before dawn and after taking bath you are at the temple by 4:45 am for the Abhishek\' to Kedarnath Shiva. Everyone can go inside GarbhaGriha and touch the idol. You can also prostrate with your head touching the deity etc. After darshan and puja you come out of the temple and return to the Govt. Camps / Lodges. Later you\'ll start the return trek of 20 km from Kedarnath to Sonprayag. The vehicles wait for you in Sonprayag Car Parking and you\'ll drive to your hotel. Overnight at Guptkashi, (Nala).'),(293,137,'Day 8: Guptakashi - Padukeshwar',NULL,NULL,'2025-03-06 14:58:02','2025-03-26 15:56:33','Drive to Badrinath via Joshimath.Check in Hotel. Later at evening visit Badrinath. Overnight stay at hotel in Pandukeshwar.'),(294,137,'Day 9: Padukeshwar - Badrinath - Rudraprayag / Srinagar',NULL,NULL,'2025-03-06 14:58:02','2025-03-26 15:56:33','After Breakfast early morning Time 7 Am we will drive to Badrinath. Badrinath: one of the \'Four Dhams\' is one of the most celebrated pilgrimage spots of the country and is situated at an elevation of 3,133 meters, guarded on either side by the two mountain ranges known as Nar & Narayan with the towering Neelkanth Peak providing a splendid backdrop. This revered spot was once carpeted with wild berries. Thus the place got the name Badrivan, meaning forest of berries.Overnight stay at hotel in Rudraprayag.'),(295,137,'Day 10: Rudraprayag / Srinagar - Rishikesh - Haridwar',NULL,NULL,'2025-03-06 14:58:02','2025-03-26 15:56:33','Early morning, after breakfast, you drive downhill to Rishikesh a spiritual city and the Yoga capital of the world. your last lap of this ChardhamYatra journey. On reaching Haridwar. Sightseeing: - Visit Ram Jhula and LaxmanJhula.  Included:'),(310,140,'Day 1 : Delhi to Haridwar (209 km 5h approx.)',NULL,NULL,'2025-03-06 16:11:40','2025-03-26 15:55:48','Meet and greet at Delhi railway station/ bus stand or Indira Gandhi International Airport, after that, you will be transferred to Haridwar. The holy city of God welcomes you. On arrival check into the hotel and get refreshed. After freshening up now it’s time for Ganga aarti. Drive to Har – ki – Pauri and enjoy the spiritual atmosphere at Ganga aarti. After the aarti drives back to the hotel. Now it’s time to have some dinner. After dinner, your overnight stay will be at the hotel.'),(311,140,'Day 2 : Haridwar to Barkot (177.5 km 5h 56m approx.)',NULL,NULL,'2025-03-06 16:11:40','2025-03-26 15:55:48','After having breakfast check out from the hotel for your journey to holy Shrine. After the Check out you will be transferred to Barkot. On Route you will enjoy the mesmerizing fall i.e. Kempty falls of Mussoorie. On arrival at Barkot you will check into the hotel. After getting fresh and relaxed you will have your dinner in Hotel only. End your day by overnight stay in Hotel.'),(312,140,'Day 3 : Barkot to Yamunotri dham to Barkot (46.4km 2h 14m approx.)',NULL,NULL,'2025-03-06 16:11:40','2025-03-26 15:55:48','Wake up and enjoy your spiritual morning in the lap of nature. Get refresh and have morning breakfast in the hotel and get ready to visit the one holy shrine among the four holy shrine of Uttarakhand. Drive to Janki chatti and from there your adventures trek of 6 Kms stars which will take you to yamunotri Dham . Visit the temple situated at the starting point of river Yamuna. After darshan you will trek back to Jnaki Chatti and from there you will be derived back to the hotel in Barkot. Get refreshed and have your dinner in a hotel. Overnight stay at hotel.'),(313,140,'Day 4 : Barkot to Rishikesh (165 km 6h 30m approx.)',NULL,NULL,'2025-03-06 16:11:40','2025-03-26 15:55:48','Drive to Rishikesh, and this area hence firth came to be known as Rishikesh.  Check in Hotel. Later visit Rishikesh Temples & Sight Seeing – Laxman Jhulla, Ram Jhulla, Triveni Ghat, Bharat Mandir, Shivananda Ashram. At evening visit Ganga Aarti at Parmarth Ashram. Overnight stay.'),(314,140,'Day 5 : Rishikesh – Hardwar – Delhi (250kms/5-6hr)',NULL,NULL,'2025-03-07 01:49:14','2025-03-26 15:55:48','Drive back to Delhi. On Arr. Delhi, transfer to Railway Station / Airport. Tour Terminate.'),(319,148,'Day 1: Dehradun → Barkot (via Mussoorie)',NULL,NULL,'2025-03-22 10:45:07','2025-03-26 15:55:48','Distance: ~130 km  Travel Time: 5-6 hours  Itinerary: Morning:  Start early (around 6-7 AM) from Dehradun.  Enroute, enjoy a short stop at Mussoorie (optional), visit Kempty Falls.  Continue drive towards Barkot via Yamuna Bridge.  Afternoon:  Lunch at a roadside dhaba (plenty available on the route).  Reach Barkot by afternoon or early evening.  Evening:  Check-in at hotel/guesthouse in Barkot.  Rest & acclimatize.  Explore local markets or relax by Yamuna river.  Stay: Barkot (many budget & mid-range hotels available)'),(320,148,'Day 2: Barkot → Janki Chatti → Yamunotri → Barkot',NULL,NULL,'2025-03-22 10:45:07','2025-03-26 15:55:48','Itinerary: Early Morning:  Drive from Barkot to Janki Chatti (approx. 40-45 km, 1.5 hours).  Have breakfast at Janki Chatti.  Trek to Yamunotri:  Start trek from Janki Chatti to Yamunotri Temple (6 km one way).  Options: Trek by foot, pony, palki, or doli.  Enroute, enjoy the beautiful mountain views and hot water springs at Surya Kund.  Yamunotri Darshan:  Visit the Yamunotri Temple.  Spend some time for darshan, prasad, and dip in hot springs.  Return:  Trek back to Janki Chatti.  Drive back to Barkot by evening.  Stay: Barkot (same hotel)'),(321,148,'Day 3: Barkot → Dehradun',NULL,NULL,'2025-03-22 10:45:07','2025-03-26 15:55:48','Itinerary: Morning:  Breakfast at hotel.  Start return drive towards Dehradun.  Enroute:  You can take a short break at Kempty Falls (if skipped earlier) or Lal Tibba in Mussoorie.  Optional lunch at Mussoorie.  Evening:  Reach Dehradun by late afternoon or early evening.'),(322,149,'Day 1: Haridwar → Barkot (Approx. 180 km / 6-7 hrs)',NULL,NULL,'2025-03-22 10:45:07','2025-03-26 15:55:48','Morning:  Depart early from Haridwar (around 6-7 AM).  Breakfast en route at Mussoorie or Kempty Falls.  Scenic drive via Mussoorie, passing by beautiful mountain views.  Afternoon:  Reach Barkot, a charming hill town, by late afternoon.  Check-in at hotel/guesthouse.  Rest & relax after the drive.  Evening:  Visit the Yamuna River banks in Barkot.  Dinner at the hotel & early rest.'),(323,149,'Day 2: Barkot → Yamunotri → Barkot (Approx. 90 km drive + 12 km trek round trip)',NULL,NULL,'2025-03-22 10:45:07','2025-03-26 15:55:48','Morning:  Early morning drive (approx. 1.5-2 hrs) to Janki Chatti.  Begin 6 km trek to Yamunotri temple (pony/palki available if needed).  Visit Yamunotri Temple & take a dip in the Surya Kund (hot water spring).  Darshan of Goddess Yamuna.  Afternoon:  Trek back down to Janki Chatti.  Return drive to Barkot.  Evening:  Rest at Barkot.  Optional: Explore local market, interact with locals.  Dinner & overnight stay.'),(324,149,'Day 3: Barkot → Haridwar (Approx. 180 km / 6-7 hrs)',NULL,NULL,'2025-03-22 10:45:07','2025-03-26 15:55:48','Morning:  After breakfast, check out and begin return journey.  Optional stop at Kempty Falls or Mussoorie Mall Road for a break.  Afternoon:  Lunch en route.  Reach Haridwar by evening (4-6 PM).'),(325,150,'Day 1: Rishikesh → Barkot (Approx. 170 km / 6-7 hrs)',NULL,NULL,'2025-03-22 10:45:07','2025-03-26 15:55:48','Morning:  Start early from Rishikesh (around 6 AM) to avoid traffic.  Breakfast en route at Chamba or Tehri (beautiful views of Tehri Lake).  Afternoon:  Reach Barkot by noon/early afternoon.  Check-in at hotel/homestay. Rest & lunch.  Evening:  Explore Barkot town & Yamuna River bank.  Prep for next day’s trek.  Stay: Barkot (plenty of budget & mid-range hotels available).'),(326,150,'Day 2: Barkot → Janki Chatti → Yamunotri Trek → Return to Barkot',NULL,NULL,'2025-03-22 10:45:07','2025-03-26 15:55:48','Morning:  Early morning drive to Janki Chatti (approx. 45 km / 1.5 hrs).  Begin Yamunotri trek (6 km one way).  Options: Walk, pony, palki, or doli services available.  Visit Yamunotri Temple, take dip in Surya Kund (hot springs).  Perform darshan & rituals.  Afternoon:  Lunch at Janki Chatti after returning.  Drive back to Barkot (reach by evening).  Stay: Barkot (same hotel, relax after trek).'),(327,150,'Day 3: Barkot → Rishikesh Return (Approx. 170 km / 6-7 hrs)',NULL,NULL,'2025-03-22 10:45:07','2025-03-26 15:55:48','Morning:  After breakfast, start return journey.  Optional halt at Kempty Falls (Mussoorie detour) if interested.  Afternoon/Evening:  Reach Rishikesh by late afternoon or evening.  Relax at Ganga ghats or attend Ganga Aarti at Triveni Ghat (optional).'),(328,46,'Day 1: Delhi → Haridwar/Rishikesh (220-240 km, 5-6 hrs drive)',NULL,NULL,'2025-03-22 10:54:56','2025-03-26 15:54:22','Morning: Start early from Delhi (by 6 AM) to avoid city traffic.  En route: Breakfast stop at Moolchand Parantha or Giani Da Dhaba.  Afternoon: Reach Haridwar or Rishikesh by noon.  Visit Har Ki Pauri for Ganga Aarti (Haridwar) or Triveni Ghat (Rishikesh).  Explore Ram Jhula, Laxman Jhula, or local cafes in Rishikesh.  Night Stay: Haridwar or Rishikesh.'),(329,46,'Day 2: Haridwar/Rishikesh → Uttarkashi (170-180 km, 6-7 hrs drive)',NULL,NULL,'2025-03-22 10:54:56','2025-03-26 15:54:22','Morning: Depart after breakfast.  Scenic Drive: Enjoy views along the Ganga & Bhagirathi rivers.  Pit Stops:  Chamba: Good tea/snack break.  Tehri Dam Viewpoint.  Evening: Reach Uttarkashi.  Visit Kashi Vishwanath Temple.  Explore the local market.  Night Stay: Uttarkashi.'),(330,46,'Day 3: Uttarkashi → Gangotri (100 km, 3-4 hrs drive)',NULL,NULL,'2025-03-22 10:54:56','2025-03-26 15:54:22','Morning: Leave early for Gangotri.  En route visit:  Harsil Valley (apple orchards & river views).  Bhairon Ghati Bridge.  Noon: Arrive at Gangotri Temple.  Take darshan, perform puja, and spend time near Ganga’s origin.  Visit Surya Kund, Pandav Gufa if time permits.  Evening: Return to Uttarkashi (or if preferred, stay at Gangotri).  Night Stay: Uttarkashi or Gangotri (depending on accommodation availability).'),(331,46,'Day 4: Uttarkashi → Rishikesh/Haridwar (170-180 km, 6-7 hrs)',NULL,NULL,'2025-03-22 10:54:56','2025-03-26 15:54:22','Morning: Start post-breakfast.  Optional Detours:  Prakateshwar Mahadev Cave Temple near Uttarkashi.  Evening: Reach Rishikesh/Haridwar.  Relax, maybe do river rafting (if time & interest allow).  Night Stay: Rishikesh or Haridwar.'),(332,46,'Day 5: Rishikesh/Haridwar → Delhi (220-240 km, 5-6 hrs)',NULL,NULL,'2025-03-22 10:54:56','2025-03-26 15:54:22','Morning: Attend early morning Ganga Aarti (optional).  After Breakfast: Start drive back to Delhi.  Evening: Reach Delhi by evening (~6 PM).'),(333,65,'Day 1: Haridwar → Uttarkashi / Harsil (Approx. 200-220 km, 8-9 hrs)',NULL,NULL,'2025-03-22 11:11:30','2025-03-26 15:54:22','Morning: Start early (by 6-7 AM) from Haridwar.  Breakfast stop at Rishikesh or Shivpuri.  On the Way: Drive via Chamba – Tehri Dam – Dharasu Bend.  Stop for lunch at Chinyalisaur or Uttarkashi.  Quick visit to Vishwanath Temple, Uttarkashi (optional).  Evening: Reach Harsil Valley (~25 km before Gangotri), known for scenic beauty OR halt at Uttarkashi.  Check-in at hotel/guesthouse.  Relax by the river, explore local area.'),(334,65,'Day 2: Harsil/Uttarkashi → Gangotri → Back to Harsil/Uttarkashi (100-120 km round trip)',NULL,NULL,'2025-03-22 11:11:30','2025-03-26 15:54:22','Morning: Early morning drive to Gangotri (25-50 km, 1.5-2 hrs).  Visit Gangotri Temple, take a holy dip in Bhagirathi River.  Optional short trek to Pandav Gufa or Surya Kund.  Midday: Lunch at Gangotri town (basic dhabas available).  Spend time soaking in the beauty and spirituality.  Evening: Return to Harsil/Uttarkashi by evening.  Bonfire and dinner at your hotel/guesthouse.'),(335,65,'Day 3: Uttarkashi/Harsil → Haridwar (200-220 km, 8-9 hrs)',NULL,NULL,'2025-03-22 11:11:30','2025-03-26 15:54:22','Morning: Start after breakfast.  Optional stop at Tehri Lake for quick views/photos.  Afternoon: Lunch en route at Chamba/Rishikesh.  Evening: Reach Haridwar by evening (~5-6 PM).'),(336,66,'Day 1: Rishikesh → Uttarkashi (Night Halt)',NULL,NULL,'2025-03-22 11:23:14','2025-03-26 15:54:22','Distance: ~170 km Time: 6-7 hours  Plan: Morning: Start early (~6-7 AM) from Rishikesh.  Route: Rishikesh → Chamba → Dharasu → Uttarkashi  Stops:  Devprayag (Quick stop for the confluence view of Alaknanda & Bhagirathi)  Chamba (Tea/snack break with beautiful views)  Dharasu Bend (good viewpoint)  Evening: Reach Uttarkashi by evening.  Visit Kashi Vishwanath Temple.  Overnight stay in Uttarkashi (many hotels & guesthouses).'),(337,66,'Day 2: Uttarkashi → Gangotri → Uttarkashi (Night Halt)',NULL,NULL,'2025-03-22 11:23:14','2025-03-26 15:54:22','Distance: ~100 km (one-way) Time: 3-4 hours one way  Plan: Start early morning (~6 AM) towards Gangotri.  Enjoy scenic drive via Harsil Valley & Bhairon Ghati.  Reach Gangotri Temple by late morning.  Darshan & explore:  Gangotri Temple  Ganga River origin point  Walk to Pandava Gufa if time permits.  Short walk near Surya Kund & Gauri Kund waterfalls.  Afternoon: After lunch, drive back to Uttarkashi.  Evening relaxation.'),(338,66,'Day 3: Uttarkashi → Rishikesh',NULL,NULL,'2025-03-22 11:23:14','2025-03-26 15:54:22','Distance: ~170 km Time: 6-7 hours  Plan: After breakfast, start return journey.  Stop again at scenic points like Tehri Dam viewpoint (optional).  Reach Rishikesh by evening.'),(339,67,'Day 1: Dehradun → Uttarkashi (Night Stay)',NULL,NULL,'2025-03-22 11:23:14','2025-03-26 15:54:22','Start Early: Leave Dehradun by 6:00 AM.  Distance: ~145 km (5-6 hours drive).  Route: Dehradun → Mussoorie → Suwakholi → Chinyalisaur → Uttarkashi.  Stops:  Breakfast at Mussoorie or Suwakholi (beautiful views!).  Stop at Tehri Lake Viewpoint en route.  Reach Uttarkashi by Afternoon.  Visit Local Places:  Kashi Vishwanath Temple  Maneri Dam  Night Stay: Uttarkashi (plenty of budget/mid-range hotels).'),(340,67,'Day 2: Uttarkashi → Gangotri → Uttarkashi',NULL,NULL,'2025-03-22 11:23:14','2025-03-26 15:54:22','Start Early: Leave by 6:00-6:30 AM to avoid traffic & landslides.  Distance: ~100 km (3-4 hours one way).  Drive: Very scenic with river and mountain views.  En Route Stops:  Harsil Valley (apple orchards, Bhagirathi river views)  Dharali village  Gangnani (hot springs) if time permits.  Reach Gangotri Temple by late morning.  Visit Gangotri Temple, take a dip in the Bhagirathi River.  Visit Surya Kund & Pandava Gufa.  Optional small trek: Bhojbasa (partial) or Gomukh trek start point (but only if you\'re fit & have time).  Lunch at Gangotri or Harsil.  Return to Uttarkashi by evening.  Night Stay: Same hotel in Uttarkashi.'),(341,67,'Day 3: Uttarkashi → Dehradun',NULL,NULL,'2025-03-22 11:23:14','2025-03-26 15:54:22','Start: After breakfast (~8:00 AM).  Distance: ~145 km.  Option 1: Direct return to Dehradun by afternoon (4-5 hrs).  Option 2 (if relaxed):  Stop at Mussoorie for lunch and sightseeing (Kempty Falls, Mall Road).  Reach Dehradun by evening (~6:00 PM).'),(342,68,'Day 1: Delhi → Haridwar / Rishikesh (220 km, 5-6 hrs)',NULL,NULL,'2025-03-22 11:46:33','2025-03-26 15:55:08','Morning: Early morning start from Delhi by car/train/bus.  Afternoon: Reach Haridwar or Rishikesh.  Activities: Visit Har Ki Pauri (Haridwar) or Laxman Jhula, Ram Jhula (Rishikesh), attend Ganga Aarti in the evening.  Stay: Overnight at Haridwar/Rishikesh.'),(343,68,'Day 2: Haridwar → Guptkashi / Sonprayag (210 km, 8-9 hrs)',NULL,NULL,'2025-03-22 11:46:33','2025-03-26 15:55:08','Morning: Depart early, enjoy the scenic drive through Devprayag, Rudraprayag.  Afternoon: Lunch en route.  Evening: Reach Guptkashi or Sonprayag.  Stay: Overnight at Guptkashi/Sonprayag.'),(344,68,'Day 3: Guptkashi → Gaurikund → Kedarnath (Drive 30 km + Trek 16 km)',NULL,NULL,'2025-03-22 11:46:33','2025-03-26 15:55:08','Morning: Drive to Gaurikund, start the 16 km trek to Kedarnath (Pony/Palanquin/Helicopter options available).  Afternoon: Reach Kedarnath, visit Kedarnath Temple.  Stay: Overnight stay at Kedarnath (basic accommodation, book in advance).'),(345,68,'Day 4: Kedarnath → Guptkashi (Trek + Drive back)',NULL,NULL,'2025-03-22 11:46:33','2025-03-26 15:55:08','Morning: Attend early morning aarti if possible.  Trek: Descend back to Gaurikund.  Drive: Return to Guptkashi.  Stay: Overnight at Guptkashi.'),(346,68,'Day 5: Guptkashi → Rishikesh / Haridwar (210 km, 8-9 hrs)',NULL,NULL,'2025-03-22 11:46:33','2025-03-26 15:55:08','Morning: Drive back via Rudraprayag, Srinagar.  Evening: Reach Rishikesh/Haridwar.  Stay: Overnight stay.'),(347,68,'Day 6: Rishikesh / Haridwar → Delhi (220 km, 5-6 hrs)',NULL,NULL,'2025-03-22 11:46:33','2025-03-26 15:55:08','Morning: After breakfast, drive back to Delhi.  Evening: Trip ends in Delhi.'),(348,87,'Day 1: Haridwar → Guptkashi / Sonprayag',NULL,NULL,'2025-03-22 11:46:34','2025-03-26 15:55:08','Distance: ~210 km  Travel Time: 8-9 hours  Route: Haridwar → Rishikesh → Devprayag → Rudraprayag → Guptkashi  Highlights:  Devprayag (confluence of Alaknanda & Bhagirathi)  Scenic views of the Ganga & Himalayan foothills  Stay: Hotel in Guptkashi or Sonprayag  Tip: Start early (around 6 AM) to reach before evening.'),(349,87,'Day 2: Guptkashi → Gaurikund → Kedarnath Trek',NULL,NULL,'2025-03-22 11:46:34','2025-03-26 15:55:08','Morning Drive: Guptkashi → Gaurikund (30 km, ~1.5 hr)  Trek Start Point: Gaurikund  Trek Distance: 16 km (moderate to tough)  Options: Trekking, Pony, Palki, or Helicopter (if pre-booked)  Estimated Trek Time: 6-8 hours (on foot)  Stay: Kedarnath (GMVN guest house, dharamshala, or pre-booked hotels)  Evening: Visit Kedarnath Temple for evening aarti (divine experience!)'),(350,87,'Day 3: Kedarnath → Gaurikund → Guptkashi / Rudraprayag',NULL,NULL,'2025-03-22 11:46:34','2025-03-26 15:55:08','Morning: Attend early morning temple darshan  Return Trek: Kedarnath → Gaurikund (start early, 5-6 AM)  Drive Back: Gaurikund → Guptkashi or further down to Rudraprayag (~80 km total)  Stay: Guptkashi / Rudraprayag'),(351,87,'Day 4: Guptkashi / Rudraprayag → Haridwar',NULL,NULL,'2025-03-22 11:46:34','2025-03-26 15:55:08','Distance: ~210 km  Travel Time: 7-8 hours  Highlights:  Tea break at Devprayag  Optional: Stop at Rishikesh for evening Ganga Aarti at Triveni Ghat  Evening: Arrive back in Haridwar'),(352,88,'Day 1: Rishikesh to Guptkashi/Sonprayag',NULL,NULL,'2025-03-22 11:46:34','2025-03-26 15:55:08','Distance: ~200 km  Travel Time: 8-9 hours  Route: Rishikesh → Devprayag → Srinagar → Rudraprayag → Guptkashi/Sonprayag  Start Early: Around 6 AM to avoid traffic and landslides.  Stay: Guptkashi or Sonprayag (closer to Kedarnath trek start point)  Things to Do:  Quick stop at Devprayag (confluence of Alaknanda & Bhagirathi rivers)  Evening visit to Vishwanath Temple in Guptkashi.'),(353,88,'Day 2: Guptkashi/Sonprayag to Kedarnath',NULL,NULL,'2025-03-22 11:46:34','2025-03-26 15:55:08','Distance:  Guptkashi → Sonprayag: 30 km (~1 hr)  Sonprayag → Gaurikund: 5 km (local jeep/taxi)  Gaurikund → Kedarnath: 16 km trek (moderate to tough)  Start Early: Leave by 4-5 AM  Options:  Trek: 6-8 hrs depending on fitness  Pony/Doli/Helicopter (pre-booking recommended for heli)  Stay: Near Kedarnath temple (GMVN guest houses, camps, or dharamshalas)  Evening: Attend Kedarnath Temple Aarti'),(354,88,'Day 3: Kedarnath to Guptkashi/Rudraprayag',NULL,NULL,'2025-03-22 11:46:34','2025-03-26 15:55:08','Morning Darshan at the temple  Start descent to Gaurikund after breakfast  Reach Sonprayag → Drive back to Guptkashi or Rudraprayag (~3-4 hrs)  Stay: Guptkashi or Rudraprayag  Relax and recover from trek fatigue'),(355,88,'Day 4: Guptkashi/Rudraprayag to Rishikesh',NULL,NULL,'2025-03-22 11:46:34','2025-03-26 15:55:08','Distance: ~200 km  Travel Time: 7-8 hours  Optional Stops:  Rudraprayag Sangam  Dhari Devi Temple near Srinagar  Arrive in Rishikesh by evening'),(356,89,'Day 1: Dehradun → Guptkashi / Sonprayag',NULL,NULL,'2025-03-22 11:46:34','2025-03-26 15:55:08','Distance: ~210 km (8-9 hours drive)  Route: Dehradun → Rishikesh → Devprayag → Srinagar → Rudraprayag → Guptkashi/Sonprayag  Start early (5-6 AM) to avoid traffic.  Enroute Highlights:  Devprayag Sangam (confluence of Alaknanda & Bhagirathi rivers)  Rudraprayag Sangam  Stay: Guptkashi (recommended) or Sonprayag (closer to Kedarnath trek start point)  Accommodation Options: Budget hotels, guesthouses, or camps.'),(357,89,'Day 2: Guptkashi / Sonprayag → Gaurikund → Kedarnath Trek',NULL,NULL,'2025-03-22 11:46:34','2025-03-26 15:55:08','Early morning drive: Guptkashi → Sonprayag (1 hr), park vehicle.  Shuttle/Local taxi: Sonprayag → Gaurikund (~5 km)  Trek: Gaurikund → Kedarnath (16 km trek)  Options: Trek on foot, hire pony/palanquin, or book helicopter (subject to availability and weather).  Reach Kedarnath by afternoon/evening  Stay: GMVN guesthouse, Dharamshala, tents, or booked hotels in Kedarnath.  Evening: Kedarnath temple darshan & attend evening aarti.'),(358,89,'Day 3: Kedarnath → Gaurikund → Guptkashi',NULL,NULL,'2025-03-22 11:46:34','2025-03-26 15:55:08','Early morning temple darshan (if missed evening before).  Descend trek: Kedarnath → Gaurikund  Return drive: Gaurikund → Sonprayag → Guptkashi  Rest & stay overnight in Guptkashi.'),(359,89,'Day 4: Guptkashi → Dehradun',NULL,NULL,'2025-03-22 11:46:34','2025-03-26 15:55:08','Drive back: Guptkashi → Rudraprayag → Rishikesh → Dehradun (~8-9 hours)  Optional: Quick visit to Rishikesh (Laxman Jhula, Ganga Aarti) if time allows.  Reach Dehradun by evening.'),(360,90,'Day 1: Delhi → Haridwar / Rishikesh',NULL,NULL,'2025-03-22 12:08:36','2025-04-01 13:54:43','Distance: ~220 km (5-6 hours drive)  Route: Delhi → Meerut → Muzaffarnagar → Roorkee → Haridwar / Rishikesh  Activities:  Start early morning from Delhi.  Reach Haridwar by afternoon. Attend Ganga Aarti at Har Ki Pauri.  If you prefer Rishikesh, enjoy evening at Laxman Jhula, Triveni Ghat Aarti.  Stay: Haridwar/Rishikesh'),(361,90,'Day 2: Haridwar → Joshimath',NULL,NULL,'2025-03-22 12:08:36','2025-04-01 13:54:43','Distance: ~275 km (9-10 hours drive)  Route: Haridwar → Devprayag → Srinagar → Rudraprayag → Karnaprayag → Joshimath  Activities:  Drive through the scenic Alaknanda River valley.  En route, visit Devprayag (confluence of Alaknanda & Bhagirathi).  Overnight stay at Joshimath (height acclimatization + rest).'),(362,90,'Day 3: Joshimath → Badrinath → Joshimath',NULL,NULL,'2025-03-22 12:08:36','2025-04-01 13:54:43','Distance: ~90 km (2.5 hours one way)  Activities:  Early morning leave for Badrinath.  Visit Badrinath Temple, Tapt Kund, Mana Village (India’s last village), Vyas Gufa, Bheem Pul.  Return to Joshimath by evening.  Stay: Joshimath'),(363,90,'Day 4: Joshimath → Rishikesh / Haridwar',NULL,NULL,'2025-03-22 12:08:36','2025-04-01 13:54:43','Distance: ~275 km (9-10 hours)  Activities:  Long drive back.  Stop at Rudraprayag or other small towns for tea breaks.  Reach Rishikesh / Haridwar by evening.  Stay: Haridwar/Rishikesh'),(364,90,'Day 5: Haridwar → Delhi',NULL,NULL,'2025-03-22 12:08:36','2025-04-01 13:54:43','Distance: ~220 km (5-6 hours)  Activities:  Relax in the morning.  If you wish, visit local temples or markets.  Drive back to Delhi'),(365,109,' Day 1: Haridwar → Joshimath',NULL,NULL,'2025-03-22 12:08:36','2025-04-01 13:54:43','Distance: ~275 km  Travel Time: 9-10 hours  Route: Haridwar → Rishikesh → Devprayag → Srinagar → Rudraprayag → Karnaprayag → Joshimath  Plan: Morning:  Start early (by 5:00-6:00 AM) from Haridwar to avoid traffic.  Quick breakfast at Rishikesh or en route.  On the way:  Stop at Devprayag (Sangam of Alaknanda & Bhagirathi Rivers).  Tea break at Rudraprayag (Confluence of Alaknanda & Mandakini Rivers).  Evening:  Reach Joshimath by evening.  Check-in at hotel & rest.  Optional: Visit Narsingh Temple at Joshimath.  Stay: Joshimath'),(366,109,' Day 2: Joshimath → Badrinath → Joshimath',NULL,NULL,'2025-03-22 12:08:36','2025-04-01 13:54:43','Distance (One Way): ~45 km (1.5-2 hours)  Plan: Morning:  Early morning drive to Badrinath Temple.  Darshan & Pooja at Badrinath Temple.  Visit nearby:  Tapt Kund (Hot water spring)  Brahma Kapal  Mana Village (Last Indian village, 3 km from Badrinath)  Vyas Gufa, Ganesh Gufa, Bhim Pul  Afternoon:  Lunch at Badrinath or back to Joshimath.  Evening:  Return to Joshimath.  Rest or explore Auli (optional, if time & energy permit) via ropeway.  Stay: Joshimath'),(367,109,'Day 3: Joshimath → Haridwar',NULL,NULL,'2025-03-22 12:08:36','2025-04-01 13:54:43','Distance: ~275 km  Travel Time: 9-10 hours  Plan: Morning:  Start early from Joshimath.  On the way:  Visit Dhari Devi Temple near Srinagar if interested.  Lunch en route.  Evening:  Reach Haridwar by evening/night.'),(368,110,' Day 1: Rishikesh → Badrinath (Approx. 300 km / 10-11 hrs)',NULL,NULL,'2025-03-22 12:08:36','2025-04-01 13:54:43','Morning: Start early (4:00 - 5:00 AM) from Rishikesh to avoid traffic and reach by evening.  Enroute stops:  Devprayag – Confluence of Alaknanda & Bhagirathi rivers.  Rudraprayag – Another beautiful sangam point.  Karnaprayag – Small stop for refreshments.  Afternoon: Lunch at Joshimath (good mid-way point).  Quick visit to Narsingh Temple, Joshimath if time permits.  Evening: Reach Badrinath by 4-5 PM.  Check-in to hotel.  Visit Badrinath Temple for evening darshan & Aarti.  Overnight stay in Badrinath.'),(369,110,'Day 2: Explore Badrinath & nearby',NULL,NULL,'2025-03-22 12:08:36','2025-04-01 13:54:43','Morning: Early morning darshan at Badrinath Temple.  Visit:  Tapt Kund (hot water spring).  Brahma Kapal (rituals for ancestors).  Breakfast at hotel/local dhaba.  Post Breakfast: Short trips:  Mana Village (India\'s last village, ~4 km from Badrinath).  Bhim Pul  Vyas Gufa  Ganesh Gufa  Saraswati River origin  Optional: Vasudhara Falls Trek (if you\'re up for a small trek).  Afternoon: Lunch and rest.  Evening: Relax, shop for souvenirs, or another round of temple visit.'),(370,110,' Day 3: Badrinath → Rishikesh (300 km / 10-11 hrs)',NULL,NULL,'2025-03-22 12:08:36','2025-04-01 13:54:43','Morning: Early breakfast, start return journey by 6:00 AM.  Same scenic route back.  Quick stops:  Rudraprayag or Srinagar for lunch/snacks.  Optional: Visit Dhari Devi Temple near Srinagar.  Evening: Reach Rishikesh by 6-7 PM.'),(371,111,'Day 1: Dehradun → Badrinath (Approx. 330 km | 10-12 hours)',NULL,NULL,'2025-03-22 12:08:36','2025-04-01 13:54:43','Early Morning (4-5 AM):  Start from Dehradun to avoid traffic and maximize daylight.  Route: Dehradun → Rishikesh → Devprayag → Srinagar → Rudraprayag → Joshimath → Badrinath.  En route Highlights:  Devprayag (confluence of Alaknanda & Bhagirathi rivers) - Quick photo stop.  Rudraprayag & Karnaprayag - Beautiful river views.  Joshimath - Gateway to Badrinath; quick tea/snack break.  Evening (5-6 PM):  Arrive at Badrinath.  Check-in at hotel/lodge.  Visit Badrinath Temple for evening aarti.  Overnight Stay: Badrinath.'),(372,111,'Day 2: Badrinath Local Sightseeing → Return towards Joshimath or Pipalkoti',NULL,NULL,'2025-03-22 12:08:36','2025-04-01 13:54:43','Morning:  Revisit Badrinath Temple for darshan (if not done on Day 1).  Visit nearby:  Tapt Kund (hot springs).  Mana Village (last Indian village before Tibet).  Vyas Gufa, Bheem Pul, Saraswati River origin.  Post Lunch:  Start return journey.  Drive towards Joshimath/Pipalkoti/Srinagar (depending on your pace).  Evening:  Check into hotel/lodge at chosen halt point.  Overnight Stay: Joshimath or Pipalkoti.'),(373,111,'Day 3: Joshimath → Dehradun',NULL,NULL,'2025-03-22 12:08:36','2025-04-01 13:54:43','Morning:  After breakfast, start return journey.  Optional stop at Auli (from Joshimath) via cable car if interested in a quick detour and if time permits.  En Route:  Scenic drive back, with possible stops at Rudraprayag or Devprayag for meals and photos.  Evening/Night:  Reach Dehradun.'),(374,112,'Day 1: Delhi to Haridwar/Rishikesh',NULL,NULL,'2025-03-22 13:23:32','2025-03-26 15:54:45','Distance: ~220 km / 5-6 hours  Activities:  Start early from Delhi.  Reach Haridwar/Rishikesh by afternoon.  Visit Har Ki Pauri Ganga Aarti (Haridwar) or Triveni Ghat Aarti (Rishikesh).  Optionally explore Laxman Jhula, Ram Jhula.  Overnight: Haridwar/Rishikesh'),(375,112,'Day 2: Haridwar/Rishikesh to Uttarkashi',NULL,NULL,'2025-03-22 13:23:32','2025-03-26 15:54:45','Distance: ~170-190 km / 6-7 hours  Activities:  Drive via scenic mountain routes.  En route stop at Tehri Dam viewpoint.  Reach Uttarkashi.  Visit Kashi Vishwanath Temple, Shakti Temple.  Overnight: Uttarkashi'),(376,112,'Day 3: Uttarkashi to Gangotri & back to Uttarkashi',NULL,NULL,'2025-03-22 13:23:32','2025-03-26 15:54:45','Distance: ~100 km (one way) / 3-4 hours each side  Activities:  Early morning drive to Gangotri Temple (3,100 m).  En route stop at Harsil Valley & Bhagirathi River viewpoint.  Visit Gangotri Temple, perform puja, explore surroundings.  Return to Uttarkashi by evening.  Overnight: Uttarkashi'),(377,112,'Day 4: Uttarkashi to Guptkashi / Sitapur',NULL,NULL,'2025-03-22 13:23:32','2025-03-26 15:54:45','Distance: ~220-240 km / 8-9 hours  Activities:  Long but scenic drive via Rudraprayag.  Lunch en route.  Reach Guptkashi/Sitapur (base for Kedarnath travelers, though we skip Kedarnath here).  Overnight: Guptkashi/Sitapur'),(378,112,'Day 5: Guptkashi/Sitapur to Badrinath',NULL,NULL,'2025-03-22 13:23:32','2025-03-26 15:54:45','Distance: ~180 km / 7-8 hours  Activities:  Start early.  Drive via Joshimath, Vishnuprayag, Govindghat.  Reach Badrinath Temple (3,133 m) by evening.  Visit temple for evening darshan.  Overnight: Badrinath'),(379,112,'Day 6: Badrinath Exploration',NULL,NULL,'2025-03-22 13:23:32','2025-03-26 15:54:45','Activities:  Early morning Badrinath Temple darshan.  Visit Tapt Kund, Mana Village (last Indian village), Vyas Gufa, Bheem Pul.  Explore local markets and relax.  Overnight: Badrinath'),(380,112,'Day 7: Badrinath to Rudraprayag/Devprayag',NULL,NULL,'2025-03-22 13:23:32','2025-03-26 15:54:45','Distance: ~160-190 km / 7-8 hours  Activities:  Drive back down.  Visit Nandaprayag, Karnaprayag, Rudraprayag confluences.  Rest and relax.  Overnight: Rudraprayag/Devprayag'),(381,112,'Day 8: Rudraprayag/Devprayag to Delhi',NULL,NULL,'2025-03-22 13:23:32','2025-03-26 15:54:45','Distance: ~350-400 km / 9-10 hours  Activities:  Start early morning.  Breakfast & lunch en route.  Return to Delhi by evening/night.'),(382,131,'Day 1: Haridwar → Uttarkashi (Drive: ~190 km, 7-8 hrs)',NULL,NULL,'2025-03-22 13:23:32','2025-03-26 15:54:45','Morning: Depart early from Haridwar  Enroute sights:  Devprayag (Confluence of Bhagirathi & Alaknanda rivers)  Scenic view points  Reach Uttarkashi by evening  Visit: Kashi Vishwanath Temple  Night stay: Uttarkashi'),(383,131,'Day 2: Uttarkashi → Gangotri → Uttarkashi (Drive: 100 km one way, 3-4 hrs each side)',NULL,NULL,'2025-03-22 13:23:32','2025-03-26 15:54:45','Early morning drive to Gangotri  Gangotri Temple Darshan  Take a dip in the Bhagirathi river (Ganges origin point)  Visit nearby places: Bhairon Ghati, Pandava Gufa  Afternoon return to Uttarkashi  Night stay: Uttarkashi'),(384,131,'Day 3: Uttarkashi → Rudraprayag (Drive: ~250 km, 8-9 hrs)',NULL,NULL,'2025-03-22 13:23:32','2025-03-26 15:54:45','Long scenic drive via Tehri Dam  Stop at Srinagar and Rudraprayag confluence (Alaknanda & Mandakini)  Night stay: Rudraprayag'),(385,131,'Day 4: Rudraprayag → Badrinath (Drive: ~160 km, 6-7 hrs)',NULL,NULL,'2025-03-22 13:23:32','2025-03-26 15:54:45','Early morning drive towards Badrinath  Enroute visit:  Joshimath (Optional: Narsimha Temple, Shankaracharya Math)  Vishnuprayag  Reach Badrinath by afternoon  Badrinath Temple Darshan  Visit Tapt Kund, Mana Village (Last village), Vyas Gufa  Night stay: Badrinath'),(386,131,'Day 5: Badrinath → Srinagar (Drive: ~190 km, 7-8 hrs)',NULL,NULL,'2025-03-22 13:23:32','2025-03-26 15:54:45','Early morning revisit temple if desired  Drive down to Srinagar  Enroute visit Karnaprayag, Nandaprayag  Night stay: Srinagar (Garhwal)'),(387,131,'Day 6: Srinagar → Haridwar (Drive: ~130 km, 5-6 hrs)',NULL,NULL,'2025-03-22 13:23:32','2025-03-26 15:54:45','Morning drive back to Haridwar  Stop at Rishikesh (Optional: Ram Jhula, Laxman Jhula, Ganga Aarti)  Evening arrival at Haridwar'),(388,132,'Day 1: Rishikesh → Uttarkashi (Drive: ~160 km, 6-7 hrs)',NULL,NULL,'2025-03-22 13:23:32','2025-03-26 15:54:45','Start early from Rishikesh.  Scenic drive along the Ganga & Bhagirathi rivers.  Check-in at Uttarkashi.  Visit Kashi Vishwanath Temple, local markets.  Overnight stay in Uttarkashi.'),(389,132,'Day 2: Uttarkashi → Gangotri → Uttarkashi (Drive: ~100 km one-way, 3-4 hrs each side)',NULL,NULL,'2025-03-22 13:23:32','2025-03-26 15:54:45','Early morning drive to Gangotri Temple.  Darshan at Gangotri, enjoy the peaceful vibes by Bhagirathi river.  Optional: Visit Surya Kund & Pandava Gufa.  Return to Uttarkashi by evening.  Overnight stay in Uttarkashi'),(390,132,'Day 3: Uttarkashi → Rudraprayag / Chopta (Drive: ~200 km, 8-9 hrs)',NULL,NULL,'2025-03-22 13:23:32','2025-03-26 15:54:45','Long scenic drive via Tehri, Srinagar.  En route, view Tehri Dam & confluence points.  Prefer night stay at Rudraprayag (optionally in Chopta if interested in more scenic spots).'),(391,132,'Day 4: Rudraprayag → Badrinath (Drive: ~160 km, 6-7 hrs)',NULL,NULL,'2025-03-22 13:23:32','2025-03-26 15:54:45','Drive towards Badrinath via Joshimath & Vishnuprayag.  Check-in at Badrinath.  Visit Badrinath Temple, Tapt Kund (Hot Springs), Mana Village (last village of India).  Overnight stay in Badrinath.'),(392,132,'Day 5: Badrinath → Pipalkoti / Rudraprayag (Drive: ~150-200 km, 6-7 hrs)',NULL,NULL,'2025-03-22 13:23:32','2025-03-26 15:54:45','Optional morning darshan again at Badrinath.  Drive back towards Rudraprayag / Pipalkoti.  Night stay en route.'),(393,132,'Day 6: Rudraprayag → Rishikesh (Drive: ~160 km, 6 hrs)',NULL,NULL,'2025-03-22 13:23:32','2025-03-26 15:54:45','Return to Rishikesh leisurely.  Option to visit Devprayag (confluence of Alaknanda & Bhagirathi rivers).  Trip ends in Rishikesh by evening.'),(394,133,'Day 1: Dehradun → Uttarkashi (Approx. 145 km / 6-7 hrs)',NULL,NULL,'2025-03-22 13:27:45','2025-03-26 15:54:45','Early morning departure from Dehradun.  Enroute visit:  Kempty Falls (Mussoorie bypass)  Naga Devta Temple  Reach Uttarkashi, check-in at hotel.  Visit Vishwanath Temple, Shakti Temple in the evening.  Overnight stay in Uttarkashi.'),(395,133,'Day 2: Uttarkashi → Gangotri → Uttarkashi (Approx. 100 km one way / 3-4 hrs)',NULL,NULL,'2025-03-22 13:27:45','2025-03-26 15:54:46','Early morning drive to Gangotri.  Enroute:  Harsil Valley (scenic beauty)  Bhairon Ghati Bridge  Darshan at Gangotri Temple, take a dip in Bhagirathi River.  Optionally, short trek to Pandav Gufa or Surya Kund.  Return to Uttarkashi by evening.  Overnight stay in Uttarkashi.'),(396,133,'Day 3: Uttarkashi → Rudraprayag (Approx. 180 km / 7-8 hrs)',NULL,NULL,'2025-03-22 13:27:45','2025-03-26 15:54:46','After breakfast, drive towards Rudraprayag.  Enroute:  Tehri Dam viewpoint  Devprayag (Sangam of Alaknanda & Bhagirathi rivers)  Check-in at Rudraprayag.  Visit Rudranath Temple and Sangam point.  Overnight stay in Rudraprayag.'),(397,133,'Day 4: Rudraprayag → Badrinath (Approx. 160 km / 6-7 hrs)',NULL,NULL,'2025-03-22 13:27:45','2025-03-26 15:54:46','Early morning departure to Badrinath.  Enroute:  Narsingh Temple at Joshimath  Vishnuprayag (Alaknanda & Dhauliganga Sangam)  Reach Badrinath, check-in.  Visit Badrinath Temple, Tapt Kund, Brahma Kapal.  Explore Mana Village (India’s last village).  Overnight stay in Badrinath.'),(398,133,'Day 5: Badrinath → Srinagar (Approx. 190 km / 7-8 hrs)',NULL,NULL,'2025-03-22 13:27:45','2025-03-26 15:54:46','After morning darshan at Badrinath, drive back towards Srinagar (Garhwal).  Enroute halt at Karnaprayag and Rudraprayag Sangam.  Reach Srinagar, relax, and overnight stay.'),(399,133,'Day 6: Srinagar → Dehradun (Approx. 135 km / 5-6 hrs)',NULL,NULL,'2025-03-22 13:27:45','2025-03-26 15:54:46','Post breakfast, head back to Dehradun.  Enroute can stop at Rishikesh for:  Ram Jhula, Laxman Jhula  Triveni Ghat  Reach Dehradun by evening, completing the trip.'),(400,141,'Day 1: Delhi → Haridwar / Rishikesh (230 km, 5-6 hrs)',NULL,NULL,'2025-03-22 14:06:54','2025-03-26 15:54:55','Morning: Drive from Delhi to Haridwar or Rishikesh  Afternoon: Check-in, rest  Evening: Attend Ganga Aarti at Har Ki Pauri (Haridwar) or Triveni Ghat (Rishikesh)  Overnight: Haridwar/Rishikesh'),(401,141,'Day 2: Haridwar → Uttarkashi (170 km, 6-7 hrs)',NULL,NULL,'2025-03-22 14:06:54','2025-03-26 15:54:55','Drive via Chamba, Tehri Dam  Visit Kashi Vishwanath Temple in Uttarkashi  Overnight: Uttarkashi'),(402,141,'Day 3: Uttarkashi → Gangotri → Uttarkashi (100 km one way, 3-4 hrs each way)',NULL,NULL,'2025-03-22 14:06:54','2025-03-26 15:54:55','Early morning drive to Gangotri  Visit Gangotri Temple & Bhagirathi River origin point  Optional: Short trek to Pandava Gufa or Surya Kund  Return to Uttarkashi  Overnight: Uttarkashi'),(403,141,'Day 4: Uttarkashi → Guptkashi / Sitapur (200 km, 8-9 hrs)',NULL,NULL,'2025-03-22 14:06:54','2025-03-26 15:54:55','Long scenic drive via Rudraprayag  Guptkashi is the base for Kedarnath trek  Visit Ardh Narishwar Temple in Guptkashi  Overnight: Guptkashi/Sitapur'),(404,141,'Day 5: Guptkashi → Gaurikund → Kedarnath Trek (Drive + 18 km trek)',NULL,NULL,'2025-03-22 14:06:54','2025-03-26 15:54:55','Early drive to Gaurikund  Start 18 km trek to Kedarnath (You can also opt for pony, palki, or helicopter)  Reach Kedarnath Temple, darshan  Overnight: Kedarnath (at dharamshala or guest house)'),(405,141,'Day 6: Kedarnath → Gaurikund → Guptkashi (18 km trek + drive)',NULL,NULL,'2025-03-22 14:06:54','2025-03-26 15:54:55','Morning: Temple visit (if missed)  Trek down to Gaurikund  Drive back to Guptkashi/Sitapur  Overnight: Guptkashi/Sitapur'),(406,141,'Day 7: Guptkashi → Rishikesh / Haridwar (200 km, 7-8 hrs)',NULL,NULL,'2025-03-22 14:06:54','2025-03-26 15:54:55','Drive back to Rishikesh/Haridwar  Rest & leisure  Evening: Ganga Aarti if missed  Overnight: Rishikesh/Haridwar'),(407,141,'Day 8: Rishikesh → Delhi (230 km, 5-6 hrs)',NULL,NULL,'2025-03-22 14:06:54','2025-03-26 15:54:55','Morning: Start for Delhi  Evening: Arrive back in Delhi'),(408,142,'Day 1: Dehradun to Uttarkashi (approx. 150 km, 6-7 hrs)',NULL,NULL,'2025-03-22 14:06:54','2025-03-26 15:54:55','Route: Dehradun → Mussoorie → Suwakholi → Uttarkashi  Places to Visit En Route:  Kempty Falls (near Mussoorie)  Scenic views of the Himalayas  Vishwanath Temple, Uttarkashi  Maneri Dam  Night Stay: Uttarkashi'),(409,142,'Day 2: Uttarkashi to Gangotri & back (approx. 200 km round trip, 8-9 hrs)',NULL,NULL,'2025-03-22 14:06:54','2025-03-26 15:54:55','Route: Uttarkashi → Harsil Valley → Gangotri → return to Uttarkashi  Places to Visit:  Harsil Valley (beautiful spot for photography)  Gangotri Temple (one of the Char Dham shrines)  Surya Kund Waterfall  Bhairon Ghati (optional short stop)  Night Stay: Uttarkashi'),(410,142,'Day 3: Uttarkashi to Guptkashi/Sitapur (approx. 230 km, 9-10 hrs)',NULL,NULL,'2025-03-22 14:06:54','2025-03-26 15:54:55','Route: Uttarkashi → Ghansali → Tilwara → Guptkashi/Sitapur  Highlights:  Beautiful views of the Mandakini River  Kashi Vishwanath Temple, Guptkashi  Ardh Narishwar Temple  Night Stay: Guptkashi/Sitapur'),(411,142,'Day 4: Guptkashi/Sitapur to Kedarnath (by trek or helicopter)',NULL,NULL,'2025-03-22 14:06:54','2025-03-26 15:54:55','Option 1: Trek Route  Drive to Gaurikund (30 km)  Trek 16 km to Kedarnath  Option 2: Helicopter  From Phata/Guptkashi to Kedarnath (pre-booking recommended)  Places to Visit:  Kedarnath Temple (main shrine)  Bhairavnath Temple  Peaceful valley views  Night Stay: Kedarnath (or return to Sitapur if using helicopter)'),(412,142,'Day 5: Return Kedarnath to Guptkashi/Sitapur → Rudraprayag (approx. 80 km, 4-5 hrs)',NULL,NULL,'2025-03-22 14:06:54','2025-03-26 15:54:55','Route: Descend from Kedarnath → Guptkashi → Rudraprayag  Places to Visit:  Rudraprayag Sangam (confluence of Alaknanda & Mandakini rivers)  Koteshwar Mahadev Temple  Night Stay: Rudraprayag/Srinagar (Garhwal)'),(413,142,'Day 6: Rudraprayag/Srinagar → Dehradun (approx. 170 km, 6-7 hrs)',NULL,NULL,'2025-03-22 14:06:54','2025-03-26 15:54:55','Route: Rudraprayag → Devprayag → Rishikesh → Dehradun  Places to Visit:  Devprayag Sangam (confluence of Alaknanda & Bhagirathi rivers)  Rishikesh: Ram Jhula, Laxman Jhula, Ganga Aarti (optional stop)'),(414,143,'Day 1: Haridwar to Uttarkashi (Gangotri Base)',NULL,NULL,'2025-03-22 14:06:54','2025-03-26 15:54:55','Distance: ~190 km (7-8 hrs)  Route: Haridwar → Rishikesh → Chamba → Dharasu → Uttarkashi  Enroute Places to Visit:  Devprayag (Confluence of Alaknanda & Bhagirathi rivers)  Tehri Dam Viewpoint  Kashi Vishwanath Temple (Uttarkashi)  Shakti Temple (Uttarkashi)  Stay: Uttarkashi'),(415,143,'Day 2: Uttarkashi to Gangotri & Back',NULL,NULL,'2025-03-22 14:06:54','2025-03-26 15:54:55','Distance: 100 km one way (3-4 hrs each side)  Places to Visit:  Gangotri Temple (One of the Char Dham)  Bhagirath Shila  Surya Kund & Gauri Kund  Harsil Valley (Famous for its beauty & apple orchards)  Gangnani Hot Water Spring (on return)  Stay: Uttarkashi'),(416,143,'Day 3: Uttarkashi to Guptkashi / Sonprayag',NULL,NULL,'2025-03-22 14:06:54','2025-03-26 15:54:55','Distance: ~230 km (8-9 hrs)  Route: Uttarkashi → Ghansali → Tilwara → Agastyamuni → Guptkashi  Places to Visit:  Mandakini River views  Vishwanath Temple (Guptkashi)  Ardhnarishwar Temple (Guptkashi)  Stay: Guptkashi / Sonprayag'),(417,143,'Day 4: Guptkashi to Kedarnath',NULL,NULL,'2025-03-22 14:06:54','2025-03-26 15:54:55','Distance: 30 km drive to Sonprayag + 18 km trek to Kedarnath  Trek: Sonprayag → Gaurikund → Kedarnath (via Rambara, Jungle Chatti)  Places to Visit:  Kedarnath Temple (Main highlight)  Bhairavnath Temple  Adi Shankaracharya Samadhi  Stay: Kedarnath (Can book GMVN camps or hotels)'),(418,143,'Day 5: Kedarnath to Guptkashi / Rudraprayag',NULL,NULL,'2025-03-22 14:06:54','2025-03-26 15:54:55','Trek back to Gaurikund, drive to Guptkashi/Rudraprayag  Optionally, visit:  Triyuginarayan Temple (Believed to be the marriage place of Shiva-Parvati)  Stay: Rudraprayag / Guptkashi'),(419,143,'Day 6: Rudraprayag to Haridwar',NULL,NULL,'2025-03-22 14:06:54','2025-03-26 15:54:55','Distance: ~160 km (6-7 hrs)  Places to Visit:  Rudraprayag Sangam (Confluence of Alaknanda & Mandakini Rivers)  Dhari Devi Temple (enroute Srinagar)  Rishikesh sightseeing (Ram Jhula, Parmarth Niketan Ganga Aarti)  Evening: Reach Haridwar'),(420,144,'Day 1: Rishikesh → Uttarkashi',NULL,NULL,'2025-03-22 14:06:54','2025-03-26 15:54:55','Distance: ~170 km (6-7 hours)  Key stops:  Devprayag (Confluence of Alaknanda & Bhagirathi rivers)  Dharasu Bend (beautiful viewpoint)  Stay: Uttarkashi  Places to visit in Uttarkashi:  Kashi Vishwanath Temple  Nehru Institute of Mountaineering (Optional)'),(421,144,'Day 2: Uttarkashi → Gangotri → Uttarkashi',NULL,NULL,'2025-03-22 14:06:54','2025-03-26 15:54:55','Distance: 100 km one way (3-4 hours each side)  Key stops:  Harsil Valley (picturesque)  Bhairon Ghati  Gangotri Temple (source of River Ganga)  Surya Kund (waterfall near Gangotri)  Stay: Return to Uttarkashi'),(422,144,'Day 3: Uttarkashi → Guptkashi',NULL,NULL,'2025-03-22 14:06:54','2025-03-26 15:54:55','Distance: ~210 km (8-9 hours)  Key stops:  Tehri Dam (viewpoint)  Rudraprayag (confluence of Alaknanda & Mandakini rivers)  Agastmuni (small town with a temple)  Stay: Guptkashi (base for Kedarnath trek)'),(423,144,'Day 4: Guptkashi → Kedarnath Trek',NULL,NULL,'2025-03-22 14:06:54','2025-03-26 15:54:55','Drive to: Sonprayag (30 km, 1 hr), then to Gaurikund (5 km)  Trek: Gaurikund to Kedarnath (~16 km trek)  Stay: Kedarnath (night stay near temple)  Visit:  Kedarnath Temple  Bhairav Temple (short trek above Kedarnath)'),(424,144,'Day 5: Kedarnath → Guptkashi / Rudraprayag',NULL,NULL,'2025-03-22 14:06:54','2025-03-26 15:54:55','Trek back to Gaurikund → Drive to Guptkashi / Rudraprayag  Relax & explore Rudraprayag town if staying there.'),(425,144,'Day 6: Guptkashi / Rudraprayag → Rishikesh',NULL,NULL,'2025-03-22 14:06:54','2025-03-26 15:54:55','Distance: ~180 km (6-7 hours)  Key stops:  Dhari Devi Temple (on the way)  Devprayag (if missed earlier)  Reach Rishikesh by evening.'),(426,138,'Day 1: Delhi → Haridwar / Rishikesh (220 km, 5-6 hrs)',NULL,NULL,'2025-03-22 14:28:48','2025-03-26 15:55:39','Start early from Delhi  Reach Haridwar / Rishikesh  Sightseeing:  Har Ki Pauri Ganga Aarti (Haridwar)  Laxman Jhula, Ram Jhula (Rishikesh)  Optional: Beatles Ashram, Neelkanth Mahadev Temple  Overnight stay in Haridwar/Rishikesh'),(427,138,'Day 2: Haridwar → Guptkashi (210 km, 8-9 hrs)',NULL,NULL,'2025-03-22 14:28:48','2025-03-26 15:55:39','Scenic drive via Devprayag (confluence of Alaknanda & Bhagirathi)  Short stops at Rudraprayag, Srinagar  Reach Guptkashi  Visit Ardh Narishwar Temple  Overnight stay in Guptkashi'),(428,138,'Day 3: Guptkashi → Kedarnath (Drive to Sonprayag + Trek/Helicopter)',NULL,NULL,'2025-03-22 14:28:48','2025-03-26 15:55:39','Early morning drive to Sonprayag  From Gaurikund, start 16 km trek to Kedarnath OR take helicopter (if pre-booked)  Reach Kedarnath Temple, attend evening aarti  Overnight stay at Kedarnath (basic accommodation)'),(429,138,'Day 4: Kedarnath → Guptkashi Return',NULL,NULL,'2025-03-22 14:28:48','2025-03-26 15:55:39','Early morning darshan at Kedarnath  Trek down to Gaurikund, drive back to Guptkashi  Relax & overnight stay at Guptkashi'),(430,138,'Day 5: Guptkashi → Badrinath (185 km, 7-8 hrs)',NULL,NULL,'2025-03-22 14:28:48','2025-03-26 15:55:39','Drive to Badrinath via Chopta & Joshimath  Quick stop at Narsingh Temple (Joshimath)  Reach Badrinath Temple  Evening visit to temple & Tapt Kund hot springs  Overnight stay at Badrinath'),(431,138,'Day 6: Badrinath → Rudraprayag / Srinagar (165 km, 6-7 hrs)',NULL,NULL,'2025-03-22 14:28:48','2025-03-26 15:55:39','Early morning darshan at Badrinath  Visit:  Mana Village (Last Indian village)  Vyas Gufa, Bheem Pul, Saraswati River Origin  Drive back to Rudraprayag/Srinagar  Overnight stay at Rudraprayag/Srinagar'),(432,138,'Day 7: Rudraprayag → Delhi (350 km, 9-10 hrs)',NULL,NULL,'2025-03-22 14:28:48','2025-03-26 15:55:39','Start early, enroute stop for meals  Arrive back in Delhi by evening/night'),(433,145,'Day 1: Dehradun → Guptkashi (Approx. 200 km, 8-9 hours)',NULL,NULL,'2025-03-22 14:28:48','2025-03-26 15:55:39','Start early from Dehradun.  En route visit:  Devprayag (Confluence of Alaknanda & Bhagirathi rivers – start of Ganga)  Rudraprayag (Confluence of Alaknanda & Mandakini rivers)  Reach Guptkashi by evening.  Visit Vishwanath Temple and Ardhanareshwar Temple.  Overnight stay at Guptkashi.'),(434,145,'Day 2: Guptkashi → Kedarnath (30 km drive + 16 km trek)',NULL,NULL,'2025-03-22 14:28:48','2025-03-26 15:55:39','Early morning drive to Gaurikund.  Begin 16 km trek to Kedarnath.  Reach Kedarnath Temple, one of the 12 Jyotirlingas.  Attend evening Aarti at Kedarnath Temple.  Overnight stay at Kedarnath (you can stay in GMVN camps or hotels).'),(435,145,'Day 3: Kedarnath → Guptkashi (Trek back + drive)',NULL,NULL,'2025-03-22 14:28:48','2025-03-26 15:55:39','Attend morning Darshan at Kedarnath Temple.  Trek back to Gaurikund and drive to Guptkashi.  Rest & overnight stay at Guptkashi.'),(436,145,'Day 4: Guptkashi → Badrinath (Approx. 190 km, 8-9 hours)',NULL,NULL,'2025-03-22 14:28:48','2025-03-26 15:55:39','Drive towards Badrinath.  En route visit:  Joshimath (Optional: Ropeway to Auli if time permits)  Vishnuprayag (Confluence of Alaknanda & Dhauliganga rivers)  Reach Badrinath by evening.  Visit Badrinath Temple and take a dip in Tapt Kund (Hot Spring).  Overnight stay at Badrinath.'),(437,145,'Day 5: Badrinath → Rudraprayag (Approx. 160 km, 6-7 hours)',NULL,NULL,'2025-03-22 14:28:48','2025-03-26 15:55:39','Morning Darshan at Badrinath Temple.  Visit:  Mana Village (Last village of India)  Vyas Gufa, Ganesh Gufa, Bheem Pul  Drive back towards Rudraprayag.  Overnight stay at Rudraprayag.'),(438,145,'Day 6: Rudraprayag → Dehradun (Approx. 165 km, 6-7 hours)',NULL,NULL,'2025-03-22 14:28:48','2025-03-26 15:55:39','Visit Karnaprayag (if time allows).  Drive back to Dehradun.  Trip ends with beautiful memories!'),(439,146,'Day 1: Haridwar → Guptkashi (200 km, ~8 hrs)',NULL,NULL,'2025-03-22 14:28:48','2025-03-26 15:55:39','Morning: Start early from Haridwar.  On the way: Visit Devprayag (confluence of Alaknanda & Bhagirathi rivers).  Reach Guptkashi by evening.  Visit:  Ardh Narishwar Temple  Vishwanath Temple  Night stay: Guptkashi.'),(440,146,'Day 2: Guptkashi → Kedarnath (Drive + Trek/Helicopter)',NULL,NULL,'2025-03-22 14:28:48','2025-03-26 15:55:39','Early morning: Drive to Gaurikund (30 km).  Start 16 km trek to Kedarnath (pony/doli/trek).  Or opt for helicopter service from Phata/Sersi.  Reach Kedarnath by afternoon/evening.  Visit:  Kedarnath Temple (One of 12 Jyotirlingas)  Bhairavnath Temple  Night stay: Kedarnath (basic accommodation).'),(441,146,'Day 3: Kedarnath → Guptkashi',NULL,NULL,'2025-03-22 14:28:48','2025-03-26 15:55:39','Early morning Darshan at Kedarnath Temple.  Return trek back to Gaurikund.  Drive back to Guptkashi.  Rest and night stay: Guptkashi.'),(442,146,'Day 4: Guptkashi → Badrinath (185 km, ~7-8 hrs)',NULL,NULL,'2025-03-22 14:28:48','2025-03-26 15:55:39','Morning: Drive towards Badrinath via Joshimath.  On the way:  Visit Chopta (Mini Switzerland of India) if time permits.  Visit Narsimha Temple & Shankaracharya Math in Joshimath.  Reach Badrinath by evening.  Visit:  Badrinath Temple  Tapt Kund (Hot water spring)  Night stay: Badrinath.'),(443,146,'Day 5: Badrinath → Rudraprayag/Srinagar (160-200 km, ~6-7 hrs)',NULL,NULL,'2025-03-22 14:28:48','2025-03-26 15:55:39','Early morning temple darshan.  Visit:  Mana Village (Last village of India)  Vyas Gufa, Ganesh Gufa, Bheem Pul.  Drive back via Vishnuprayag, Karnaprayag, Nandaprayag.  Night stay: Rudraprayag/Srinagar.'),(444,146,'Day 6: Rudraprayag/Srinagar → Haridwar (130-160 km, ~5-6 hrs)',NULL,NULL,'2025-03-22 14:28:48','2025-03-26 15:55:39','Visit Rudraprayag Sangam (Alaknanda & Mandakini rivers confluence).  Drive back to Haridwar.  Optionally visit Rishikesh (Laxman Jhula, Ram Jhula, Ganga Aarti at Triveni Ghat) en route.  End the trip in Haridwar by evening.'),(445,147,'Day 1: Rishikesh → Guptkashi (Approx. 190 km / 7-8 hrs)',NULL,NULL,'2025-03-22 14:28:48','2025-03-26 15:55:39','Highlights:  Devprayag Sangam – Confluence of Alaknanda & Bhagirathi rivers  Rudraprayag – Confluence of Mandakini & Alaknanda rivers  Evening at Guptkashi, visit:  Ardh Narishwar Temple  Relax & acclimatize  Stay: Guptkashi'),(446,147,'Day 2: Guptkashi → Kedarnath (Drive + Trek)',NULL,NULL,'2025-03-22 14:28:48','2025-03-26 15:55:39','Drive: Guptkashi to Sonprayag (30 km, 1 hr), then shuttle to Gaurikund Trek: 16 km trek to Kedarnath  Highlights:  Gaurikund Temple & Hot Springs  Scenic trek alongside Mandakini River  Evening Darshan at Kedarnath Temple  Stay: Kedarnath (basic accommodation or GMVN guesthouses)'),(447,147,'Day 3: Kedarnath → Guptkashi Return',NULL,NULL,'2025-03-22 14:28:48','2025-03-26 15:55:39','Morning visit Kedarnath Temple (for those who missed evening darshan)  Trek back to Gaurikund (16 km)  Drive back to Guptkashi  Stay: Guptkashi'),(448,147,'Day 4: Guptkashi → Badrinath (Approx. 210 km / 8 hrs)',NULL,NULL,'2025-03-22 14:28:48','2025-03-26 15:55:39','Chopta (Optional stop) – Mini Switzerland of India  Joshimath – Gateway to Badrinath  Evening reach Badrinath, visit:  Badrinath Temple  Tapt Kund (Hot Water Spring)  Stay: Badrinath'),(449,147,'Day 5: Badrinath → Joshimath → Rudraprayag (Approx. 160 km / 6 hrs)',NULL,NULL,'2025-03-22 14:28:48','2025-03-26 15:55:39','Morning Visit:  Mana Village (Last village before China border):  Vyas Gufa  Bheem Pul  Saraswati River Origin  On return:  Joshimath: Visit Narsimha Temple, Shankaracharya Math  Drive down to Rudraprayag  Stay: Rudraprayag'),(450,147,'Day 6: Rudraprayag → Rishikesh (Approx. 140 km / 5 hrs)',NULL,NULL,'2025-03-22 14:28:48','2025-03-26 15:55:39','Quick stop at Karnaprayag and Devprayag (if missed earlier)  Return to Rishikesh by afternoon/evening  Free time in Rishikesh:  Laxman Jhula  Ram Jhula  Evening Ganga Aarti at Triveni Ghat'),(451,139,'Day 1: Delhi → Haridwar / Rishikesh (220 km, 5-6 hrs)',NULL,NULL,'2025-03-22 16:26:07','2025-03-26 15:56:05','Departure from Delhi early morning.  Visit in Haridwar:  Har Ki Pauri (Ganga Aarti in evening)  Mansa Devi & Chandi Devi Temples  Optional (if staying in Rishikesh):  Laxman Jhula, Ram Jhula  Triveni Ghat Aarti  Night stay: Haridwar or Rishikesh'),(452,139,'Day 2: Haridwar → Barkot (220 km, 7-8 hrs)',NULL,NULL,'2025-03-22 16:26:07','2025-03-26 15:56:05','Drive via Dehradun, Mussoorie, scenic mountain route.  En-route visit:  Kempty Falls (near Mussoorie)  Local view points of Mussoorie  Reach Barkot, a small town near Yamunotri.  Night stay: Barkot'),(453,139,'Day 3: Barkot → Yamunotri → Barkot (Drive + Trek)',NULL,NULL,'2025-03-22 16:26:07','2025-03-26 15:56:05','Drive to Janki Chatti (45 km).  Trek (6 km one way) to Yamunotri Temple:  Visit Yamunotri Temple  Take a dip in Surya Kund (hot water spring)  Visit Divya Shila  Return trek and drive back to Barkot.  Night stay: Barkot'),(454,139,'Day 4: Barkot → Uttarkashi (100 km, 4-5 hrs)',NULL,NULL,'2025-03-22 16:26:07','2025-03-26 15:56:05','Drive towards Uttarkashi.  Visit en-route:  Beautiful mountain valleys  Prakateshwar Cave Temple  In Uttarkashi:  Vishwanath Temple  Shakti Temple  Rest and prepare for Gangotri.  Night stay: Uttarkashi'),(455,139,'Day 5: Uttarkashi → Gangotri → Uttarkashi (100 km one way, 3-4 hrs)',NULL,NULL,'2025-03-22 16:26:07','2025-03-26 15:56:05','Early morning drive to Gangotri.  Places to visit:  Gangotri Temple (Origin of Ganga River)  Bhairon Ghati  Surya Kund  Pandava Gufa (Optional small trek)  Return to Uttarkashi.  Night stay: Uttarkashi'),(456,139,'Day 6: Uttarkashi → Rishikesh / Haridwar (170 km, 6-7 hrs)',NULL,NULL,'2025-03-22 16:26:07','2025-03-26 15:56:05','Drive back towards Rishikesh or Haridwar.  Relax and visit local cafes or ghats.  Optional rafting (if staying in Rishikesh & time permits).  Night stay: Rishikesh / Haridwar'),(457,139,'Day 7: Haridwar / Rishikesh → Delhi (220 km, 5-6 hrs)',NULL,NULL,'2025-03-22 16:26:07','2025-03-26 15:56:05','After breakfast, depart for Delhi.  Optional stop at:  Neelkanth Mahadev Temple (Rishikesh)  Bharat Mata Mandir (Haridwar)  Trip ends in Delhi by evening.'),(458,151,'Day 1: Dehradun → Barkot (via Mussoorie)',NULL,NULL,'2025-03-22 16:26:07','2025-03-26 15:56:05','Distance: ~130 km | Time: 5-6 hrs  Route: Dehradun → Mussoorie → Kempty Falls → Barkot  Places to Visit:  Mussoorie Mall Road (optional quick stop)  Kempty Falls (scenic waterfall, good for photos)  Lakhamandal Temple (optional small detour, ancient temple)  Barkot town – Overnight stay (good base for Yamunotri)'),(459,151,'Day 2: Barkot → Yamunotri → Barkot',NULL,NULL,'2025-03-22 16:26:07','2025-03-26 15:56:05','Distance: 36 km drive to Janki Chatti + 6 km trek (one way)  Route: Barkot → Janki Chatti → Yamunotri → return Barkot  Activities:  Drive to Janki Chatti  Trek or take a pony/doli to Yamunotri Temple (approx. 6 km)  Visit Surya Kund (hot water spring)  Darshan at Yamunotri Temple  Return to Barkot for overnight stay'),(460,151,'Day 3: Barkot → Uttarkashi',NULL,NULL,'2025-03-22 16:26:07','2025-03-26 15:56:05','Distance: ~100 km | Time: 4-5 hrs  Route: Barkot → Radi → Uttarkashi  Places to Visit:  Prakateshwar Mahadev Cave (on the way)  Kashi Vishwanath Temple, Uttarkashi  Shakti Temple (giant trident)  Relax near Bhagirathi River  Overnight stay in Uttarkashi'),(461,151,'Day 4: Uttarkashi → Gangotri → Harsil → Uttarkashi',NULL,NULL,'2025-03-22 16:26:07','2025-03-26 15:56:05','Distance: ~100 km one way | Time: 3-4 hrs one way  Route: Uttarkashi → Gangotri → Harsil → return Uttarkashi  Activities:  Early morning drive to Gangotri Temple  Visit Bhagirath Shila, Pandav Gufa  Enjoy the views at Harsil Valley (apple orchards, river view)  Optional: Stop at Gangnani Hot Springs  Return to Uttarkashi, overnight stay'),(462,151,'Day 5: Uttarkashi → Rishikesh',NULL,NULL,'2025-03-22 16:26:07','2025-03-26 15:56:05','Distance: ~170 km | Time: 6-7 hrs  Route: Uttarkashi → Chinyalisaur → Tehri → Rishikesh  Places to Visit on the Way:  Tehri Lake & Dam Viewpoint (beautiful photo stop)  Arrive in Rishikesh  Visit Triveni Ghat Aarti, Ram Jhula, Laxman Jhula  Overnight stay in Rishikesh'),(463,151,'Day 6: Rishikesh → Dehradun',NULL,NULL,'2025-03-22 16:26:07','2025-03-26 15:56:05','Distance: ~50 km | Time: 1.5-2 hrs  Optional Morning Activities:  Neelkanth Mahadev Temple  Beatles Ashram (for history lovers)  Enjoy local cafes & yoga centers  Drive back to Dehradun by afternoon/evening'),(464,152,'Day 1: Haridwar → Barkot (Approx. 200 km / 7-8 hrs)',NULL,NULL,'2025-03-22 16:26:07','2025-03-26 15:56:05','Route: Haridwar → Dehradun → Mussoorie → Barkot Highlights:  Visit Kempty Falls (near Mussoorie)  Scenic drive via Mussoorie hills  Evening at leisure in Barkot, enjoy the beautiful hill station vibe  Overnight: Barkot'),(465,152,'Day 2: Barkot → Yamunotri → Barkot (Approx. 36 km drive + 6 km trek each way)',NULL,NULL,'2025-03-22 16:26:07','2025-03-26 15:56:05','Route: Barkot → Janki Chatti → Yamunotri (trek starts) Highlights:  Drive to Janki Chatti  Trek 6 km to Yamunotri Temple  Visit Surya Kund (hot water spring) & Divya Shila  Return trek and drive back to Barkot  Overnight: Barkot'),(466,152,'Day 3: Barkot – Uttarkashi (approx. 100 km / 4–5 hrs)',NULL,NULL,'2025-03-22 16:26:07','2025-03-26 15:56:05','Morning: Drive to Uttarkashi, town on the banks of Bhagirathi River.  Visit:  Vishwanath Temple – dedicated to Lord Shiva.  Shakti Temple – known for its large trident (Trishul).  Evening: Explore the local market and riverside.  Overnight: Uttarkashi.'),(467,152,'Day 4: Uttarkashi – Gangotri – Uttarkashi (approx. 200 km round trip / 7–8 hrs)',NULL,NULL,'2025-03-22 16:26:07','2025-03-26 15:56:05','Early morning: Depart for Gangotri.  Scenic spots en route:  Harsil Valley – picturesque village and pine forests.  Bhairon Ghati – narrow gorge with hanging bridge.  At Gangotri:  Gangotri Temple – dedicated to Goddess Ganga.  Bhim Gufa and Pandava Gufa (optional short trek).  Ganga Aarti at the riverbank.  Return: Drive back to Uttarkashi.  Overnight: Uttarkashi'),(468,152,'Day 5: Uttarkashi – Rishikesh (approx. 170 km / 6–7 hrs)',NULL,NULL,'2025-03-22 16:26:07','2025-03-26 15:56:05','Drive to Rishikesh, stopping at viewpoints and dhabas.  Evening activities in Rishikesh:  Triveni Ghat – attend Ganga Aarti.  Walk on Laxman Jhula and Ram Jhula.  Explore cafes and local markets.  Overnight: Rishikesh.'),(469,152,'Day 6: Rishikesh – Haridwar (approx. 25 km / 1 hr)',NULL,NULL,'2025-03-22 16:26:07','2025-03-26 15:56:05','Morning: Visit ashrams (like Parmarth Niketan, Beatles Ashram), or do adventure activities (optional).  Return to Haridwar by afternoon.  Optional: Visit Har Ki Pauri for holy dip or evening Aarti if time allows.'),(470,153,'Day 1: Rishikesh → Barkot (approx. 180 km / 7-8 hrs)',NULL,NULL,'2025-03-22 16:26:08','2025-03-26 15:56:05','Morning: Start early from Rishikesh  Enroute Sightseeing:  Kempty Falls (Mussoorie) – Quick stop  Scenic views of Mussoorie hills  Arrival at Barkot: Evening check-in at hotel/camp  Rest & prepare for Yamunotri trek next day'),(471,153,'Day 2: Barkot → Yamunotri → Barkot (Drive 36 km + Trek 12 km one way)',NULL,NULL,'2025-03-22 16:26:08','2025-03-26 15:56:05','Morning: Drive to Janki Chatti  Trek (6 km one side) to Yamunotri Temple  Visit Yamunotri Temple  Dip at Surya Kund (Hot Spring)  Divya Shila (sacred stone near the temple)  Evening: Return trek & drive back to Barkot'),(472,153,'Day 3: Barkot → Uttarkashi (approx. 100 km / 4 hrs)',NULL,NULL,'2025-03-22 16:26:08','2025-03-26 15:56:05','Drive to Uttarkashi  Enroute: Enjoy views of river valleys & small villages  Sightseeing at Uttarkashi:  Kashi Vishwanath Temple  Shakti Temple (with massive Trishul)  Explore local market  Stay overnight in Uttarkashi'),(473,153,'Day 4: Uttarkashi → Gangotri → Uttarkashi (approx. 100 km one way / 4 hrs each way)',NULL,NULL,'2025-03-22 16:26:08','2025-03-26 15:56:05','Morning: Drive to Gangotri Temple  Stop at Harsil Valley (beautiful apple orchards & river views)  Visit Bhagirathi River at Gangnani (Hot Water Spring)  Visit:  Gangotri Temple  Bhagirath Shila  Pandava Gufa (optional short trek)  Evening: Return to Uttarkashi & overnight stay'),(474,153,'Day 5: Uttarkashi → Rishikesh (approx. 170 km / 7 hrs)',NULL,NULL,'2025-03-22 16:26:08','2025-03-26 15:56:05','Leisurely drive back to Rishikesh  Enroute stop:  Tehri Lake (optional boat ride)  Scenic viewpoints  Evening: Reach Rishikesh, rest or explore Ganga Aarti at Triveni Ghat'),(475,153,'Day 6: Rishikesh Exploration & Departure',NULL,NULL,'2025-03-22 16:26:08','2025-03-26 15:56:05','Visit iconic spots in Rishikesh:  Laxman Jhula & Ram Jhula  Parmarth Niketan Ashram  Neer Garh Waterfall  Beatles Ashram (optional)  Optional adventure: Rafting or Yoga session  Departure'),(476,158,'Day 1: Delhi → Haridwar (220 km, 5-6 hours)',NULL,NULL,'2025-03-22 21:46:34','2025-04-16 09:36:44','Morning: Depart from Delhi early morning.  Afternoon: Reach Haridwar.  Sightseeing:  Har Ki Pauri (Ganga Aarti in the evening)  Mansa Devi Temple  Chandi Devi Temple  Overnight stay: Haridwar'),(477,158,'Day 2: Haridwar → Barkot (190 km, 6-7 hours)',NULL,NULL,'2025-03-22 21:46:34','2025-04-16 09:36:44','Enroute:  Visit Kempty Falls near Mussoorie if time permits.  Scenic drive through hill roads.  Evening: Reach Barkot, base for Yamunotri.  Overnight stay: Barkot'),(478,158,' Day 3: Barkot → Yamunotri → Barkot (Drive + Trek)',NULL,NULL,'2025-03-22 21:46:34','2025-04-16 09:36:44','Drive: Barkot → Janki Chatti (45 km)  Trek: Janki Chatti → Yamunotri (6 km one way)  Visit:  Yamunotri Temple (Source of River Yamuna)  Surya Kund hot springs  Return to Barkot  Overnight stay: Barkot'),(479,158,'Day 4: Barkot → Uttarkashi (100 km, 4 hours)',NULL,NULL,'2025-03-22 21:46:34','2025-04-16 09:36:44','Visit enroute:  Prakateshwar Mahadev Cave  In Uttarkashi:  Kashi Vishwanath Temple  Nehru Institute of Mountaineering (optional visit)  Evening by Bhagirathi River  Overnight stay: Uttarkashi'),(480,158,'Day 5: Uttarkashi → Guptkashi (230 km, 8-9 hours)',NULL,NULL,'2025-03-22 21:46:34','2025-04-16 09:36:44','Long but scenic drive.  Quick stop at Tehri Dam view point.  Drive via Rudraprayag, confluence of Alaknanda & Mandakini rivers.  Overnight stay: Guptkashi'),(481,158,' Day 6: Guptkashi → Badrinath (190 km, 7-8 hours)',NULL,NULL,'2025-03-22 21:46:34','2025-04-16 09:36:44','Enroute:  Stop at Joshimath (visit Narsingh Temple)  Beautiful views of the Alaknanda River valley  Evening visit:  Badrinath Temple  Tapt Kund (hot springs)  Mana Village (last village of India, if time allows)  Overnight stay: Badrinath'),(482,158,' Day 7: Badrinath → Rudraprayag/Srinagar (190-210 km, 7-8 hours)',NULL,NULL,'2025-03-22 21:46:34','2025-04-16 09:36:44','Morning darshan at Badrinath if missed.  Start return journey.  Stop at:  Vishnuprayag (Alaknanda + Dhauliganga confluence)  Karnaprayag  Rudraprayag (beautiful confluence points)  Overnight stay: Rudraprayag or Srinagar (Garhwal)'),(483,158,' Day 8: Rudraprayag → Rishikesh → Delhi (350 km, 8-9 hours)',NULL,NULL,'2025-03-22 21:46:34','2025-04-16 09:36:44','Morning drive to Rishikesh.  Quick visit:  Laxman Jhula  Ram Jhula  Parmarth Niketan Ashram  Continue drive to Delhi.  Evening arrival in Delhi.'),(484,159,'Day 1: Dehradun → Barkot (Approx. 130 km / 5-6 hrs)',NULL,NULL,'2025-03-22 21:46:34','2025-04-16 09:36:44','Drive through Mussoorie (optional stop at Kempty Falls)  Reach Barkot by evening  Stay: Barkot'),(485,159,'Day 2: Barkot → Yamunotri → Barkot (36 km drive + 6 km trek one way)',NULL,NULL,'2025-03-22 21:46:34','2025-04-16 09:36:44','Drive to Janki Chatti  Trek to Yamunotri Temple (6 km)  Visit Surya Kund (Hot water spring) and Divya Shila  Return trek + drive back to Barkot  Stay: Barkot'),(486,159,'Day 3: Barkot → Uttarkashi (Approx. 100 km / 4-5 hrs)',NULL,NULL,'2025-03-22 21:46:34','2025-04-16 09:36:44','Visit Shakti Temple, Kashi Vishwanath Temple  Optional: Visit Maneri Dam  Stay: Uttarkashi'),(487,159,'Day 4: Uttarkashi → Guptkashi (Approx. 220 km / 8-9 hrs)',NULL,NULL,'2025-03-22 21:46:34','2025-04-16 09:36:44','Scenic drive along the Bhagirathi & Alaknanda rivers  Stopover at Tehri Dam (optional)  Reach Guptkashi by evening  Stay: Guptkashi'),(488,159,'Day 5: Guptkashi → Badrinath (Approx. 190 km / 7-8 hrs)',NULL,NULL,'2025-03-22 21:46:34','2025-04-16 09:36:45','Drive via Joshimath  Visit Narsingh Temple (Joshimath)  Arrive at Badrinath Temple  Take a dip at Tapt Kund (Hot water spring)  Visit Mana Village (Last Indian village), Vyas Gufa, Bhim Pul  Stay: Badrinath'),(489,159,'Day 6: Badrinath → Rudraprayag (Approx. 160 km / 6-7 hrs)',NULL,NULL,'2025-03-22 21:46:34','2025-04-16 09:36:45','Visit Vishnuprayag, Karnaprayag, Nandaprayag  Explore Rudraprayag confluence  Stay: Rudraprayag'),(490,159,'Day 7: Rudraprayag → Dehradun (Approx. 160 km / 6-7 hrs)',NULL,NULL,'2025-03-22 21:46:34','2025-04-16 09:36:45','Return via Devprayag (confluence of Alaknanda & Bhagirathi)  Reach Dehradun by evening'),(491,160,'Day 1: Haridwar → Barkot (Yamunotri Base)',NULL,NULL,'2025-03-22 21:46:34','2025-04-16 09:36:45','Distance: ~210 km / 7-8 hours  Route: Haridwar → Rishikesh → Chamba → Mussoorie → Barkot  Places to Visit:  Rishikesh (Triveni Ghat, Laxman Jhula, Ram Jhula)  Kempty Falls (near Mussoorie, optional)  Scenic hill drive, Yamuna river views  Stay: Barkot'),(492,160,'Day 2: Barkot → Yamunotri → Barkot',NULL,NULL,'2025-03-22 21:46:34','2025-04-16 09:36:45','Distance: 36 km drive + 6 km trek (one way)  Details:  Drive to Janki Chatti  Trek to Yamunotri Temple (can use pony/doli if needed)  Visit Yamuna Devi Temple, Surya Kund (hot water spring)  Return trek & drive back to Barkot  Stay: Barkot'),(493,160,'Day 3: Barkot → Uttarkashi',NULL,NULL,'2025-03-22 21:46:34','2025-04-16 09:36:45','Distance: ~100 km / 4-5 hours  Places to Visit en route:  Beautiful valleys & apple orchards  Prakateshwar Mahadev Cave  In Uttarkashi:  Visit Vishwanath Temple  Shakti Temple (giant Trishul)  Stay: Uttarkashi'),(494,160,'Day 4: Uttarkashi → Rudraprayag / Pipalkoti',NULL,NULL,'2025-03-22 21:46:34','2025-04-16 09:36:45','Distance: ~240 km / 8-9 hours  Highlights:  Scenic drive along Bhagirathi & Alaknanda rivers  Enroute visit:  Tehri Dam (view point)  Devprayag Sangam (Alaknanda & Bhagirathi confluence, forming Ganga)  Stay: Pipalkoti or Rudraprayag (depending on timing)'),(495,160,'Day 5: Pipalkoti → Badrinath',NULL,NULL,'2025-03-22 21:46:34','2025-04-16 09:36:45','Distance: ~80-90 km / 3-4 hours  Places to Visit:  Joshimath (Narsimha Temple, Shankaracharya Math)  Drive to Badrinath  Visit Badrinath Temple, Tapt Kund (hot spring)  Mana Village (last village before China border, visit Vasudhara Falls, Bhim Pul)  Stay: Badrinath'),(496,160,'Day 6: Badrinath → Rudraprayag / Srinagar',NULL,NULL,'2025-03-22 21:46:34','2025-04-16 09:36:45','Distance: ~160 km / 6-7 hours  Details:  After morning darshan, start return journey  Enroute visit:  Karna Prayag (confluence of Alaknanda & Pindar rivers)  Nandprayag  Stay: Srinagar/Rudraprayag'),(497,160,'Day 7: Rudraprayag → Haridwar',NULL,NULL,'2025-03-22 21:46:34','2025-04-16 09:36:45','Distance: ~160 km / 5-6 hours  Enroute:  Rudraprayag Sangam (Alaknanda & Mandakini rivers)  Reach Haridwar by evening'),(498,161,'Day 1: Rishikesh → Barkot (Approx. 175 km / 6-7 hrs)',NULL,NULL,'2025-03-22 21:46:34','2025-04-16 09:36:45','Morning: Depart Rishikesh after breakfast.  En-route Places to Visit:  Devprayag (confluence of Alaknanda & Bhagirathi rivers)  Kempty Falls (Mussoorie detour) if you have time.  Evening: Arrive at Barkot. Check-in and relax.  Overnight: Barkot'),(499,161,'Day 2: Barkot → Yamunotri → Barkot (Drive 36 km + 6 km trek one-way)',NULL,NULL,'2025-03-22 21:46:34','2025-04-16 09:36:45','Morning: Drive to Janki Chatti.  Trek: 6 km (one-way) trek to Yamunotri Temple.  Visit Surya Kund, Divya Shila.  Darshan at Yamunotri Temple.  Return trek & drive back to Barkot.  Overnight: Barkot'),(500,161,'Day 3: Barkot → Uttarkashi (Approx. 100 km / 4 hrs)',NULL,NULL,'2025-03-22 21:46:34','2025-04-16 09:36:45','Morning: Drive to Uttarkashi.  Places to Visit:  Kashi Vishwanath Temple  Shakti Temple  Maneri Dam (Optional)  Explore Uttarkashi town.  Overnight: Uttarkashi'),(501,161,'Day 4: Uttarkashi → Rudraprayag (Approx. 175 km / 7 hrs)',NULL,NULL,'2025-03-22 21:46:34','2025-04-16 09:36:45','Scenic drive along Bhagirathi & Alaknanda rivers.  Visit En-route:  Tehri Dam viewpoint.  Confluence points (Rudraprayag, Devprayag, etc.).  Evening: Arrive Rudraprayag, relax.  Overnight: Rudraprayag'),(502,161,'Day 5: Rudraprayag → Badrinath (Approx. 160 km / 6 hrs)',NULL,NULL,'2025-03-22 21:46:34','2025-04-16 09:36:45','Morning: Drive to Badrinath.  En-route:  Joshimath (Narsingh Temple)  Vishnuprayag  Afternoon: Reach Badrinath.  Visit Badrinath Temple, Tapt Kund, Mana Village (last village near Indo-China border), Vyas Gufa, Bhim Pul.  Evening Aarti at the temple.  Overnight: Badrinath'),(503,161,'Day 6: Badrinath → Srinagar (Approx. 200 km / 7 hrs)',NULL,NULL,'2025-03-22 21:46:34','2025-04-16 09:36:45','Morning: After darshan, depart for Srinagar (Garhwal).  En-route:  Karnaprayag, Nandaprayag, Rudraprayag (all confluences).  Evening: Arrive at Srinagar.  Overnight: Srinagar'),(504,161,'Day 7: Srinagar → Rishikesh (Approx. 120 km / 4 hrs)',NULL,NULL,'2025-03-22 21:46:34','2025-04-16 09:36:45','Morning: Visit Dhari Devi Temple en route.  Arrive back at Rishikesh by afternoon.  Optional evening Ganga Aarti at Triveni Ghat.'),(505,154,'Day 1: Delhi → Haridwar (220 km, 5-6 hrs)',NULL,NULL,'2025-03-22 22:21:52','2025-03-26 15:56:57','Depart early morning from Delhi.  Reach Haridwar by afternoon.  Visit:  Har Ki Pauri Ganga Aarti  Mansa Devi & Chandi Devi temples (via ropeway)  Evening local market exploration.  Overnight stay in Haridwar.'),(506,154,'Day 2: Haridwar → Barkot (170 km, 6-7 hrs)',NULL,NULL,'2025-03-22 22:21:52','2025-03-26 15:56:57','Depart for Barkot via Mussoorie.  Stop at:  Kempty Falls (optional)  Scenic views of Shivalik ranges.  Reach Barkot, check-in.  Relax & prepare for Yamunotri trek next day.  Overnight in Barkot.'),(507,154,'Day 3: Barkot → Yamunotri → Barkot (Drive 40 km + Trek 12 km one way)',NULL,NULL,'2025-03-22 22:21:52','2025-03-26 15:56:57','Drive to Janki Chatti (starting point for Yamunotri).  Trek or hire pony/palanquin to Yamunotri Temple.  Visit Surya Kund (Hot Water Spring).  Darshan at Yamunotri Temple (dedicated to Goddess Yamuna).  Return trek and drive back to Barkot.  Overnight in Barkot.'),(508,154,'Day 4: Barkot → Uttarkashi (100 km, 4-5 hrs)',NULL,NULL,'2025-03-22 22:21:52','2025-03-26 15:56:57','Depart for Uttarkashi, en route enjoy natural beauty.  Visit:  Kashi Vishwanath Temple  Shakti Temple (with the big Trishul)  Stroll by Bhagirathi River banks.  Overnight stay in Uttarkashi.'),(509,154,'Day 5: Uttarkashi → Guptkashi (200 km, 8 hrs)',NULL,NULL,'2025-03-22 22:21:52','2025-03-26 15:56:57','Early morning drive to Guptkashi.  En route stop at Tehri Dam viewpoint.  Visit:  Ardh Narishwar Temple in Guptkashi.  Rest & overnight stay in Guptkashi.'),(510,154,'Day 6: Guptkashi → Kedarnath (Drive 30 km + Trek 18 km)',NULL,NULL,'2025-03-22 22:21:52','2025-03-26 15:56:57','Drive to Gaurikund.  Start trek to Kedarnath Temple (18 km one way).  Option for pony, palanquin, or helicopter (pre-booking required).  Evening darshan of Kedarnath Jyotirlinga.  Overnight stay at Kedarnath (basic accommodation).'),(511,154,'Day 7: Kedarnath → Guptkashi (Trek + Drive back)',NULL,NULL,'2025-03-22 22:21:52','2025-03-26 15:56:57','Early morning darshan (optional).  Trek back to Gaurikund, drive to Guptkashi.  Rest and relax.  Overnight stay in Guptkashi.'),(512,154,'Day 8: Guptkashi → Rishikesh → Delhi (450 km, 11-12 hrs)',NULL,NULL,'2025-03-22 22:21:52','2025-03-26 15:56:57','Drive back to Delhi via Rishikesh.  Quick stop at Rishikesh for:  Ram Jhula, Laxman Jhula  Ganga Aarti at Triveni Ghat (if time allows)  Continue drive to Delhi. Trip ends.'),(513,155,'Day 1: Dehradun → Barkot (via Mussoorie)',NULL,NULL,'2025-03-22 22:21:52','2025-03-26 15:56:57','Distance: ~125 km | Time: 5-6 hours  Route: Dehradun → Mussoorie → Kempty Falls → Barkot  Places to Visit:  Mussoorie Sightseeing: Mall Road, Gun Hill Point  Kempty Falls: Beautiful waterfall en route  Barkot: Base for Yamunotri, relax & acclimatize  Stay: Barkot'),(514,155,'Day 2: Barkot → Yamunotri → Barkot',NULL,NULL,'2025-03-22 22:21:52','2025-03-26 15:56:57','Distance: 40 km drive + 6 km trek (one way)  Route: Barkot → Janki Chatti → Yamunotri  Activities:  Drive to Janki Chatti  Trek to Yamunotri Temple (can hire pony/doli if needed)  Visit Surya Kund (Hot Water Spring) and Divya Shila  Return: Back to Barkot for overnight stay'),(515,155,'Day 3: Barkot → Uttarkashi',NULL,NULL,'2025-03-22 22:21:52','2025-03-26 15:56:57','Distance: ~100 km | Time: 4-5 hours  Route: Barkot → Dharasu → Uttarkashi  Places to Visit:  Prakateshwar Mahadev Cave Temple (en route)  In Uttarkashi:  Kashi Vishwanath Temple  Shakti Temple (Big Trishul)  Stay: Uttarkashi'),(516,155,'Day 4: Uttarkashi → Guptkashi',NULL,NULL,'2025-03-22 22:21:52','2025-03-26 15:56:57','Distance: ~200 km | Time: 8-9 hours  Route: Uttarkashi → Tehri Dam → Srinagar → Rudraprayag → Guptkashi  Highlights:  Scenic drive alongside Tehri Lake  Views of confluences (Sangams): Devprayag, Rudraprayag  Evening visit to Ardh Narishwar Temple, Guptkashi  Stay: Guptkashi'),(517,155,'Day 5: Guptkashi → Kedarnath (Trek)',NULL,NULL,'2025-03-22 22:21:52','2025-03-26 15:56:57','Distance: 30 km drive + 18 km trek  Route: Guptkashi → Sonprayag → Gaurikund → Kedarnath  Activities:  Early drive to Sonprayag & Gaurikund  Start 18 km trek to Kedarnath Temple  Visit the divine Kedarnath Temple  Stay: Kedarnath (basic lodges or GMVN camps)'),(518,155,'Day 6: Kedarnath → Guptkashi / Rudraprayag',NULL,NULL,'2025-03-22 22:21:52','2025-03-26 15:56:57','Trek back: Kedarnath → Gaurikund → Sonprayag  Drive to: Guptkashi or Rudraprayag (as per your comfort)  Relax & Rest'),(519,155,'Day 7: Guptkashi / Rudraprayag → Dehradun',NULL,NULL,'2025-03-22 22:21:52','2025-03-26 15:56:57','Distance: ~200-220 km | Time: 8-9 hours  Route: Guptkashi → Srinagar → Devprayag → Rishikesh → Dehradun  Optional Stops:  Devprayag (Alaknanda & Bhagirathi confluence)  Rishikesh Sightseeing: Laxman Jhula, Ram Jhula, Ganga Aarti (if time permits)'),(520,156,'Day 1: Haridwar → Barkot (approx. 200 km / 7-8 hrs)',NULL,NULL,'2025-03-22 22:21:52','2025-03-26 15:56:57','Morning: Depart from Haridwar after breakfast.  Enroute Sightseeing:  Mussoorie (optional, quick stop): Kempty Falls.  Lakhamandal Temple (mythologically significant site near Yamunotri route).  Evening: Reach Barkot. Rest and acclimatize.  Stay: Barkot.'),(521,156,'Day 2: Barkot → Yamunotri → Barkot (approx. 90 km drive + 12 km trek)',NULL,NULL,'2025-03-22 22:21:52','2025-03-26 15:56:57','Morning: Drive to Janki Chatti (base for Yamunotri trek).  Trek:  6 km one way trek to Yamunotri Temple (can hire pony/palki if needed).  Visit Surya Kund (hot water spring) and Divya Shila.  Afternoon: Return trek to Janki Chatti.  Evening: Back to Barkot.  Stay: Barkot.'),(522,156,'Day 3: Barkot → Uttarkashi (approx. 100 km / 4 hrs)',NULL,NULL,'2025-03-22 22:21:52','2025-03-26 15:56:57','Morning: Drive towards Uttarkashi.  Sightseeing in Uttarkashi:  Kashi Vishwanath Temple.  Shakti Temple (giant trishul).  Nehrukund & Maneri Dam (optional).  Stay: Uttarkashi'),(523,156,'Day 4: Uttarkashi → Guptkashi (approx. 230 km / 9-10 hrs)',NULL,NULL,'2025-03-22 22:21:52','2025-03-26 15:56:57','Early start due to long drive.  Beautiful views of Tehri Dam en route.  Evening arrival at Guptkashi.  Visit Ardh Narishwar Temple if time permits.  Stay: Guptkashi.'),(524,156,'Day 5: Guptkashi → Kedarnath (drive 30 km to Sonprayag + 18 km trek)',NULL,NULL,'2025-03-22 22:21:52','2025-03-26 15:56:57','Drive to Sonprayag & then transfer to Gaurikund (small vehicle allowed).  Trek 18 km to Kedarnath Temple (Pony/Palki/Helicopter options available).  Visit:  Kedarnath Temple darshan.  Bhairav Temple (optional short trek).  Overnight stay at Kedarnath (basic accommodation).'),(525,156,'Day 6: Kedarnath → Guptkashi (trek back & drive)',NULL,NULL,'2025-03-22 22:21:52','2025-03-26 15:56:57','Morning return trek to Gaurikund.  Drive back to Guptkashi.  Rest and relax after trek.  Stay: Guptkashi.'),(526,156,'Day 7: Guptkashi → Haridwar (approx. 210 km / 8 hrs)',NULL,NULL,'2025-03-22 22:21:52','2025-03-26 15:56:57','Drive back to Haridwar.  Optional stops at Rudraprayag (confluence of Alaknanda & Mandakini Rivers) and Devprayag (Alaknanda & Bhagirathi confluence forming Ganga).  Reach Haridwar by evening.'),(527,157,'Day 1: Rishikesh → Barkot (Approx. 170 km / 6-7 hrs)',NULL,NULL,'2025-03-22 22:21:52','2025-03-26 15:56:57','Morning: Depart from Rishikesh after breakfast.  Enroute places:  Devprayag (confluence of Alaknanda & Bhagirathi rivers)  Tehri Dam (optional stop)  Evening: Reach Barkot, check-in at hotel.  Overnight: Barkot'),(528,157,'Day 2: Barkot → Yamunotri → Barkot (36 km drive + 6 km trek one way)',NULL,NULL,'2025-03-22 22:21:52','2025-03-26 15:56:57','Morning: Drive to Janki Chatti (36 km), then trek 6 km to Yamunotri Temple.  Enroute highlights:  Surya Kund (hot water spring)  Divya Shila (sacred stone)  Darshan at Yamunotri Temple  Return trek to Janki Chatti → Drive back to Barkot.  Overnight: Barkot'),(529,157,'Day 3: Barkot → Uttarkashi (Approx. 100 km / 4 hrs)',NULL,NULL,'2025-03-22 22:21:52','2025-03-26 15:56:57','Visit Kashi Vishwanath Temple in Uttarkashi.  Stroll at Maneri Dam & Bhali Dam if time allows.  Explore local market.  Overnight: Uttarkashi'),(530,157,'Day 4: Uttarkashi → Guptkashi (Approx. 220 km / 8-9 hrs)',NULL,NULL,'2025-03-22 22:21:52','2025-03-26 15:56:57','Long scenic drive alongside rivers and through the mountains.  Enroute places:  Mandakini & Alaknanda river confluence at Rudraprayag.  Stop at Chopta (Mini Switzerland) if time permits.  Reach Guptkashi by evening.  Visit Ardh Narishwar Temple.  Overnight: Guptkashi'),(531,157,'Day 5: Guptkashi → Kedarnath (Drive 30 km + 18 km trek)',NULL,NULL,'2025-03-22 22:21:52','2025-03-26 15:56:57','Early morning drive to Sonprayag.  From Sonprayag, proceed to Gaurikund → Start 18 km trek to Kedarnath.  Reach Kedarnath, visit Kedarnath Temple, evening Aarti.  Overnight: Kedarnath (option to stay at GMVN camps/hotels).'),(532,157,'Day 6: Kedarnath → Guptkashi (18 km trek + drive)',NULL,NULL,'2025-03-22 22:21:52','2025-03-26 15:56:57','Morning Darshan (if missed).  Trek back to Gaurikund → Drive to Guptkashi.  Rest and relax after trek.  Overnight: Guptkashi'),(533,157,'Day 7: Guptkashi → Rishikesh (Approx. 210 km / 8 hrs)',NULL,NULL,'2025-03-22 22:21:52','2025-03-26 15:56:57','Drive back to Rishikesh.  Enroute sightseeing:  Rudraprayag Sangam  Devprayag (if skipped earlier)  Evening arrival in Rishikesh.  Optional: Visit Ganga Aarti at Triveni Ghat.');
/*!40000 ALTER TABLE `dham_stops` ENABLE KEYS */;
UNLOCK TABLES;

--
-- Table structure for table `discount_cities`
--

DROP TABLE IF EXISTS `discount_cities`;
/*!40101 SET @saved_cs_client     = @@character_set_client */;
/*!50503 SET character_set_client = utf8mb4 */;
CREATE TABLE `discount_cities` (
  `id` int NOT NULL AUTO_INCREMENT,
  `discount_id` int NOT NULL,
  `pickup_city_name` varchar(255) COLLATE utf8mb4_general_ci DEFAULT NULL,
  `pickup_city_place_id` varchar(255) COLLATE utf8mb4_general_ci DEFAULT NULL,
  `drop_city_name` varchar(255) COLLATE utf8mb4_general_ci DEFAULT NULL,
  `drop_city_place_id` varchar(255) COLLATE utf8mb4_general_ci DEFAULT NULL,
  `is_bidirectional` tinyint(1) NOT NULL DEFAULT '0',
  `createdBy` varchar(255) COLLATE utf8mb4_general_ci DEFAULT NULL,
  `updatedBy` varchar(255) COLLATE utf8mb4_general_ci DEFAULT NULL,
  `createdAt` datetime NOT NULL,
  `updatedAt` datetime NOT NULL,
  `city_id` int DEFAULT NULL,
  PRIMARY KEY (`id`),
  KEY `discount_id` (`discount_id`),
  CONSTRAINT `discount_cities_ibfk_1` FOREIGN KEY (`discount_id`) REFERENCES `discounts` (`id`) ON DELETE CASCADE
) ENGINE=InnoDB AUTO_INCREMENT=4884 DEFAULT CHARSET=utf8mb4 COLLATE=utf8mb4_general_ci;
/*!40101 SET character_set_client = @saved_cs_client */;

--
-- Dumping data for table `discount_cities`
--

LOCK TABLES `discount_cities` WRITE;
/*!40000 ALTER TABLE `discount_cities` DISABLE KEYS */;
INSERT INTO `discount_cities` VALUES (928,2,'','','','',0,NULL,NULL,'2025-04-01 11:42:03','2025-04-01 11:42:03',19),(929,2,'','','','',0,NULL,NULL,'2025-04-01 11:42:03','2025-04-01 11:42:03',2),(930,2,'','','','',0,NULL,NULL,'2025-04-01 11:42:03','2025-04-01 11:42:03',6),(931,2,'','','','',0,NULL,NULL,'2025-04-01 11:42:03','2025-04-01 11:42:03',16),(932,2,'','','','',0,NULL,NULL,'2025-04-01 11:42:03','2025-04-01 11:42:03',4),(933,2,'','','','',0,NULL,NULL,'2025-04-01 11:42:03','2025-04-01 11:42:03',17),(934,2,'','','','',0,NULL,NULL,'2025-04-01 11:42:03','2025-04-01 11:42:03',3),(935,2,'','','','',0,NULL,NULL,'2025-04-01 11:42:03','2025-04-01 11:42:03',8),(3186,4,'New Delhi, Delhi, India','ChIJLbZ-NFv9DDkRzk0gTkm3wlI','',NULL,0,NULL,NULL,'2025-04-08 20:02:21','2025-04-08 20:02:21',NULL),(3187,4,'Delhi, India','ChIJL_P_CXMEDTkRw0ZdG-0GVvw','',NULL,0,NULL,NULL,'2025-04-08 20:02:21','2025-04-08 20:02:21',NULL),(3188,4,'Delhi Cantt, Delhi, India','ChIJ-UBVWrwcDTkRNbTP4LSYZ18','',NULL,0,NULL,NULL,'2025-04-08 20:02:21','2025-04-08 20:02:21',NULL),(3189,4,'Gurugram, Haryana, India','ChIJWYjjgtUZDTkRHkvG5ehfzwI','',NULL,0,NULL,NULL,'2025-04-08 20:02:21','2025-04-08 20:02:21',NULL),(3190,4,'Faridabad, Haryana, India','ChIJsSSk9RXcDDkR8uBQyHYF9eQ','',NULL,0,NULL,NULL,'2025-04-08 20:02:21','2025-04-08 20:02:21',NULL),(3191,4,'Noida, Uttar Pradesh, India','ChIJezVzMaTlDDkRP8B8yDDO_zc','',NULL,0,NULL,NULL,'2025-04-08 20:02:21','2025-04-08 20:02:21',NULL),(3192,4,'Greater Noida, Uttar Pradesh, India','ChIJ75r4uGTqDDkRLpYXU7vKDOw','',NULL,0,NULL,NULL,'2025-04-08 20:02:21','2025-04-08 20:02:21',NULL),(3193,4,'Ghaziabad, Uttar Pradesh, India','ChIJ3w_FQbvxDDkRuph3atJv8OY','',NULL,0,NULL,NULL,'2025-04-08 20:02:21','2025-04-08 20:02:21',NULL),(3194,4,'Agra, Uttar Pradesh, India','ChIJ2UEvfIUNdDkRQjtSqTjvSng','',NULL,0,NULL,NULL,'2025-04-08 20:02:21','2025-04-08 20:02:21',NULL),(3195,4,'Mathura, Uttar Pradesh, India','ChIJBVJNPRZxczkRpQ7h752gc0I','',NULL,0,NULL,NULL,'2025-04-08 20:02:21','2025-04-08 20:02:21',NULL),(3196,4,'Vrindavan, Uttar Pradesh, India','ChIJCSOaXstvczkRzvOqX0w3aJg','',NULL,0,NULL,NULL,'2025-04-08 20:02:21','2025-04-08 20:02:21',NULL),(3197,4,'Lucknow, Uttar Pradesh, India','ChIJa7EyH5n9mzkR54uXCYm6zJM','',NULL,0,NULL,NULL,'2025-04-08 20:02:21','2025-04-08 20:02:21',NULL),(3198,4,'Bareilly, Uttar Pradesh, India','ChIJjZkCTTMHoDkRf-ge80zUuQU','',NULL,0,NULL,NULL,'2025-04-08 20:02:21','2025-04-08 20:02:21',NULL),(3199,4,'Moradabad, Uttar Pradesh, India','ChIJyUZWL-r7CjkR25hT6eR8ybg','',NULL,0,NULL,NULL,'2025-04-08 20:02:21','2025-04-08 20:02:21',NULL),(3200,4,'Haldwani, Uttarakhand, India','ChIJ0YYMvd2aoDkRD5M9y2Djk2c','',NULL,0,NULL,NULL,'2025-04-08 20:02:21','2025-04-08 20:02:21',NULL),(3201,4,'Ramnagar, Uttarakhand, India','ChIJLakwyp0TCjkRWQiCHKcRrWE','',NULL,0,NULL,NULL,'2025-04-08 20:02:21','2025-04-08 20:02:21',NULL),(3202,4,'Haridwar, Uttarakhand, India','ChIJyVfuuA5HCTkR8_VApnaRRE4','',NULL,0,NULL,NULL,'2025-04-08 20:02:21','2025-04-08 20:02:21',NULL),(3203,4,'Rishikesh, Uttarakhand, India','ChIJEfGTz2c-CTkR_huUb0qAeMw','',NULL,0,NULL,NULL,'2025-04-08 20:02:21','2025-04-08 20:02:21',NULL),(3204,4,'Dehradun, Uttarakhand, India','ChIJr4jIVsMpCTkRmYdRMsBiNUw','',NULL,0,NULL,NULL,'2025-04-08 20:02:21','2025-04-08 20:02:21',NULL),(3205,4,'Chandigarh, India','ChIJa8lu5gvtDzkR_hlzUvln_6U','',NULL,0,NULL,NULL,'2025-04-08 20:02:21','2025-04-08 20:02:21',NULL),(3206,4,'Panchkula, Haryana, India','ChIJV7ei1m6TDzkR8EAbBtdohok','',NULL,0,NULL,NULL,'2025-04-08 20:02:21','2025-04-08 20:02:21',NULL),(3207,4,'Zirakpur, Punjab, India','ChIJg_2xWjbrDzkRzOcYmjjv2Es','',NULL,0,NULL,NULL,'2025-04-08 20:02:21','2025-04-08 20:02:21',NULL),(3208,4,'Jaipur, Rajasthan, India','ChIJgeJXTN9KbDkRCS7yDDrG4Qw','',NULL,0,NULL,NULL,'2025-04-08 20:02:21','2025-04-08 20:02:21',NULL),(4744,3,'New Delhi, Delhi, India','ChIJLbZ-NFv9DDkRzk0gTkm3wlI','Lucknow, Uttar Pradesh, India','ChIJa7EyH5n9mzkR54uXCYm6zJM',1,NULL,NULL,'2025-05-30 11:17:14','2025-05-30 11:17:14',NULL),(4745,3,'Noida, Uttar Pradesh, India','ChIJezVzMaTlDDkRP8B8yDDO_zc','Lucknow, Uttar Pradesh, India','ChIJa7EyH5n9mzkR54uXCYm6zJM',1,NULL,NULL,'2025-05-30 11:17:14','2025-05-30 11:17:14',NULL),(4746,3,'Greater Noida, Uttar Pradesh, India','ChIJ75r4uGTqDDkRLpYXU7vKDOw','Lucknow, Uttar Pradesh, India','ChIJa7EyH5n9mzkR54uXCYm6zJM',1,NULL,NULL,'2025-05-30 11:17:14','2025-05-30 11:17:14',NULL),(4747,3,'Ghaziabad, Uttar Pradesh, India','ChIJ3w_FQbvxDDkRuph3atJv8OY','Lucknow, Uttar Pradesh, India','ChIJa7EyH5n9mzkR54uXCYm6zJM',1,NULL,NULL,'2025-05-30 11:17:14','2025-05-30 11:17:14',NULL),(4748,3,'Gurugram, Haryana, India','ChIJWYjjgtUZDTkRHkvG5ehfzwI','Lucknow, Uttar Pradesh, India','ChIJa7EyH5n9mzkR54uXCYm6zJM',1,NULL,NULL,'2025-05-30 11:17:14','2025-05-30 11:17:14',NULL),(4749,3,'Faridabad, Haryana, India','ChIJsSSk9RXcDDkR8uBQyHYF9eQ','Lucknow, Uttar Pradesh, India','ChIJa7EyH5n9mzkR54uXCYm6zJM',1,NULL,NULL,'2025-05-30 11:17:14','2025-05-30 11:17:14',NULL),(4750,3,'Agra, Uttar Pradesh, India','ChIJ2UEvfIUNdDkRQjtSqTjvSng','Lucknow, Uttar Pradesh, India','ChIJa7EyH5n9mzkR54uXCYm6zJM',1,NULL,NULL,'2025-05-30 11:17:14','2025-05-30 11:17:14',NULL),(4751,3,'Mathura, Uttar Pradesh, India','ChIJBVJNPRZxczkRpQ7h752gc0I','Lucknow, Uttar Pradesh, India','ChIJa7EyH5n9mzkR54uXCYm6zJM',1,NULL,NULL,'2025-05-30 11:17:14','2025-05-30 11:17:14',NULL),(4752,3,'Vrindavan, Uttar Pradesh, India','ChIJCSOaXstvczkRzvOqX0w3aJg','Lucknow, Uttar Pradesh, India','ChIJa7EyH5n9mzkR54uXCYm6zJM',1,NULL,NULL,'2025-05-30 11:17:14','2025-05-30 11:17:14',NULL),(4753,3,'Jaipur, Rajasthan, India','ChIJgeJXTN9KbDkRCS7yDDrG4Qw','Lucknow, Uttar Pradesh, India','ChIJa7EyH5n9mzkR54uXCYm6zJM',1,NULL,NULL,'2025-05-30 11:17:14','2025-05-30 11:17:14',NULL),(4754,3,'Haridwar, Uttarakhand, India','ChIJyVfuuA5HCTkR8_VApnaRRE4','Lucknow, Uttar Pradesh, India','ChIJa7EyH5n9mzkR54uXCYm6zJM',1,NULL,NULL,'2025-05-30 11:17:14','2025-05-30 11:17:14',NULL),(4755,3,'Rishikesh, Uttarakhand, India','ChIJEfGTz2c-CTkR_huUb0qAeMw','Lucknow, Uttar Pradesh, India','ChIJa7EyH5n9mzkR54uXCYm6zJM',1,NULL,NULL,'2025-05-30 11:17:14','2025-05-30 11:17:14',NULL),(4756,3,'Dehradun, Uttarakhand, India','ChIJr4jIVsMpCTkRmYdRMsBiNUw','Lucknow, Uttar Pradesh, India','ChIJa7EyH5n9mzkR54uXCYm6zJM',1,NULL,NULL,'2025-05-30 11:17:14','2025-05-30 11:17:14',NULL),(4757,3,'Bareilly, Uttar Pradesh, India','ChIJjZkCTTMHoDkRf-ge80zUuQU','Lucknow, Uttar Pradesh, India','ChIJa7EyH5n9mzkR54uXCYm6zJM',1,NULL,NULL,'2025-05-30 11:17:14','2025-05-30 11:17:14',NULL),(4758,3,'Haldwani, Uttarakhand, India','ChIJ0YYMvd2aoDkRD5M9y2Djk2c','Lucknow, Uttar Pradesh, India','ChIJa7EyH5n9mzkR54uXCYm6zJM',1,NULL,NULL,'2025-05-30 11:17:14','2025-05-30 11:17:14',NULL),(4759,3,'Moradabad, Uttar Pradesh, India','ChIJyUZWL-r7CjkR25hT6eR8ybg','Lucknow, Uttar Pradesh, India','ChIJa7EyH5n9mzkR54uXCYm6zJM',1,NULL,NULL,'2025-05-30 11:17:14','2025-05-30 11:17:14',NULL),(4760,3,'Noida, Uttar Pradesh, India','ChIJezVzMaTlDDkRP8B8yDDO_zc','Jaipur, Rajasthan, India','ChIJgeJXTN9KbDkRCS7yDDrG4Qw',1,NULL,NULL,'2025-05-30 11:17:14','2025-05-30 11:17:14',NULL),(4761,3,'Greater Noida, Uttar Pradesh, India','ChIJ75r4uGTqDDkRLpYXU7vKDOw','Jaipur, Rajasthan, India','ChIJgeJXTN9KbDkRCS7yDDrG4Qw',1,NULL,NULL,'2025-05-30 11:17:14','2025-05-30 11:17:14',NULL),(4762,3,'Ghaziabad, Uttar Pradesh, India','ChIJ3w_FQbvxDDkRuph3atJv8OY','Jaipur, Rajasthan, India','ChIJgeJXTN9KbDkRCS7yDDrG4Qw',1,NULL,NULL,'2025-05-30 11:17:14','2025-05-30 11:17:14',NULL),(4763,3,'Delhi, India','ChIJL_P_CXMEDTkRw0ZdG-0GVvw','Jaipur, Rajasthan, India','ChIJgeJXTN9KbDkRCS7yDDrG4Qw',1,NULL,NULL,'2025-05-30 11:17:14','2025-05-30 11:17:14',NULL),(4764,3,'New Delhi, Delhi, India','ChIJLbZ-NFv9DDkRzk0gTkm3wlI','Jaipur, Rajasthan, India','ChIJgeJXTN9KbDkRCS7yDDrG4Qw',1,NULL,NULL,'2025-05-30 11:17:14','2025-05-30 11:17:14',NULL),(4765,3,'Gurugram, Haryana, India','ChIJWYjjgtUZDTkRHkvG5ehfzwI','Jaipur, Rajasthan, India','ChIJgeJXTN9KbDkRCS7yDDrG4Qw',1,NULL,NULL,'2025-05-30 11:17:14','2025-05-30 11:17:14',NULL),(4766,3,'Faridabad, Haryana, India','ChIJsSSk9RXcDDkR8uBQyHYF9eQ','Jaipur, Rajasthan, India','ChIJgeJXTN9KbDkRCS7yDDrG4Qw',1,NULL,NULL,'2025-05-30 11:17:14','2025-05-30 11:17:14',NULL),(4767,3,'Greater Noida, Uttar Pradesh, India','ChIJ75r4uGTqDDkRLpYXU7vKDOw','Agra, Uttar Pradesh, India','ChIJ2UEvfIUNdDkRQjtSqTjvSng',1,NULL,NULL,'2025-05-30 11:17:14','2025-05-30 11:17:14',NULL),(4768,3,'Ghaziabad, Uttar Pradesh, India','ChIJ3w_FQbvxDDkRuph3atJv8OY','Agra, Uttar Pradesh, India','ChIJ2UEvfIUNdDkRQjtSqTjvSng',1,NULL,NULL,'2025-05-30 11:17:14','2025-05-30 11:17:14',NULL),(4769,3,'Delhi Cantt, Delhi, India','ChIJ-UBVWrwcDTkRNbTP4LSYZ18','Agra, Uttar Pradesh, India','ChIJ2UEvfIUNdDkRQjtSqTjvSng',1,NULL,NULL,'2025-05-30 11:17:14','2025-05-30 11:17:14',NULL),(4770,3,'New Delhi, Delhi, India','ChIJLbZ-NFv9DDkRzk0gTkm3wlI','Agra, Uttar Pradesh, India','ChIJ2UEvfIUNdDkRQjtSqTjvSng',1,NULL,NULL,'2025-05-30 11:17:14','2025-05-30 11:17:14',NULL),(4771,3,'Delhi, India','ChIJL_P_CXMEDTkRw0ZdG-0GVvw','Agra, Uttar Pradesh, India','ChIJ2UEvfIUNdDkRQjtSqTjvSng',1,NULL,NULL,'2025-05-30 11:17:14','2025-05-30 11:17:14',NULL),(4772,3,'Delhi, India','ChIJL_P_CXMEDTkRw0ZdG-0GVvw','Lucknow, Uttar Pradesh, India','ChIJa7EyH5n9mzkR54uXCYm6zJM',1,NULL,NULL,'2025-05-30 11:17:14','2025-05-30 11:17:14',NULL),(4773,3,'Noida, Uttar Pradesh, India','ChIJezVzMaTlDDkRP8B8yDDO_zc','Haridwar, Uttarakhand, India','ChIJyVfuuA5HCTkR8_VApnaRRE4',1,NULL,NULL,'2025-05-30 11:17:14','2025-05-30 11:17:14',NULL),(4774,3,'Greater Noida, Uttar Pradesh, India','ChIJ75r4uGTqDDkRLpYXU7vKDOw','Haridwar, Uttarakhand, India','ChIJyVfuuA5HCTkR8_VApnaRRE4',1,NULL,NULL,'2025-05-30 11:17:14','2025-05-30 11:17:14',NULL),(4775,3,'Gaziabad, Uttar Pradesh, India','ChIJ3w_FQbvxDDkRuph3atJv8OY','Haridwar, Uttarakhand, India','ChIJyVfuuA5HCTkR8_VApnaRRE4',1,NULL,NULL,'2025-05-30 11:17:14','2025-05-30 11:17:14',NULL),(4776,3,'New Delhi, Delhi, India','ChIJLbZ-NFv9DDkRzk0gTkm3wlI','Haridwar, Uttarakhand, India','ChIJyVfuuA5HCTkR8_VApnaRRE4',1,NULL,NULL,'2025-05-30 11:17:14','2025-05-30 11:17:14',NULL),(4777,3,'Delhi, India','ChIJL_P_CXMEDTkRw0ZdG-0GVvw','Haridwar, Uttarakhand, India','ChIJyVfuuA5HCTkR8_VApnaRRE4',1,NULL,NULL,'2025-05-30 11:17:14','2025-05-30 11:17:14',NULL),(4778,3,'Delhi Cantt, Delhi, India','ChIJ-UBVWrwcDTkRNbTP4LSYZ18','Haridwar, Uttarakhand, India','ChIJyVfuuA5HCTkR8_VApnaRRE4',1,NULL,NULL,'2025-05-30 11:17:14','2025-05-30 11:17:14',NULL),(4779,3,'Gurugram, Haryana, India','ChIJWYjjgtUZDTkRHkvG5ehfzwI','Haridwar, Uttarakhand, India','ChIJyVfuuA5HCTkR8_VApnaRRE4',1,NULL,NULL,'2025-05-30 11:17:14','2025-05-30 11:17:14',NULL),(4780,3,'Faridabad, Haryana, India','ChIJsSSk9RXcDDkR8uBQyHYF9eQ','Haridwar, Uttarakhand, India','ChIJyVfuuA5HCTkR8_VApnaRRE4',1,NULL,NULL,'2025-05-30 11:17:14','2025-05-30 11:17:14',NULL),(4781,3,'Vrindavan, Uttar Pradesh, India','ChIJCSOaXstvczkRzvOqX0w3aJg','Haridwar, Uttarakhand, India','ChIJyVfuuA5HCTkR8_VApnaRRE4',1,NULL,NULL,'2025-05-30 11:17:14','2025-05-30 11:17:14',NULL),(4782,3,'Mathura, Uttar Pradesh, India','ChIJBVJNPRZxczkRpQ7h752gc0I','Haridwar, Uttarakhand, India','ChIJyVfuuA5HCTkR8_VApnaRRE4',1,NULL,NULL,'2025-05-30 11:17:14','2025-05-30 11:17:14',NULL),(4783,3,'Agra, Uttar Pradesh, India','ChIJ2UEvfIUNdDkRQjtSqTjvSng','Haridwar, Uttarakhand, India','ChIJyVfuuA5HCTkR8_VApnaRRE4',1,NULL,NULL,'2025-05-30 11:17:14','2025-05-30 11:17:14',NULL),(4784,3,'Bareilly, Uttar Pradesh, India','ChIJjZkCTTMHoDkRf-ge80zUuQU','Haridwar, Uttarakhand, India','ChIJyVfuuA5HCTkR8_VApnaRRE4',1,NULL,NULL,'2025-05-30 11:17:14','2025-05-30 11:17:14',NULL),(4785,3,'Haldwani, Uttarakhand, India','ChIJ0YYMvd2aoDkRD5M9y2Djk2c','Haridwar, Uttarakhand, India','ChIJyVfuuA5HCTkR8_VApnaRRE4',1,NULL,NULL,'2025-05-30 11:17:14','2025-05-30 11:17:14',NULL),(4786,3,'Ramnagar, Uttarakhand, India','ChIJLakwyp0TCjkRWQiCHKcRrWE','Haridwar, Uttarakhand, India','ChIJyVfuuA5HCTkR8_VApnaRRE4',1,NULL,NULL,'2025-05-30 11:17:14','2025-05-30 11:17:14',NULL),(4787,3,'Jaipur, Rajasthan, India','ChIJgeJXTN9KbDkRCS7yDDrG4Qw','Haridwar, Uttarakhand, India','ChIJyVfuuA5HCTkR8_VApnaRRE4',1,NULL,NULL,'2025-05-30 11:17:14','2025-05-30 11:17:14',NULL),(4788,3,'Chandigarh, India','ChIJa8lu5gvtDzkR_hlzUvln_6U','Haridwar, Uttarakhand, India','ChIJyVfuuA5HCTkR8_VApnaRRE4',1,NULL,NULL,'2025-05-30 11:17:14','2025-05-30 11:17:14',NULL),(4789,3,'Panchkula, Haryana, India','ChIJV7ei1m6TDzkR8EAbBtdohok','Haridwar, Uttarakhand, India','ChIJyVfuuA5HCTkR8_VApnaRRE4',1,NULL,NULL,'2025-05-30 11:17:14','2025-05-30 11:17:14',NULL),(4790,3,'Zirakpur, Punjab, India','ChIJg_2xWjbrDzkRzOcYmjjv2Es','Haridwar, Uttarakhand, India','ChIJyVfuuA5HCTkR8_VApnaRRE4',1,NULL,NULL,'2025-05-30 11:17:14','2025-05-30 11:17:14',NULL),(4791,3,'Noida, Uttar Pradesh, India','ChIJezVzMaTlDDkRP8B8yDDO_zc','Rishikesh, Uttarakhand, India','ChIJEfGTz2c-CTkR_huUb0qAeMw',1,NULL,NULL,'2025-05-30 11:17:14','2025-05-30 11:17:14',NULL),(4792,3,'Greater Noida, Uttar Pradesh, India','ChIJ75r4uGTqDDkRLpYXU7vKDOw','Rishikesh, Uttarakhand, India','ChIJEfGTz2c-CTkR_huUb0qAeMw',1,NULL,NULL,'2025-05-30 11:17:14','2025-05-30 11:17:14',NULL),(4793,3,'Ghaziabad, Uttar Pradesh, India','ChIJ3w_FQbvxDDkRuph3atJv8OY','Rishikesh, Uttarakhand, India','ChIJEfGTz2c-CTkR_huUb0qAeMw',1,NULL,NULL,'2025-05-30 11:17:14','2025-05-30 11:17:14',NULL),(4794,3,'Gurugram, Haryana, India','ChIJWYjjgtUZDTkRHkvG5ehfzwI','Rishikesh, Uttarakhand, India','ChIJEfGTz2c-CTkR_huUb0qAeMw',1,NULL,NULL,'2025-05-30 11:17:14','2025-05-30 11:17:14',NULL),(4795,3,'Delhi, India','ChIJL_P_CXMEDTkRw0ZdG-0GVvw','Rishikesh, Uttarakhand, India','ChIJEfGTz2c-CTkR_huUb0qAeMw',1,NULL,NULL,'2025-05-30 11:17:14','2025-05-30 11:17:14',NULL),(4796,3,'Delhi Cantt, Delhi, India','ChIJ-UBVWrwcDTkRNbTP4LSYZ18','Rishikesh, Uttarakhand, India','ChIJEfGTz2c-CTkR_huUb0qAeMw',1,NULL,NULL,'2025-05-30 11:17:14','2025-05-30 11:17:14',NULL),(4797,3,'New Delhi, Delhi, India','ChIJLbZ-NFv9DDkRzk0gTkm3wlI','Rishikesh, Uttarakhand, India','ChIJEfGTz2c-CTkR_huUb0qAeMw',1,NULL,NULL,'2025-05-30 11:17:14','2025-05-30 11:17:14',NULL),(4798,3,'Faridabad, Haryana, India','ChIJsSSk9RXcDDkR8uBQyHYF9eQ','Rishikesh, Uttarakhand, India','ChIJEfGTz2c-CTkR_huUb0qAeMw',1,NULL,NULL,'2025-05-30 11:17:14','2025-05-30 11:17:14',NULL),(4799,3,'Jaipur, Rajasthan, India','ChIJgeJXTN9KbDkRCS7yDDrG4Qw','Rishikesh, Uttarakhand, India','ChIJEfGTz2c-CTkR_huUb0qAeMw',1,NULL,NULL,'2025-05-30 11:17:14','2025-05-30 11:17:14',NULL),(4800,3,'Lucknow, Uttar Pradesh, India','ChIJa7EyH5n9mzkR54uXCYm6zJM','Rishikesh, Uttarakhand, India','ChIJEfGTz2c-CTkR_huUb0qAeMw',1,NULL,NULL,'2025-05-30 11:17:14','2025-05-30 11:17:14',NULL),(4801,3,'Agra, Uttar Pradesh, India','ChIJ2UEvfIUNdDkRQjtSqTjvSng','Rishikesh, Uttarakhand, India','ChIJEfGTz2c-CTkR_huUb0qAeMw',1,NULL,NULL,'2025-05-30 11:17:14','2025-05-30 11:17:14',NULL),(4802,3,'Mathura, Uttar Pradesh, India','ChIJBVJNPRZxczkRpQ7h752gc0I','Rishikesh, Uttarakhand, India','ChIJEfGTz2c-CTkR_huUb0qAeMw',1,NULL,NULL,'2025-05-30 11:17:14','2025-05-30 11:17:14',NULL),(4803,3,'Vrindavan, Uttar Pradesh, India','ChIJCSOaXstvczkRzvOqX0w3aJg','Rishikesh, Uttarakhand, India','ChIJEfGTz2c-CTkR_huUb0qAeMw',1,NULL,NULL,'2025-05-30 11:17:14','2025-05-30 11:17:14',NULL),(4804,3,'Bareilly, Uttar Pradesh, India','ChIJjZkCTTMHoDkRf-ge80zUuQU','Rishikesh, Uttarakhand, India','ChIJEfGTz2c-CTkR_huUb0qAeMw',1,NULL,NULL,'2025-05-30 11:17:14','2025-05-30 11:17:14',NULL),(4805,3,'Haldwani, Uttarakhand, India','ChIJ0YYMvd2aoDkRD5M9y2Djk2c','Rishikesh, Uttarakhand, India','ChIJEfGTz2c-CTkR_huUb0qAeMw',1,NULL,NULL,'2025-05-30 11:17:14','2025-05-30 11:17:14',NULL),(4806,3,'Ramnagar, Uttarakhand, India','ChIJLakwyp0TCjkRWQiCHKcRrWE','Rishikesh, Uttarakhand, India','ChIJEfGTz2c-CTkR_huUb0qAeMw',1,NULL,NULL,'2025-05-30 11:17:14','2025-05-30 11:17:14',NULL),(4807,3,'Chandigarh, India','ChIJa8lu5gvtDzkR_hlzUvln_6U','Rishikesh, Uttarakhand, India','ChIJEfGTz2c-CTkR_huUb0qAeMw',1,NULL,NULL,'2025-05-30 11:17:14','2025-05-30 11:17:14',NULL),(4808,3,'Panchkula, Haryana, India','ChIJV7ei1m6TDzkR8EAbBtdohok','Rishikesh, Uttarakhand, India','ChIJEfGTz2c-CTkR_huUb0qAeMw',1,NULL,NULL,'2025-05-30 11:17:14','2025-05-30 11:17:14',NULL),(4809,3,'Zirakpur, Punjab, India','ChIJg_2xWjbrDzkRzOcYmjjv2Es','Rishikesh, Uttarakhand, India','ChIJEfGTz2c-CTkR_huUb0qAeMw',1,NULL,NULL,'2025-05-30 11:17:14','2025-05-30 11:17:14',NULL),(4810,3,'Lucknow, Uttar Pradesh, India','ChIJa7EyH5n9mzkR54uXCYm6zJM','Agra, Uttar Pradesh, India','ChIJ2UEvfIUNdDkRQjtSqTjvSng',1,NULL,NULL,'2025-05-30 11:17:14','2025-05-30 11:17:14',NULL),(4811,3,'Jaipur, Rajasthan, India','ChIJgeJXTN9KbDkRCS7yDDrG4Qw','Agra, Uttar Pradesh, India','ChIJ2UEvfIUNdDkRQjtSqTjvSng',1,NULL,NULL,'2025-05-30 11:17:14','2025-05-30 11:17:14',NULL),(4812,3,'Bareilly, Uttar Pradesh, India','ChIJjZkCTTMHoDkRf-ge80zUuQU','Agra, Uttar Pradesh, India','ChIJ2UEvfIUNdDkRQjtSqTjvSng',1,NULL,NULL,'2025-05-30 11:17:14','2025-05-30 11:17:14',NULL),(4813,3,'New Delhi, Delhi, India','ChIJLbZ-NFv9DDkRzk0gTkm3wlI','Mathura, Uttar Pradesh, India','ChIJBVJNPRZxczkRpQ7h752gc0I',1,NULL,NULL,'2025-05-30 11:17:14','2025-05-30 11:17:14',NULL),(4814,3,'Delhi, India','ChIJL_P_CXMEDTkRw0ZdG-0GVvw','Mathura, Uttar Pradesh, India','ChIJBVJNPRZxczkRpQ7h752gc0I',1,NULL,NULL,'2025-05-30 11:17:14','2025-05-30 11:17:14',NULL),(4815,3,'Noida, Uttar Pradesh, India','ChIJezVzMaTlDDkRP8B8yDDO_zc','Mathura, Uttar Pradesh, India','ChIJBVJNPRZxczkRpQ7h752gc0I',1,NULL,NULL,'2025-05-30 11:17:14','2025-05-30 11:17:14',NULL),(4816,3,'Greater Noida, Uttar Pradesh, India','ChIJ75r4uGTqDDkRLpYXU7vKDOw','Mathura, Uttar Pradesh, India','ChIJBVJNPRZxczkRpQ7h752gc0I',1,NULL,NULL,'2025-05-30 11:17:14','2025-05-30 11:17:14',NULL),(4817,3,'Ghaziabad, Uttar Pradesh, India','ChIJ3w_FQbvxDDkRuph3atJv8OY','Mathura, Uttar Pradesh, India','ChIJBVJNPRZxczkRpQ7h752gc0I',1,NULL,NULL,'2025-05-30 11:17:14','2025-05-30 11:17:14',NULL),(4818,3,'Gurugram, Haryana, India','ChIJWYjjgtUZDTkRHkvG5ehfzwI','Mathura, Uttar Pradesh, India','ChIJBVJNPRZxczkRpQ7h752gc0I',1,NULL,NULL,'2025-05-30 11:17:14','2025-05-30 11:17:14',NULL),(4819,3,'Faridabad, Haryana, India','ChIJsSSk9RXcDDkR8uBQyHYF9eQ','Mathura, Uttar Pradesh, India','ChIJBVJNPRZxczkRpQ7h752gc0I',1,NULL,NULL,'2025-05-30 11:17:14','2025-05-30 11:17:14',NULL),(4820,3,'Jaipur, Rajasthan, India','ChIJgeJXTN9KbDkRCS7yDDrG4Qw','Mathura, Uttar Pradesh, India','ChIJBVJNPRZxczkRpQ7h752gc0I',1,NULL,NULL,'2025-05-30 11:17:14','2025-05-30 11:17:14',NULL),(4821,3,'Lucknow, Uttar Pradesh, India','ChIJa7EyH5n9mzkR54uXCYm6zJM','Mathura, Uttar Pradesh, India','ChIJBVJNPRZxczkRpQ7h752gc0I',1,NULL,NULL,'2025-05-30 11:17:14','2025-05-30 11:17:14',NULL),(4822,3,'Noida, Uttar Pradesh, India','ChIJezVzMaTlDDkRP8B8yDDO_zc','Vrindavan, Uttar Pradesh, India','ChIJCSOaXstvczkRzvOqX0w3aJg',1,NULL,NULL,'2025-05-30 11:17:14','2025-05-30 11:17:14',NULL),(4823,3,'Greater Noida, Uttar Pradesh, India','ChIJ75r4uGTqDDkRLpYXU7vKDOw','Vrindavan, Uttar Pradesh, India','ChIJCSOaXstvczkRzvOqX0w3aJg',1,NULL,NULL,'2025-05-30 11:17:14','2025-05-30 11:17:14',NULL),(4824,3,'Ghaziabad, Uttar Pradesh, India','ChIJ3w_FQbvxDDkRuph3atJv8OY','Vrindavan, Uttar Pradesh, India','ChIJCSOaXstvczkRzvOqX0w3aJg',1,NULL,NULL,'2025-05-30 11:17:14','2025-05-30 11:17:14',NULL),(4825,3,'New Delhi, Delhi, India','ChIJLbZ-NFv9DDkRzk0gTkm3wlI','Vrindavan, Uttar Pradesh, India','ChIJCSOaXstvczkRzvOqX0w3aJg',1,NULL,NULL,'2025-05-30 11:17:14','2025-05-30 11:17:14',NULL),(4826,3,'Delhi, India','ChIJL_P_CXMEDTkRw0ZdG-0GVvw','Vrindavan, Uttar Pradesh, India','ChIJCSOaXstvczkRzvOqX0w3aJg',1,NULL,NULL,'2025-05-30 11:17:14','2025-05-30 11:17:14',NULL),(4827,3,'Delhi Cantt, Delhi, India','ChIJ-UBVWrwcDTkRNbTP4LSYZ18','Vrindavan, Uttar Pradesh, India','ChIJCSOaXstvczkRzvOqX0w3aJg',1,NULL,NULL,'2025-05-30 11:17:14','2025-05-30 11:17:14',NULL),(4828,3,'Gurugram, Haryana, India','ChIJWYjjgtUZDTkRHkvG5ehfzwI','Vrindavan, Uttar Pradesh, India','ChIJCSOaXstvczkRzvOqX0w3aJg',1,NULL,NULL,'2025-05-30 11:17:14','2025-05-30 11:17:14',NULL),(4829,3,'Jaipur, Rajasthan, India','ChIJgeJXTN9KbDkRCS7yDDrG4Qw','Vrindavan, Uttar Pradesh, India','ChIJCSOaXstvczkRzvOqX0w3aJg',1,NULL,NULL,'2025-05-30 11:17:14','2025-05-30 11:17:14',NULL),(4830,3,'Faridabad, Haryana, India','ChIJsSSk9RXcDDkR8uBQyHYF9eQ','Vrindavan, Uttar Pradesh, India','ChIJCSOaXstvczkRzvOqX0w3aJg',1,NULL,NULL,'2025-05-30 11:17:14','2025-05-30 11:17:14',NULL),(4831,3,'Lucknow, Uttar Pradesh, India','ChIJa7EyH5n9mzkR54uXCYm6zJM','Vrindavan, Uttar Pradesh, India','ChIJCSOaXstvczkRzvOqX0w3aJg',1,NULL,NULL,'2025-05-30 11:17:14','2025-05-30 11:17:14',NULL),(4832,3,'New Delhi, Delhi, India','ChIJLbZ-NFv9DDkRzk0gTkm3wlI','Bareilly, Uttar Pradesh, India','ChIJjZkCTTMHoDkRf-ge80zUuQU',1,NULL,NULL,'2025-05-30 11:17:14','2025-05-30 11:17:14',NULL),(4833,3,'Delhi, India','ChIJL_P_CXMEDTkRw0ZdG-0GVvw','Bareilly, Uttar Pradesh, India','ChIJjZkCTTMHoDkRf-ge80zUuQU',1,NULL,NULL,'2025-05-30 11:17:14','2025-05-30 11:17:14',NULL),(4834,3,'Delhi Cantt, Delhi, India','ChIJ-UBVWrwcDTkRNbTP4LSYZ18','Bareilly, Uttar Pradesh, India','ChIJjZkCTTMHoDkRf-ge80zUuQU',1,NULL,NULL,'2025-05-30 11:17:14','2025-05-30 11:17:14',NULL),(4835,3,'Gurugram, Haryana, India','ChIJWYjjgtUZDTkRHkvG5ehfzwI','Bareilly, Uttar Pradesh, India','ChIJjZkCTTMHoDkRf-ge80zUuQU',1,NULL,NULL,'2025-05-30 11:17:14','2025-05-30 11:17:14',NULL),(4836,3,'Faridabad, Haryana, India','ChIJsSSk9RXcDDkR8uBQyHYF9eQ','Bareilly, Uttar Pradesh, India','ChIJjZkCTTMHoDkRf-ge80zUuQU',1,NULL,NULL,'2025-05-30 11:17:14','2025-05-30 11:17:14',NULL),(4837,3,'Ghaziabad, Uttar Pradesh, India','ChIJ3w_FQbvxDDkRuph3atJv8OY','Bareilly, Uttar Pradesh, India','ChIJjZkCTTMHoDkRf-ge80zUuQU',1,NULL,NULL,'2025-05-30 11:17:14','2025-05-30 11:17:14',NULL),(4838,3,'Noida, Uttar Pradesh, India','ChIJezVzMaTlDDkRP8B8yDDO_zc','Bareilly, Uttar Pradesh, India','ChIJjZkCTTMHoDkRf-ge80zUuQU',1,NULL,NULL,'2025-05-30 11:17:14','2025-05-30 11:17:14',NULL),(4839,3,'Greater Noida, Uttar Pradesh, India','ChIJ75r4uGTqDDkRLpYXU7vKDOw','Bareilly, Uttar Pradesh, India','ChIJjZkCTTMHoDkRf-ge80zUuQU',1,NULL,NULL,'2025-05-30 11:17:14','2025-05-30 11:17:14',NULL),(4840,3,'Jaipur, Rajasthan, India','ChIJgeJXTN9KbDkRCS7yDDrG4Qw','Bareilly, Uttar Pradesh, India','ChIJjZkCTTMHoDkRf-ge80zUuQU',1,NULL,NULL,'2025-05-30 11:17:14','2025-05-30 11:17:14',NULL),(4841,3,'Delhi, India','ChIJL_P_CXMEDTkRw0ZdG-0GVvw','Moradabad, Uttar Pradesh, India','ChIJyUZWL-r7CjkR25hT6eR8ybg',1,NULL,NULL,'2025-05-30 11:17:14','2025-05-30 11:17:14',NULL),(4842,3,'New Delhi, Delhi, India','ChIJLbZ-NFv9DDkRzk0gTkm3wlI','Moradabad, Uttar Pradesh, India','ChIJyUZWL-r7CjkR25hT6eR8ybg',1,NULL,NULL,'2025-05-30 11:17:14','2025-05-30 11:17:14',NULL),(4843,3,'Delhi Cantt, Delhi, India','ChIJ-UBVWrwcDTkRNbTP4LSYZ18','Moradabad, Uttar Pradesh, India','ChIJyUZWL-r7CjkR25hT6eR8ybg',1,NULL,NULL,'2025-05-30 11:17:14','2025-05-30 11:17:14',NULL),(4844,3,'Noida, Uttar Pradesh, India','ChIJezVzMaTlDDkRP8B8yDDO_zc','Moradabad, Uttar Pradesh, India','ChIJyUZWL-r7CjkR25hT6eR8ybg',1,NULL,NULL,'2025-05-30 11:17:14','2025-05-30 11:17:14',NULL),(4845,3,'Greater Noida, Uttar Pradesh, India','ChIJ75r4uGTqDDkRLpYXU7vKDOw','Moradabad, Uttar Pradesh, India','ChIJyUZWL-r7CjkR25hT6eR8ybg',1,NULL,NULL,'2025-05-30 11:17:14','2025-05-30 11:17:14',NULL),(4846,3,'Ghaziabad, Uttar Pradesh, India','ChIJ3w_FQbvxDDkRuph3atJv8OY','Moradabad, Uttar Pradesh, India','ChIJyUZWL-r7CjkR25hT6eR8ybg',1,NULL,NULL,'2025-05-30 11:17:14','2025-05-30 11:17:14',NULL),(4847,3,'Gurugram, Haryana, India','ChIJWYjjgtUZDTkRHkvG5ehfzwI','Moradabad, Uttar Pradesh, India','ChIJyUZWL-r7CjkR25hT6eR8ybg',1,NULL,NULL,'2025-05-30 11:17:14','2025-05-30 11:17:14',NULL),(4848,3,'Faridabad, Haryana, India','ChIJsSSk9RXcDDkR8uBQyHYF9eQ','Moradabad, Uttar Pradesh, India','ChIJyUZWL-r7CjkR25hT6eR8ybg',1,NULL,NULL,'2025-05-30 11:17:14','2025-05-30 11:17:14',NULL),(4849,3,'Noida, Uttar Pradesh, India','ChIJezVzMaTlDDkRP8B8yDDO_zc','Agra, Uttar Pradesh, India','ChIJ2UEvfIUNdDkRQjtSqTjvSng',1,NULL,NULL,'2025-05-30 11:17:14','2025-05-30 11:17:14',NULL),(4850,3,'New Delhi, Delhi, India','ChIJLbZ-NFv9DDkRzk0gTkm3wlI','Chandigarh, India','ChIJa8lu5gvtDzkR_hlzUvln_6U',0,NULL,NULL,'2025-05-30 11:17:14','2025-05-30 11:17:14',NULL),(4851,3,'Delhi, India','ChIJL_P_CXMEDTkRw0ZdG-0GVvw','Chandigarh, India','ChIJa8lu5gvtDzkR_hlzUvln_6U',0,NULL,NULL,'2025-05-30 11:17:14','2025-05-30 11:17:14',NULL),(4852,3,'Gurugram, Haryana, India','ChIJWYjjgtUZDTkRHkvG5ehfzwI','Chandigarh, India','ChIJa8lu5gvtDzkR_hlzUvln_6U',0,NULL,NULL,'2025-05-30 11:17:14','2025-05-30 11:17:14',NULL),(4853,3,'Faridabad, Haryana, India','ChIJsSSk9RXcDDkR8uBQyHYF9eQ','Chandigarh, India','ChIJa8lu5gvtDzkR_hlzUvln_6U',0,NULL,NULL,'2025-05-30 11:17:14','2025-05-30 11:17:14',NULL),(4854,3,'Noida, Uttar Pradesh, India','ChIJezVzMaTlDDkRP8B8yDDO_zc','Chandigarh, India','ChIJa8lu5gvtDzkR_hlzUvln_6U',0,NULL,NULL,'2025-05-30 11:17:14','2025-05-30 11:17:14',NULL),(4855,3,'Greater Noida, Uttar Pradesh, India','ChIJ75r4uGTqDDkRLpYXU7vKDOw','Chandigarh, India','ChIJa8lu5gvtDzkR_hlzUvln_6U',0,NULL,NULL,'2025-05-30 11:17:14','2025-05-30 11:17:14',NULL),(4856,3,'New Delhi, Delhi, India','ChIJLbZ-NFv9DDkRzk0gTkm3wlI','Chandigarh, Punjab, India','ChIJ72ppYKZpEDkRaxAVduWJxzs',0,NULL,NULL,'2025-05-30 11:17:14','2025-05-30 11:17:14',NULL),(4857,3,'Delhi, India','ChIJL_P_CXMEDTkRw0ZdG-0GVvw','Chandigarh, Punjab, India','ChIJ72ppYKZpEDkRaxAVduWJxzs',0,NULL,NULL,'2025-05-30 11:17:14','2025-05-30 11:17:14',NULL),(4858,3,'Gurugram, Haryana, India','ChIJWYjjgtUZDTkRHkvG5ehfzwI','Chandigarh, Punjab, India','ChIJ72ppYKZpEDkRaxAVduWJxzs',0,NULL,NULL,'2025-05-30 11:17:14','2025-05-30 11:17:14',NULL),(4859,3,'Faridabad, Haryana, India','ChIJsSSk9RXcDDkR8uBQyHYF9eQ','Chandigarh, Punjab, India','ChIJ72ppYKZpEDkRaxAVduWJxzs',0,NULL,NULL,'2025-05-30 11:17:14','2025-05-30 11:17:14',NULL),(4860,3,'Noida, Uttar Pradesh, India','ChIJezVzMaTlDDkRP8B8yDDO_zc','Chandigarh, Punjab, India','ChIJ72ppYKZpEDkRaxAVduWJxzs',0,NULL,NULL,'2025-05-30 11:17:14','2025-05-30 11:17:14',NULL),(4861,3,'Greater Noida, Uttar Pradesh, India','ChIJ75r4uGTqDDkRLpYXU7vKDOw','Chandigarh, Punjab, India','ChIJ72ppYKZpEDkRaxAVduWJxzs',0,NULL,NULL,'2025-05-30 11:17:14','2025-05-30 11:17:14',NULL),(4862,3,'Ghaziabad, Uttar Pradesh, India','ChIJ3w_FQbvxDDkRuph3atJv8OY','Chandigarh, India','ChIJa8lu5gvtDzkR_hlzUvln_6U',0,NULL,NULL,'2025-05-30 11:17:14','2025-05-30 11:17:14',NULL),(4863,3,'Ghaziabad, Uttar Pradesh, India','ChIJ3w_FQbvxDDkRuph3atJv8OY','Chandigarh, Punjab, India','ChIJ72ppYKZpEDkRaxAVduWJxzs',0,NULL,NULL,'2025-05-30 11:17:14','2025-05-30 11:17:14',NULL),(4864,3,'New Delhi, Delhi, India','ChIJLbZ-NFv9DDkRzk0gTkm3wlI','Panchkula, Haryana, India','ChIJV7ei1m6TDzkR8EAbBtdohok',0,NULL,NULL,'2025-05-30 11:17:14','2025-05-30 11:17:14',NULL),(4865,3,'Delhi, India','ChIJL_P_CXMEDTkRw0ZdG-0GVvw','Panchkula, Haryana, India','ChIJV7ei1m6TDzkR8EAbBtdohok',0,NULL,NULL,'2025-05-30 11:17:14','2025-05-30 11:17:14',NULL),(4866,3,'Gurugram, Haryana, India','ChIJWYjjgtUZDTkRHkvG5ehfzwI','Panchkula, Haryana, India','ChIJV7ei1m6TDzkR8EAbBtdohok',0,NULL,NULL,'2025-05-30 11:17:14','2025-05-30 11:17:14',NULL),(4867,3,'Faridabad, Haryana, India','ChIJsSSk9RXcDDkR8uBQyHYF9eQ','Panchkula, Haryana, India','ChIJV7ei1m6TDzkR8EAbBtdohok',0,NULL,NULL,'2025-05-30 11:17:14','2025-05-30 11:17:14',NULL),(4868,3,'Noida, Uttar Pradesh, India','ChIJezVzMaTlDDkRP8B8yDDO_zc','Panchkula, Haryana, India','ChIJV7ei1m6TDzkR8EAbBtdohok',0,NULL,NULL,'2025-05-30 11:17:14','2025-05-30 11:17:14',NULL),(4869,3,'Greater Noida, Uttar Pradesh, India','ChIJ75r4uGTqDDkRLpYXU7vKDOw','Panchkula, Haryana, India','ChIJV7ei1m6TDzkR8EAbBtdohok',0,NULL,NULL,'2025-05-30 11:17:14','2025-05-30 11:17:14',NULL),(4870,3,'Ghaziabad, Uttar Pradesh, India','ChIJ3w_FQbvxDDkRuph3atJv8OY','Panchkula, Haryana, India','ChIJV7ei1m6TDzkR8EAbBtdohok',0,NULL,NULL,'2025-05-30 11:17:14','2025-05-30 11:17:14',NULL),(4871,3,'New Delhi, Delhi, India','ChIJLbZ-NFv9DDkRzk0gTkm3wlI','Zirakpur, Punjab, India','ChIJg_2xWjbrDzkRzOcYmjjv2Es',0,NULL,NULL,'2025-05-30 11:17:14','2025-05-30 11:17:14',NULL),(4872,3,'Delhi, India','ChIJL_P_CXMEDTkRw0ZdG-0GVvw','Zirakpur, Punjab, India','ChIJg_2xWjbrDzkRzOcYmjjv2Es',0,NULL,NULL,'2025-05-30 11:17:14','2025-05-30 11:17:14',NULL),(4873,3,'Gurugram, Haryana, India','ChIJWYjjgtUZDTkRHkvG5ehfzwI','Zirakpur, Punjab, India','ChIJg_2xWjbrDzkRzOcYmjjv2Es',0,NULL,NULL,'2025-05-30 11:17:14','2025-05-30 11:17:14',NULL),(4874,3,'Faridabad, Haryana, India','ChIJsSSk9RXcDDkR8uBQyHYF9eQ','Zirakpur, Punjab, India','ChIJg_2xWjbrDzkRzOcYmjjv2Es',0,NULL,NULL,'2025-05-30 11:17:14','2025-05-30 11:17:14',NULL),(4875,3,'Noida, Uttar Pradesh, India','ChIJezVzMaTlDDkRP8B8yDDO_zc','Zirakpur, Punjab, India','ChIJg_2xWjbrDzkRzOcYmjjv2Es',0,NULL,NULL,'2025-05-30 11:17:14','2025-05-30 11:17:14',NULL),(4876,3,'Greater Noida, Uttar Pradesh, India','ChIJ75r4uGTqDDkRLpYXU7vKDOw','Zirakpur, Punjab, India','ChIJg_2xWjbrDzkRzOcYmjjv2Es',0,NULL,NULL,'2025-05-30 11:17:14','2025-05-30 11:17:14',NULL),(4877,3,'Ghaziabad, Uttar Pradesh, India','ChIJ3w_FQbvxDDkRuph3atJv8OY','Zirakpur, Punjab, India','ChIJg_2xWjbrDzkRzOcYmjjv2Es',0,NULL,NULL,'2025-05-30 11:17:14','2025-05-30 11:17:14',NULL),(4878,3,'New Delhi, Delhi, India','ChIJLbZ-NFv9DDkRzk0gTkm3wlI','Dehradun, Uttarakhand, India','ChIJr4jIVsMpCTkRmYdRMsBiNUw',1,NULL,NULL,'2025-05-30 11:17:14','2025-05-30 11:17:14',NULL),(4879,3,'Delhi, India','ChIJL_P_CXMEDTkRw0ZdG-0GVvw','Dehradun, Uttarakhand, India','ChIJr4jIVsMpCTkRmYdRMsBiNUw',1,NULL,NULL,'2025-05-30 11:17:14','2025-05-30 11:17:14',NULL),(4880,3,'Gurugram, Haryana, India','ChIJWYjjgtUZDTkRHkvG5ehfzwI','Dehradun, Uttarakhand, India','ChIJr4jIVsMpCTkRmYdRMsBiNUw',1,NULL,NULL,'2025-05-30 11:17:14','2025-05-30 11:17:14',NULL),(4881,3,'Faridabad, Haryana, India','ChIJsSSk9RXcDDkR8uBQyHYF9eQ','Dehradun, Uttarakhand, India','ChIJr4jIVsMpCTkRmYdRMsBiNUw',1,NULL,NULL,'2025-05-30 11:17:14','2025-05-30 11:17:14',NULL),(4882,3,'Noida, Uttar Pradesh, India','ChIJezVzMaTlDDkRP8B8yDDO_zc','Dehradun, Uttarakhand, India','ChIJr4jIVsMpCTkRmYdRMsBiNUw',1,NULL,NULL,'2025-05-30 11:17:14','2025-05-30 11:17:14',NULL),(4883,3,'Ghaziabad, Uttar Pradesh, India','ChIJ3w_FQbvxDDkRuph3atJv8OY','Dehradun, Uttarakhand, India','ChIJr4jIVsMpCTkRmYdRMsBiNUw',1,NULL,NULL,'2025-05-30 11:17:14','2025-05-30 11:17:14',NULL);
/*!40000 ALTER TABLE `discount_cities` ENABLE KEYS */;
UNLOCK TABLES;

--
-- Table structure for table `discount_trip_types`
--

DROP TABLE IF EXISTS `discount_trip_types`;
/*!40101 SET @saved_cs_client     = @@character_set_client */;
/*!50503 SET character_set_client = utf8mb4 */;
CREATE TABLE `discount_trip_types` (
  `id` int NOT NULL AUTO_INCREMENT,
  `discount_city_id` int NOT NULL,
  `trip_type` varchar(255) COLLATE utf8mb4_general_ci NOT NULL,
  `createdBy` varchar(255) COLLATE utf8mb4_general_ci DEFAULT NULL,
  `updatedBy` varchar(255) COLLATE utf8mb4_general_ci DEFAULT NULL,
  `createdAt` datetime NOT NULL,
  `updatedAt` datetime NOT NULL,
  PRIMARY KEY (`id`),
  KEY `discount_city_id` (`discount_city_id`),
  CONSTRAINT `discount_trip_types_ibfk_1` FOREIGN KEY (`discount_city_id`) REFERENCES `discount_cities` (`id`) ON DELETE CASCADE ON UPDATE CASCADE
) ENGINE=InnoDB AUTO_INCREMENT=5 DEFAULT CHARSET=utf8mb4 COLLATE=utf8mb4_general_ci;
/*!40101 SET character_set_client = @saved_cs_client */;

--
-- Dumping data for table `discount_trip_types`
--

LOCK TABLES `discount_trip_types` WRITE;
/*!40000 ALTER TABLE `discount_trip_types` DISABLE KEYS */;
/*!40000 ALTER TABLE `discount_trip_types` ENABLE KEYS */;
UNLOCK TABLES;

--
-- Table structure for table `discount_vehicles`
--

DROP TABLE IF EXISTS `discount_vehicles`;
/*!40101 SET @saved_cs_client     = @@character_set_client */;
/*!50503 SET character_set_client = utf8mb4 */;
CREATE TABLE `discount_vehicles` (
  `id` int NOT NULL AUTO_INCREMENT,
  `discount_city_id` int NOT NULL,
  `trip_type` varchar(255) COLLATE utf8mb4_general_ci DEFAULT NULL,
  `vehicle_id` int DEFAULT NULL,
  `discount` float DEFAULT NULL,
  `createdBy` varchar(255) COLLATE utf8mb4_general_ci DEFAULT NULL,
  `updatedBy` varchar(255) COLLATE utf8mb4_general_ci DEFAULT NULL,
  `createdAt` datetime NOT NULL,
  `updatedAt` datetime NOT NULL,
  PRIMARY KEY (`id`),
  KEY `discount_vehicles_discount_city_id_foreign_idx` (`discount_city_id`),
  CONSTRAINT `discount_vehicles_discount_city_id_foreign_idx` FOREIGN KEY (`discount_city_id`) REFERENCES `discount_cities` (`id`) ON DELETE CASCADE ON UPDATE CASCADE
) ENGINE=InnoDB AUTO_INCREMENT=19703 DEFAULT CHARSET=utf8mb4 COLLATE=utf8mb4_general_ci;
/*!40101 SET character_set_client = @saved_cs_client */;

--
-- Dumping data for table `discount_vehicles`
--

LOCK TABLES `discount_vehicles` WRITE;
/*!40000 ALTER TABLE `discount_vehicles` DISABLE KEYS */;
INSERT INTO `discount_vehicles` VALUES (3870,928,'local',8,15,NULL,NULL,'2025-04-01 11:42:03','2025-04-01 11:42:03'),(3871,928,'local',3,10,NULL,NULL,'2025-04-01 11:42:03','2025-04-01 11:42:03'),(3872,928,'local',5,10,NULL,NULL,'2025-04-01 11:42:03','2025-04-01 11:42:03'),(3873,928,'local',7,5,NULL,NULL,'2025-04-01 11:42:03','2025-04-01 11:42:03'),(3874,928,'airport',8,10,NULL,NULL,'2025-04-01 11:42:03','2025-04-01 11:42:03'),(3875,928,'airport',3,15,NULL,NULL,'2025-04-01 11:42:03','2025-04-01 11:42:03'),(3876,928,'airport',5,20,NULL,NULL,'2025-04-01 11:42:03','2025-04-01 11:42:03'),(3877,929,'local',8,15,NULL,NULL,'2025-04-01 11:42:03','2025-04-01 11:42:03'),(3878,929,'local',3,10,NULL,NULL,'2025-04-01 11:42:03','2025-04-01 11:42:03'),(3879,929,'local',5,10,NULL,NULL,'2025-04-01 11:42:03','2025-04-01 11:42:03'),(3880,929,'local',7,5,NULL,NULL,'2025-04-01 11:42:03','2025-04-01 11:42:03'),(3881,929,'airport',8,10,NULL,NULL,'2025-04-01 11:42:03','2025-04-01 11:42:03'),(3882,929,'airport',3,15,NULL,NULL,'2025-04-01 11:42:03','2025-04-01 11:42:03'),(3883,929,'airport',5,20,NULL,NULL,'2025-04-01 11:42:03','2025-04-01 11:42:03'),(3884,930,'local',8,15,NULL,NULL,'2025-04-01 11:42:03','2025-04-01 11:42:03'),(3885,930,'local',3,10,NULL,NULL,'2025-04-01 11:42:03','2025-04-01 11:42:03'),(3886,930,'local',5,10,NULL,NULL,'2025-04-01 11:42:03','2025-04-01 11:42:03'),(3887,930,'local',7,5,NULL,NULL,'2025-04-01 11:42:03','2025-04-01 11:42:03'),(3888,931,'local',8,15,NULL,NULL,'2025-04-01 11:42:03','2025-04-01 11:42:03'),(3889,931,'local',3,10,NULL,NULL,'2025-04-01 11:42:03','2025-04-01 11:42:03'),(3890,931,'local',5,10,NULL,NULL,'2025-04-01 11:42:03','2025-04-01 11:42:03'),(3891,931,'local',7,5,NULL,NULL,'2025-04-01 11:42:03','2025-04-01 11:42:03'),(3892,931,'airport',8,10,NULL,NULL,'2025-04-01 11:42:03','2025-04-01 11:42:03'),(3893,931,'airport',3,15,NULL,NULL,'2025-04-01 11:42:03','2025-04-01 11:42:03'),(3894,931,'airport',5,20,NULL,NULL,'2025-04-01 11:42:03','2025-04-01 11:42:03'),(3895,932,'local',8,15,NULL,NULL,'2025-04-01 11:42:03','2025-04-01 11:42:03'),(3896,932,'local',3,10,NULL,NULL,'2025-04-01 11:42:03','2025-04-01 11:42:03'),(3897,932,'local',5,10,NULL,NULL,'2025-04-01 11:42:03','2025-04-01 11:42:03'),(3898,932,'local',7,5,NULL,NULL,'2025-04-01 11:42:03','2025-04-01 11:42:03'),(3899,932,'airport',8,10,NULL,NULL,'2025-04-01 11:42:03','2025-04-01 11:42:03'),(3900,932,'airport',3,15,NULL,NULL,'2025-04-01 11:42:03','2025-04-01 11:42:03'),(3901,932,'airport',5,15,NULL,NULL,'2025-04-01 11:42:03','2025-04-01 11:42:03'),(3902,933,'local',8,15,NULL,NULL,'2025-04-01 11:42:03','2025-04-01 11:42:03'),(3903,933,'local',3,10,NULL,NULL,'2025-04-01 11:42:03','2025-04-01 11:42:03'),(3904,933,'local',5,10,NULL,NULL,'2025-04-01 11:42:03','2025-04-01 11:42:03'),(3905,933,'local',7,5,NULL,NULL,'2025-04-01 11:42:03','2025-04-01 11:42:03'),(3906,933,'airport',8,10,NULL,NULL,'2025-04-01 11:42:03','2025-04-01 11:42:03'),(3907,933,'airport',3,15,NULL,NULL,'2025-04-01 11:42:03','2025-04-01 11:42:03'),(3908,933,'airport',5,20,NULL,NULL,'2025-04-01 11:42:03','2025-04-01 11:42:03'),(3909,934,'local',8,15,NULL,NULL,'2025-04-01 11:42:03','2025-04-01 11:42:03'),(3910,934,'local',3,10,NULL,NULL,'2025-04-01 11:42:03','2025-04-01 11:42:03'),(3911,934,'local',5,10,NULL,NULL,'2025-04-01 11:42:03','2025-04-01 11:42:03'),(3912,934,'local',7,5,NULL,NULL,'2025-04-01 11:42:03','2025-04-01 11:42:03'),(3913,934,'airport',8,10,NULL,NULL,'2025-04-01 11:42:03','2025-04-01 11:42:03'),(3914,934,'airport',3,15,NULL,NULL,'2025-04-01 11:42:03','2025-04-01 11:42:03'),(3915,934,'airport',5,15,NULL,NULL,'2025-04-01 11:42:03','2025-04-01 11:42:03'),(3916,935,'local',8,15,NULL,NULL,'2025-04-01 11:42:03','2025-04-01 11:42:03'),(3917,935,'local',3,10,NULL,NULL,'2025-04-01 11:42:03','2025-04-01 11:42:03'),(3918,935,'local',5,10,NULL,NULL,'2025-04-01 11:42:03','2025-04-01 11:42:03'),(3919,935,'local',7,5,NULL,NULL,'2025-04-01 11:42:03','2025-04-01 11:42:03'),(12911,3186,'roundTrip',8,20,NULL,NULL,'2025-04-08 20:02:21','2025-04-08 20:02:21'),(12912,3186,'roundTrip',3,16,NULL,NULL,'2025-04-08 20:02:21','2025-04-08 20:02:21'),(12913,3186,'roundTrip',5,17,NULL,NULL,'2025-04-08 20:02:21','2025-04-08 20:02:21'),(12914,3186,'roundTrip',7,5,NULL,NULL,'2025-04-08 20:02:21','2025-04-08 20:02:21'),(12915,3187,'roundTrip',8,20,NULL,NULL,'2025-04-08 20:02:21','2025-04-08 20:02:21'),(12916,3187,'roundTrip',3,16,NULL,NULL,'2025-04-08 20:02:21','2025-04-08 20:02:21'),(12917,3187,'roundTrip',5,17,NULL,NULL,'2025-04-08 20:02:21','2025-04-08 20:02:21'),(12918,3187,'roundTrip',7,5,NULL,NULL,'2025-04-08 20:02:21','2025-04-08 20:02:21'),(12919,3188,'roundTrip',8,20,NULL,NULL,'2025-04-08 20:02:21','2025-04-08 20:02:21'),(12920,3188,'roundTrip',3,16,NULL,NULL,'2025-04-08 20:02:21','2025-04-08 20:02:21'),(12921,3188,'roundTrip',5,17,NULL,NULL,'2025-04-08 20:02:21','2025-04-08 20:02:21'),(12922,3188,'roundTrip',7,5,NULL,NULL,'2025-04-08 20:02:21','2025-04-08 20:02:21'),(12923,3189,'roundTrip',8,20,NULL,NULL,'2025-04-08 20:02:21','2025-04-08 20:02:21'),(12924,3189,'roundTrip',3,16,NULL,NULL,'2025-04-08 20:02:21','2025-04-08 20:02:21'),(12925,3189,'roundTrip',5,17,NULL,NULL,'2025-04-08 20:02:21','2025-04-08 20:02:21'),(12926,3189,'roundTrip',7,5,NULL,NULL,'2025-04-08 20:02:21','2025-04-08 20:02:21'),(12927,3190,'roundTrip',8,20,NULL,NULL,'2025-04-08 20:02:21','2025-04-08 20:02:21'),(12928,3190,'roundTrip',3,16,NULL,NULL,'2025-04-08 20:02:21','2025-04-08 20:02:21'),(12929,3190,'roundTrip',5,17,NULL,NULL,'2025-04-08 20:02:21','2025-04-08 20:02:21'),(12930,3190,'roundTrip',7,5,NULL,NULL,'2025-04-08 20:02:21','2025-04-08 20:02:21'),(12931,3191,'roundTrip',8,20,NULL,NULL,'2025-04-08 20:02:21','2025-04-08 20:02:21'),(12932,3191,'roundTrip',3,16,NULL,NULL,'2025-04-08 20:02:21','2025-04-08 20:02:21'),(12933,3191,'roundTrip',5,17,NULL,NULL,'2025-04-08 20:02:21','2025-04-08 20:02:21'),(12934,3191,'roundTrip',7,5,NULL,NULL,'2025-04-08 20:02:21','2025-04-08 20:02:21'),(12935,3192,'roundTrip',8,20,NULL,NULL,'2025-04-08 20:02:21','2025-04-08 20:02:21'),(12936,3192,'roundTrip',3,16,NULL,NULL,'2025-04-08 20:02:21','2025-04-08 20:02:21'),(12937,3192,'roundTrip',5,17,NULL,NULL,'2025-04-08 20:02:21','2025-04-08 20:02:21'),(12938,3192,'roundTrip',7,5,NULL,NULL,'2025-04-08 20:02:21','2025-04-08 20:02:21'),(12939,3193,'roundTrip',8,20,NULL,NULL,'2025-04-08 20:02:21','2025-04-08 20:02:21'),(12940,3193,'roundTrip',3,16,NULL,NULL,'2025-04-08 20:02:21','2025-04-08 20:02:21'),(12941,3193,'roundTrip',5,17,NULL,NULL,'2025-04-08 20:02:21','2025-04-08 20:02:21'),(12942,3193,'roundTrip',7,5,NULL,NULL,'2025-04-08 20:02:21','2025-04-08 20:02:21'),(12943,3194,'roundTrip',8,20,NULL,NULL,'2025-04-08 20:02:21','2025-04-08 20:02:21'),(12944,3194,'roundTrip',3,16,NULL,NULL,'2025-04-08 20:02:21','2025-04-08 20:02:21'),(12945,3194,'roundTrip',5,17,NULL,NULL,'2025-04-08 20:02:21','2025-04-08 20:02:21'),(12946,3194,'roundTrip',7,5,NULL,NULL,'2025-04-08 20:02:21','2025-04-08 20:02:21'),(12947,3195,'roundTrip',8,20,NULL,NULL,'2025-04-08 20:02:21','2025-04-08 20:02:21'),(12948,3195,'roundTrip',3,16,NULL,NULL,'2025-04-08 20:02:21','2025-04-08 20:02:21'),(12949,3195,'roundTrip',5,17,NULL,NULL,'2025-04-08 20:02:21','2025-04-08 20:02:21'),(12950,3195,'roundTrip',7,5,NULL,NULL,'2025-04-08 20:02:21','2025-04-08 20:02:21'),(12951,3196,'roundTrip',8,20,NULL,NULL,'2025-04-08 20:02:21','2025-04-08 20:02:21'),(12952,3196,'roundTrip',3,16,NULL,NULL,'2025-04-08 20:02:21','2025-04-08 20:02:21'),(12953,3196,'roundTrip',5,17,NULL,NULL,'2025-04-08 20:02:21','2025-04-08 20:02:21'),(12954,3196,'roundTrip',7,5,NULL,NULL,'2025-04-08 20:02:21','2025-04-08 20:02:21'),(12955,3197,'roundTrip',8,20,NULL,NULL,'2025-04-08 20:02:21','2025-04-08 20:02:21'),(12956,3197,'roundTrip',3,16,NULL,NULL,'2025-04-08 20:02:21','2025-04-08 20:02:21'),(12957,3197,'roundTrip',5,17,NULL,NULL,'2025-04-08 20:02:21','2025-04-08 20:02:21'),(12958,3197,'roundTrip',7,5,NULL,NULL,'2025-04-08 20:02:21','2025-04-08 20:02:21'),(12959,3198,'roundTrip',8,20,NULL,NULL,'2025-04-08 20:02:21','2025-04-08 20:02:21'),(12960,3198,'roundTrip',3,16,NULL,NULL,'2025-04-08 20:02:21','2025-04-08 20:02:21'),(12961,3198,'roundTrip',5,17,NULL,NULL,'2025-04-08 20:02:21','2025-04-08 20:02:21'),(12962,3198,'roundTrip',7,5,NULL,NULL,'2025-04-08 20:02:21','2025-04-08 20:02:21'),(12963,3199,'roundTrip',8,20,NULL,NULL,'2025-04-08 20:02:21','2025-04-08 20:02:21'),(12964,3199,'roundTrip',3,16,NULL,NULL,'2025-04-08 20:02:21','2025-04-08 20:02:21'),(12965,3199,'roundTrip',5,17,NULL,NULL,'2025-04-08 20:02:21','2025-04-08 20:02:21'),(12966,3199,'roundTrip',7,5,NULL,NULL,'2025-04-08 20:02:21','2025-04-08 20:02:21'),(12967,3200,'roundTrip',8,20,NULL,NULL,'2025-04-08 20:02:21','2025-04-08 20:02:21'),(12968,3200,'roundTrip',3,16,NULL,NULL,'2025-04-08 20:02:21','2025-04-08 20:02:21'),(12969,3200,'roundTrip',5,17,NULL,NULL,'2025-04-08 20:02:21','2025-04-08 20:02:21'),(12970,3200,'roundTrip',7,5,NULL,NULL,'2025-04-08 20:02:21','2025-04-08 20:02:21'),(12971,3201,'roundTrip',8,20,NULL,NULL,'2025-04-08 20:02:21','2025-04-08 20:02:21'),(12972,3201,'roundTrip',3,16,NULL,NULL,'2025-04-08 20:02:21','2025-04-08 20:02:21'),(12973,3201,'roundTrip',5,17,NULL,NULL,'2025-04-08 20:02:21','2025-04-08 20:02:21'),(12974,3201,'roundTrip',7,5,NULL,NULL,'2025-04-08 20:02:21','2025-04-08 20:02:21'),(12975,3202,'roundTrip',8,20,NULL,NULL,'2025-04-08 20:02:21','2025-04-08 20:02:21'),(12976,3202,'roundTrip',3,16,NULL,NULL,'2025-04-08 20:02:21','2025-04-08 20:02:21'),(12977,3202,'roundTrip',5,17,NULL,NULL,'2025-04-08 20:02:21','2025-04-08 20:02:21'),(12978,3202,'roundTrip',7,5,NULL,NULL,'2025-04-08 20:02:21','2025-04-08 20:02:21'),(12979,3203,'roundTrip',8,20,NULL,NULL,'2025-04-08 20:02:21','2025-04-08 20:02:21'),(12980,3203,'roundTrip',3,16,NULL,NULL,'2025-04-08 20:02:21','2025-04-08 20:02:21'),(12981,3203,'roundTrip',5,17,NULL,NULL,'2025-04-08 20:02:21','2025-04-08 20:02:21'),(12982,3203,'roundTrip',7,5,NULL,NULL,'2025-04-08 20:02:21','2025-04-08 20:02:21'),(12983,3204,'roundTrip',8,20,NULL,NULL,'2025-04-08 20:02:21','2025-04-08 20:02:21'),(12984,3204,'roundTrip',3,16,NULL,NULL,'2025-04-08 20:02:21','2025-04-08 20:02:21'),(12985,3204,'roundTrip',5,17,NULL,NULL,'2025-04-08 20:02:21','2025-04-08 20:02:21'),(12986,3204,'roundTrip',7,5,NULL,NULL,'2025-04-08 20:02:21','2025-04-08 20:02:21'),(12987,3205,'roundTrip',8,20,NULL,NULL,'2025-04-08 20:02:21','2025-04-08 20:02:21'),(12988,3205,'roundTrip',3,16,NULL,NULL,'2025-04-08 20:02:21','2025-04-08 20:02:21'),(12989,3205,'roundTrip',5,17,NULL,NULL,'2025-04-08 20:02:21','2025-04-08 20:02:21'),(12990,3205,'roundTrip',7,5,NULL,NULL,'2025-04-08 20:02:21','2025-04-08 20:02:21'),(12991,3206,'roundTrip',8,20,NULL,NULL,'2025-04-08 20:02:21','2025-04-08 20:02:21'),(12992,3206,'roundTrip',3,16,NULL,NULL,'2025-04-08 20:02:21','2025-04-08 20:02:21'),(12993,3206,'roundTrip',5,17,NULL,NULL,'2025-04-08 20:02:21','2025-04-08 20:02:21'),(12994,3206,'roundTrip',7,5,NULL,NULL,'2025-04-08 20:02:21','2025-04-08 20:02:21'),(12995,3207,'roundTrip',8,20,NULL,NULL,'2025-04-08 20:02:21','2025-04-08 20:02:21'),(12996,3207,'roundTrip',3,16,NULL,NULL,'2025-04-08 20:02:21','2025-04-08 20:02:21'),(12997,3207,'roundTrip',5,17,NULL,NULL,'2025-04-08 20:02:21','2025-04-08 20:02:21'),(12998,3207,'roundTrip',7,5,NULL,NULL,'2025-04-08 20:02:21','2025-04-08 20:02:21'),(12999,3208,'roundTrip',8,20,NULL,NULL,'2025-04-08 20:02:21','2025-04-08 20:02:21'),(13000,3208,'roundTrip',3,16,NULL,NULL,'2025-04-08 20:02:21','2025-04-08 20:02:21'),(13001,3208,'roundTrip',5,17,NULL,NULL,'2025-04-08 20:02:21','2025-04-08 20:02:21'),(13002,3208,'roundTrip',7,5,NULL,NULL,'2025-04-08 20:02:21','2025-04-08 20:02:21'),(19143,4744,'oneWay',8,30,NULL,NULL,'2025-05-30 11:17:14','2025-05-30 11:17:14'),(19144,4744,'oneWay',3,20,NULL,NULL,'2025-05-30 11:17:14','2025-05-30 11:17:14'),(19145,4744,'oneWay',5,20,NULL,NULL,'2025-05-30 11:17:14','2025-05-30 11:17:14'),(19146,4744,'oneWay',7,10,NULL,NULL,'2025-05-30 11:17:14','2025-05-30 11:17:14'),(19147,4745,'oneWay',8,30,NULL,NULL,'2025-05-30 11:17:14','2025-05-30 11:17:14'),(19148,4745,'oneWay',3,20,NULL,NULL,'2025-05-30 11:17:14','2025-05-30 11:17:14'),(19149,4745,'oneWay',5,20,NULL,NULL,'2025-05-30 11:17:14','2025-05-30 11:17:14'),(19150,4745,'oneWay',7,10,NULL,NULL,'2025-05-30 11:17:14','2025-05-30 11:17:14'),(19151,4746,'oneWay',8,30,NULL,NULL,'2025-05-30 11:17:14','2025-05-30 11:17:14'),(19152,4746,'oneWay',3,20,NULL,NULL,'2025-05-30 11:17:14','2025-05-30 11:17:14'),(19153,4746,'oneWay',5,20,NULL,NULL,'2025-05-30 11:17:14','2025-05-30 11:17:14'),(19154,4746,'oneWay',7,10,NULL,NULL,'2025-05-30 11:17:14','2025-05-30 11:17:14'),(19155,4747,'oneWay',8,30,NULL,NULL,'2025-05-30 11:17:14','2025-05-30 11:17:14'),(19156,4747,'oneWay',3,20,NULL,NULL,'2025-05-30 11:17:14','2025-05-30 11:17:14'),(19157,4747,'oneWay',5,20,NULL,NULL,'2025-05-30 11:17:14','2025-05-30 11:17:14'),(19158,4747,'oneWay',7,10,NULL,NULL,'2025-05-30 11:17:14','2025-05-30 11:17:14'),(19159,4748,'oneWay',8,30,NULL,NULL,'2025-05-30 11:17:14','2025-05-30 11:17:14'),(19160,4748,'oneWay',3,20,NULL,NULL,'2025-05-30 11:17:14','2025-05-30 11:17:14'),(19161,4748,'oneWay',5,20,NULL,NULL,'2025-05-30 11:17:14','2025-05-30 11:17:14'),(19162,4748,'oneWay',7,10,NULL,NULL,'2025-05-30 11:17:14','2025-05-30 11:17:14'),(19163,4749,'oneWay',8,30,NULL,NULL,'2025-05-30 11:17:14','2025-05-30 11:17:14'),(19164,4749,'oneWay',3,20,NULL,NULL,'2025-05-30 11:17:14','2025-05-30 11:17:14'),(19165,4749,'oneWay',5,20,NULL,NULL,'2025-05-30 11:17:14','2025-05-30 11:17:14'),(19166,4749,'oneWay',7,10,NULL,NULL,'2025-05-30 11:17:14','2025-05-30 11:17:14'),(19167,4750,'oneWay',8,30,NULL,NULL,'2025-05-30 11:17:14','2025-05-30 11:17:14'),(19168,4750,'oneWay',3,20,NULL,NULL,'2025-05-30 11:17:14','2025-05-30 11:17:14'),(19169,4750,'oneWay',5,20,NULL,NULL,'2025-05-30 11:17:14','2025-05-30 11:17:14'),(19170,4750,'oneWay',7,10,NULL,NULL,'2025-05-30 11:17:14','2025-05-30 11:17:14'),(19171,4751,'oneWay',8,30,NULL,NULL,'2025-05-30 11:17:14','2025-05-30 11:17:14'),(19172,4751,'oneWay',3,20,NULL,NULL,'2025-05-30 11:17:14','2025-05-30 11:17:14'),(19173,4751,'oneWay',5,20,NULL,NULL,'2025-05-30 11:17:14','2025-05-30 11:17:14'),(19174,4751,'oneWay',7,10,NULL,NULL,'2025-05-30 11:17:14','2025-05-30 11:17:14'),(19175,4752,'oneWay',8,30,NULL,NULL,'2025-05-30 11:17:14','2025-05-30 11:17:14'),(19176,4752,'oneWay',3,20,NULL,NULL,'2025-05-30 11:17:14','2025-05-30 11:17:14'),(19177,4752,'oneWay',5,20,NULL,NULL,'2025-05-30 11:17:14','2025-05-30 11:17:14'),(19178,4752,'oneWay',7,10,NULL,NULL,'2025-05-30 11:17:14','2025-05-30 11:17:14'),(19179,4753,'oneWay',8,30,NULL,NULL,'2025-05-30 11:17:14','2025-05-30 11:17:14'),(19180,4753,'oneWay',3,20,NULL,NULL,'2025-05-30 11:17:14','2025-05-30 11:17:14'),(19181,4753,'oneWay',5,20,NULL,NULL,'2025-05-30 11:17:14','2025-05-30 11:17:14'),(19182,4753,'oneWay',7,10,NULL,NULL,'2025-05-30 11:17:14','2025-05-30 11:17:14'),(19183,4754,'oneWay',8,30,NULL,NULL,'2025-05-30 11:17:14','2025-05-30 11:17:14'),(19184,4754,'oneWay',3,20,NULL,NULL,'2025-05-30 11:17:14','2025-05-30 11:17:14'),(19185,4754,'oneWay',5,20,NULL,NULL,'2025-05-30 11:17:14','2025-05-30 11:17:14'),(19186,4754,'oneWay',7,10,NULL,NULL,'2025-05-30 11:17:14','2025-05-30 11:17:14'),(19187,4755,'oneWay',8,30,NULL,NULL,'2025-05-30 11:17:14','2025-05-30 11:17:14'),(19188,4755,'oneWay',3,20,NULL,NULL,'2025-05-30 11:17:14','2025-05-30 11:17:14'),(19189,4755,'oneWay',5,20,NULL,NULL,'2025-05-30 11:17:14','2025-05-30 11:17:14'),(19190,4755,'oneWay',7,10,NULL,NULL,'2025-05-30 11:17:14','2025-05-30 11:17:14'),(19191,4756,'oneWay',8,30,NULL,NULL,'2025-05-30 11:17:14','2025-05-30 11:17:14'),(19192,4756,'oneWay',3,25,NULL,NULL,'2025-05-30 11:17:14','2025-05-30 11:17:14'),(19193,4756,'oneWay',5,20,NULL,NULL,'2025-05-30 11:17:14','2025-05-30 11:17:14'),(19194,4756,'oneWay',7,10,NULL,NULL,'2025-05-30 11:17:14','2025-05-30 11:17:14'),(19195,4757,'oneWay',8,25,NULL,NULL,'2025-05-30 11:17:14','2025-05-30 11:17:14'),(19196,4757,'oneWay',3,20,NULL,NULL,'2025-05-30 11:17:14','2025-05-30 11:17:14'),(19197,4757,'oneWay',5,20,NULL,NULL,'2025-05-30 11:17:14','2025-05-30 11:17:14'),(19198,4757,'oneWay',7,10,NULL,NULL,'2025-05-30 11:17:14','2025-05-30 11:17:14'),(19199,4758,'oneWay',8,30,NULL,NULL,'2025-05-30 11:17:14','2025-05-30 11:17:14'),(19200,4758,'oneWay',3,20,NULL,NULL,'2025-05-30 11:17:14','2025-05-30 11:17:14'),(19201,4758,'oneWay',5,20,NULL,NULL,'2025-05-30 11:17:14','2025-05-30 11:17:14'),(19202,4758,'oneWay',7,10,NULL,NULL,'2025-05-30 11:17:14','2025-05-30 11:17:14'),(19203,4759,'oneWay',8,25,NULL,NULL,'2025-05-30 11:17:14','2025-05-30 11:17:14'),(19204,4759,'oneWay',3,20,NULL,NULL,'2025-05-30 11:17:14','2025-05-30 11:17:14'),(19205,4759,'oneWay',5,15,NULL,NULL,'2025-05-30 11:17:14','2025-05-30 11:17:14'),(19206,4759,'oneWay',7,10,NULL,NULL,'2025-05-30 11:17:14','2025-05-30 11:17:14'),(19207,4760,'oneWay',8,30,NULL,NULL,'2025-05-30 11:17:14','2025-05-30 11:17:14'),(19208,4760,'oneWay',3,20,NULL,NULL,'2025-05-30 11:17:14','2025-05-30 11:17:14'),(19209,4760,'oneWay',5,20,NULL,NULL,'2025-05-30 11:17:14','2025-05-30 11:17:14'),(19210,4760,'oneWay',7,10,NULL,NULL,'2025-05-30 11:17:14','2025-05-30 11:17:14'),(19211,4761,'oneWay',8,30,NULL,NULL,'2025-05-30 11:17:14','2025-05-30 11:17:14'),(19212,4761,'oneWay',3,20,NULL,NULL,'2025-05-30 11:17:14','2025-05-30 11:17:14'),(19213,4761,'oneWay',5,20,NULL,NULL,'2025-05-30 11:17:14','2025-05-30 11:17:14'),(19214,4761,'oneWay',7,10,NULL,NULL,'2025-05-30 11:17:14','2025-05-30 11:17:14'),(19215,4762,'oneWay',8,30,NULL,NULL,'2025-05-30 11:17:14','2025-05-30 11:17:14'),(19216,4762,'oneWay',3,20,NULL,NULL,'2025-05-30 11:17:14','2025-05-30 11:17:14'),(19217,4762,'oneWay',5,20,NULL,NULL,'2025-05-30 11:17:14','2025-05-30 11:17:14'),(19218,4762,'oneWay',7,10,NULL,NULL,'2025-05-30 11:17:14','2025-05-30 11:17:14'),(19219,4763,'oneWay',8,30,NULL,NULL,'2025-05-30 11:17:14','2025-05-30 11:17:14'),(19220,4763,'oneWay',3,20,NULL,NULL,'2025-05-30 11:17:14','2025-05-30 11:17:14'),(19221,4763,'oneWay',5,20,NULL,NULL,'2025-05-30 11:17:14','2025-05-30 11:17:14'),(19222,4763,'oneWay',7,10,NULL,NULL,'2025-05-30 11:17:14','2025-05-30 11:17:14'),(19223,4764,'oneWay',8,30,NULL,NULL,'2025-05-30 11:17:14','2025-05-30 11:17:14'),(19224,4764,'oneWay',3,20,NULL,NULL,'2025-05-30 11:17:14','2025-05-30 11:17:14'),(19225,4764,'oneWay',5,20,NULL,NULL,'2025-05-30 11:17:14','2025-05-30 11:17:14'),(19226,4764,'oneWay',7,10,NULL,NULL,'2025-05-30 11:17:14','2025-05-30 11:17:14'),(19227,4765,'oneWay',8,30,NULL,NULL,'2025-05-30 11:17:14','2025-05-30 11:17:14'),(19228,4765,'oneWay',3,20,NULL,NULL,'2025-05-30 11:17:14','2025-05-30 11:17:14'),(19229,4765,'oneWay',5,20,NULL,NULL,'2025-05-30 11:17:14','2025-05-30 11:17:14'),(19230,4765,'oneWay',7,10,NULL,NULL,'2025-05-30 11:17:14','2025-05-30 11:17:14'),(19231,4766,'oneWay',8,30,NULL,NULL,'2025-05-30 11:17:14','2025-05-30 11:17:14'),(19232,4766,'oneWay',3,20,NULL,NULL,'2025-05-30 11:17:14','2025-05-30 11:17:14'),(19233,4766,'oneWay',5,20,NULL,NULL,'2025-05-30 11:17:14','2025-05-30 11:17:14'),(19234,4766,'oneWay',7,10,NULL,NULL,'2025-05-30 11:17:14','2025-05-30 11:17:14'),(19235,4767,'oneWay',8,30,NULL,NULL,'2025-05-30 11:17:14','2025-05-30 11:17:14'),(19236,4767,'oneWay',3,20,NULL,NULL,'2025-05-30 11:17:14','2025-05-30 11:17:14'),(19237,4767,'oneWay',5,30,NULL,NULL,'2025-05-30 11:17:14','2025-05-30 11:17:14'),(19238,4767,'oneWay',7,10,NULL,NULL,'2025-05-30 11:17:14','2025-05-30 11:17:14'),(19239,4768,'oneWay',8,30,NULL,NULL,'2025-05-30 11:17:14','2025-05-30 11:17:14'),(19240,4768,'oneWay',3,20,NULL,NULL,'2025-05-30 11:17:14','2025-05-30 11:17:14'),(19241,4768,'oneWay',5,30,NULL,NULL,'2025-05-30 11:17:14','2025-05-30 11:17:14'),(19242,4768,'oneWay',7,10,NULL,NULL,'2025-05-30 11:17:14','2025-05-30 11:17:14'),(19243,4769,'oneWay',8,30,NULL,NULL,'2025-05-30 11:17:14','2025-05-30 11:17:14'),(19244,4769,'oneWay',3,20,NULL,NULL,'2025-05-30 11:17:14','2025-05-30 11:17:14'),(19245,4769,'oneWay',5,30,NULL,NULL,'2025-05-30 11:17:14','2025-05-30 11:17:14'),(19246,4769,'oneWay',7,10,NULL,NULL,'2025-05-30 11:17:14','2025-05-30 11:17:14'),(19247,4770,'oneWay',8,30,NULL,NULL,'2025-05-30 11:17:14','2025-05-30 11:17:14'),(19248,4770,'oneWay',3,20,NULL,NULL,'2025-05-30 11:17:14','2025-05-30 11:17:14'),(19249,4770,'oneWay',5,30,NULL,NULL,'2025-05-30 11:17:14','2025-05-30 11:17:14'),(19250,4770,'oneWay',7,10,NULL,NULL,'2025-05-30 11:17:14','2025-05-30 11:17:14'),(19251,4771,'oneWay',8,30,NULL,NULL,'2025-05-30 11:17:14','2025-05-30 11:17:14'),(19252,4771,'oneWay',3,20,NULL,NULL,'2025-05-30 11:17:14','2025-05-30 11:17:14'),(19253,4771,'oneWay',5,30,NULL,NULL,'2025-05-30 11:17:14','2025-05-30 11:17:14'),(19254,4771,'oneWay',7,10,NULL,NULL,'2025-05-30 11:17:14','2025-05-30 11:17:14'),(19255,4772,'oneWay',8,30,NULL,NULL,'2025-05-30 11:17:14','2025-05-30 11:17:14'),(19256,4772,'oneWay',3,20,NULL,NULL,'2025-05-30 11:17:14','2025-05-30 11:17:14'),(19257,4772,'oneWay',5,20,NULL,NULL,'2025-05-30 11:17:14','2025-05-30 11:17:14'),(19258,4772,'oneWay',7,10,NULL,NULL,'2025-05-30 11:17:14','2025-05-30 11:17:14'),(19259,4773,'oneWay',8,25,NULL,NULL,'2025-05-30 11:17:14','2025-05-30 11:17:14'),(19260,4773,'oneWay',3,20,NULL,NULL,'2025-05-30 11:17:14','2025-05-30 11:17:14'),(19261,4773,'oneWay',5,20,NULL,NULL,'2025-05-30 11:17:14','2025-05-30 11:17:14'),(19262,4773,'oneWay',7,5,NULL,NULL,'2025-05-30 11:17:14','2025-05-30 11:17:14'),(19263,4774,'oneWay',8,25,NULL,NULL,'2025-05-30 11:17:14','2025-05-30 11:17:14'),(19264,4774,'oneWay',3,20,NULL,NULL,'2025-05-30 11:17:14','2025-05-30 11:17:14'),(19265,4774,'oneWay',5,20,NULL,NULL,'2025-05-30 11:17:14','2025-05-30 11:17:14'),(19266,4774,'oneWay',7,5,NULL,NULL,'2025-05-30 11:17:14','2025-05-30 11:17:14'),(19267,4775,'oneWay',8,25,NULL,NULL,'2025-05-30 11:17:14','2025-05-30 11:17:14'),(19268,4775,'oneWay',3,20,NULL,NULL,'2025-05-30 11:17:14','2025-05-30 11:17:14'),(19269,4775,'oneWay',5,20,NULL,NULL,'2025-05-30 11:17:14','2025-05-30 11:17:14'),(19270,4775,'oneWay',7,5,NULL,NULL,'2025-05-30 11:17:14','2025-05-30 11:17:14'),(19271,4776,'oneWay',8,25,NULL,NULL,'2025-05-30 11:17:14','2025-05-30 11:17:14'),(19272,4776,'oneWay',3,20,NULL,NULL,'2025-05-30 11:17:14','2025-05-30 11:17:14'),(19273,4776,'oneWay',5,20,NULL,NULL,'2025-05-30 11:17:14','2025-05-30 11:17:14'),(19274,4776,'oneWay',7,5,NULL,NULL,'2025-05-30 11:17:14','2025-05-30 11:17:14'),(19275,4777,'oneWay',8,25,NULL,NULL,'2025-05-30 11:17:14','2025-05-30 11:17:14'),(19276,4777,'oneWay',3,20,NULL,NULL,'2025-05-30 11:17:14','2025-05-30 11:17:14'),(19277,4777,'oneWay',5,20,NULL,NULL,'2025-05-30 11:17:14','2025-05-30 11:17:14'),(19278,4777,'oneWay',7,5,NULL,NULL,'2025-05-30 11:17:14','2025-05-30 11:17:14'),(19279,4778,'oneWay',8,25,NULL,NULL,'2025-05-30 11:17:14','2025-05-30 11:17:14'),(19280,4778,'oneWay',3,20,NULL,NULL,'2025-05-30 11:17:14','2025-05-30 11:17:14'),(19281,4778,'oneWay',5,20,NULL,NULL,'2025-05-30 11:17:14','2025-05-30 11:17:14'),(19282,4778,'oneWay',7,5,NULL,NULL,'2025-05-30 11:17:14','2025-05-30 11:17:14'),(19283,4779,'oneWay',8,25,NULL,NULL,'2025-05-30 11:17:14','2025-05-30 11:17:14'),(19284,4779,'oneWay',3,20,NULL,NULL,'2025-05-30 11:17:14','2025-05-30 11:17:14'),(19285,4779,'oneWay',5,20,NULL,NULL,'2025-05-30 11:17:14','2025-05-30 11:17:14'),(19286,4779,'oneWay',7,5,NULL,NULL,'2025-05-30 11:17:14','2025-05-30 11:17:14'),(19287,4780,'oneWay',8,25,NULL,NULL,'2025-05-30 11:17:14','2025-05-30 11:17:14'),(19288,4780,'oneWay',3,20,NULL,NULL,'2025-05-30 11:17:14','2025-05-30 11:17:14'),(19289,4780,'oneWay',5,20,NULL,NULL,'2025-05-30 11:17:14','2025-05-30 11:17:14'),(19290,4780,'oneWay',7,5,NULL,NULL,'2025-05-30 11:17:14','2025-05-30 11:17:14'),(19291,4781,'oneWay',8,25,NULL,NULL,'2025-05-30 11:17:14','2025-05-30 11:17:14'),(19292,4781,'oneWay',3,20,NULL,NULL,'2025-05-30 11:17:14','2025-05-30 11:17:14'),(19293,4781,'oneWay',5,20,NULL,NULL,'2025-05-30 11:17:14','2025-05-30 11:17:14'),(19294,4781,'oneWay',7,5,NULL,NULL,'2025-05-30 11:17:14','2025-05-30 11:17:14'),(19295,4782,'oneWay',8,25,NULL,NULL,'2025-05-30 11:17:14','2025-05-30 11:17:14'),(19296,4782,'oneWay',3,20,NULL,NULL,'2025-05-30 11:17:14','2025-05-30 11:17:14'),(19297,4782,'oneWay',5,20,NULL,NULL,'2025-05-30 11:17:14','2025-05-30 11:17:14'),(19298,4782,'oneWay',7,5,NULL,NULL,'2025-05-30 11:17:14','2025-05-30 11:17:14'),(19299,4783,'oneWay',8,25,NULL,NULL,'2025-05-30 11:17:14','2025-05-30 11:17:14'),(19300,4783,'oneWay',3,20,NULL,NULL,'2025-05-30 11:17:14','2025-05-30 11:17:14'),(19301,4783,'oneWay',5,20,NULL,NULL,'2025-05-30 11:17:14','2025-05-30 11:17:14'),(19302,4783,'oneWay',7,5,NULL,NULL,'2025-05-30 11:17:14','2025-05-30 11:17:14'),(19303,4784,'oneWay',8,25,NULL,NULL,'2025-05-30 11:17:14','2025-05-30 11:17:14'),(19304,4784,'oneWay',3,20,NULL,NULL,'2025-05-30 11:17:14','2025-05-30 11:17:14'),(19305,4784,'oneWay',5,20,NULL,NULL,'2025-05-30 11:17:14','2025-05-30 11:17:14'),(19306,4784,'oneWay',7,5,NULL,NULL,'2025-05-30 11:17:14','2025-05-30 11:17:14'),(19307,4785,'oneWay',8,25,NULL,NULL,'2025-05-30 11:17:14','2025-05-30 11:17:14'),(19308,4785,'oneWay',3,20,NULL,NULL,'2025-05-30 11:17:14','2025-05-30 11:17:14'),(19309,4785,'oneWay',5,20,NULL,NULL,'2025-05-30 11:17:14','2025-05-30 11:17:14'),(19310,4785,'oneWay',7,5,NULL,NULL,'2025-05-30 11:17:14','2025-05-30 11:17:14'),(19311,4786,'oneWay',8,25,NULL,NULL,'2025-05-30 11:17:14','2025-05-30 11:17:14'),(19312,4786,'oneWay',3,20,NULL,NULL,'2025-05-30 11:17:14','2025-05-30 11:17:14'),(19313,4786,'oneWay',5,20,NULL,NULL,'2025-05-30 11:17:14','2025-05-30 11:17:14'),(19314,4786,'oneWay',7,5,NULL,NULL,'2025-05-30 11:17:14','2025-05-30 11:17:14'),(19315,4787,'oneWay',8,25,NULL,NULL,'2025-05-30 11:17:14','2025-05-30 11:17:14'),(19316,4787,'oneWay',3,20,NULL,NULL,'2025-05-30 11:17:14','2025-05-30 11:17:14'),(19317,4787,'oneWay',5,20,NULL,NULL,'2025-05-30 11:17:14','2025-05-30 11:17:14'),(19318,4787,'oneWay',7,5,NULL,NULL,'2025-05-30 11:17:14','2025-05-30 11:17:14'),(19319,4788,'oneWay',8,25,NULL,NULL,'2025-05-30 11:17:14','2025-05-30 11:17:14'),(19320,4788,'oneWay',3,20,NULL,NULL,'2025-05-30 11:17:14','2025-05-30 11:17:14'),(19321,4788,'oneWay',5,20,NULL,NULL,'2025-05-30 11:17:14','2025-05-30 11:17:14'),(19322,4788,'oneWay',7,5,NULL,NULL,'2025-05-30 11:17:14','2025-05-30 11:17:14'),(19323,4789,'oneWay',8,25,NULL,NULL,'2025-05-30 11:17:14','2025-05-30 11:17:14'),(19324,4789,'oneWay',3,20,NULL,NULL,'2025-05-30 11:17:14','2025-05-30 11:17:14'),(19325,4789,'oneWay',5,20,NULL,NULL,'2025-05-30 11:17:14','2025-05-30 11:17:14'),(19326,4789,'oneWay',7,5,NULL,NULL,'2025-05-30 11:17:14','2025-05-30 11:17:14'),(19327,4790,'oneWay',8,25,NULL,NULL,'2025-05-30 11:17:14','2025-05-30 11:17:14'),(19328,4790,'oneWay',3,20,NULL,NULL,'2025-05-30 11:17:14','2025-05-30 11:17:14'),(19329,4790,'oneWay',5,20,NULL,NULL,'2025-05-30 11:17:14','2025-05-30 11:17:14'),(19330,4790,'oneWay',7,5,NULL,NULL,'2025-05-30 11:17:14','2025-05-30 11:17:14'),(19331,4791,'oneWay',8,25,NULL,NULL,'2025-05-30 11:17:14','2025-05-30 11:17:14'),(19332,4791,'oneWay',3,20,NULL,NULL,'2025-05-30 11:17:14','2025-05-30 11:17:14'),(19333,4791,'oneWay',5,20,NULL,NULL,'2025-05-30 11:17:14','2025-05-30 11:17:14'),(19334,4791,'oneWay',7,5,NULL,NULL,'2025-05-30 11:17:14','2025-05-30 11:17:14'),(19335,4792,'oneWay',8,25,NULL,NULL,'2025-05-30 11:17:14','2025-05-30 11:17:14'),(19336,4792,'oneWay',3,20,NULL,NULL,'2025-05-30 11:17:14','2025-05-30 11:17:14'),(19337,4792,'oneWay',5,20,NULL,NULL,'2025-05-30 11:17:14','2025-05-30 11:17:14'),(19338,4792,'oneWay',7,5,NULL,NULL,'2025-05-30 11:17:14','2025-05-30 11:17:14'),(19339,4793,'oneWay',8,25,NULL,NULL,'2025-05-30 11:17:14','2025-05-30 11:17:14'),(19340,4793,'oneWay',5,20,NULL,NULL,'2025-05-30 11:17:14','2025-05-30 11:17:14'),(19341,4793,'oneWay',3,20,NULL,NULL,'2025-05-30 11:17:14','2025-05-30 11:17:14'),(19342,4793,'oneWay',7,5,NULL,NULL,'2025-05-30 11:17:14','2025-05-30 11:17:14'),(19343,4794,'oneWay',8,25,NULL,NULL,'2025-05-30 11:17:14','2025-05-30 11:17:14'),(19344,4794,'oneWay',3,20,NULL,NULL,'2025-05-30 11:17:14','2025-05-30 11:17:14'),(19345,4794,'oneWay',5,20,NULL,NULL,'2025-05-30 11:17:14','2025-05-30 11:17:14'),(19346,4794,'oneWay',7,5,NULL,NULL,'2025-05-30 11:17:14','2025-05-30 11:17:14'),(19347,4795,'oneWay',8,25,NULL,NULL,'2025-05-30 11:17:14','2025-05-30 11:17:14'),(19348,4795,'oneWay',3,20,NULL,NULL,'2025-05-30 11:17:14','2025-05-30 11:17:14'),(19349,4795,'oneWay',5,20,NULL,NULL,'2025-05-30 11:17:14','2025-05-30 11:17:14'),(19350,4795,'oneWay',7,5,NULL,NULL,'2025-05-30 11:17:14','2025-05-30 11:17:14'),(19351,4796,'oneWay',8,25,NULL,NULL,'2025-05-30 11:17:14','2025-05-30 11:17:14'),(19352,4796,'oneWay',3,20,NULL,NULL,'2025-05-30 11:17:14','2025-05-30 11:17:14'),(19353,4796,'oneWay',5,20,NULL,NULL,'2025-05-30 11:17:14','2025-05-30 11:17:14'),(19354,4796,'oneWay',7,5,NULL,NULL,'2025-05-30 11:17:14','2025-05-30 11:17:14'),(19355,4797,'oneWay',8,25,NULL,NULL,'2025-05-30 11:17:14','2025-05-30 11:17:14'),(19356,4797,'oneWay',3,20,NULL,NULL,'2025-05-30 11:17:14','2025-05-30 11:17:14'),(19357,4797,'oneWay',5,20,NULL,NULL,'2025-05-30 11:17:14','2025-05-30 11:17:14'),(19358,4797,'oneWay',7,5,NULL,NULL,'2025-05-30 11:17:14','2025-05-30 11:17:14'),(19359,4798,'oneWay',8,25,NULL,NULL,'2025-05-30 11:17:14','2025-05-30 11:17:14'),(19360,4798,'oneWay',3,20,NULL,NULL,'2025-05-30 11:17:14','2025-05-30 11:17:14'),(19361,4798,'oneWay',5,20,NULL,NULL,'2025-05-30 11:17:14','2025-05-30 11:17:14'),(19362,4798,'oneWay',7,5,NULL,NULL,'2025-05-30 11:17:14','2025-05-30 11:17:14'),(19363,4799,'oneWay',8,25,NULL,NULL,'2025-05-30 11:17:14','2025-05-30 11:17:14'),(19364,4799,'oneWay',3,20,NULL,NULL,'2025-05-30 11:17:14','2025-05-30 11:17:14'),(19365,4799,'oneWay',5,20,NULL,NULL,'2025-05-30 11:17:14','2025-05-30 11:17:14'),(19366,4799,'oneWay',7,5,NULL,NULL,'2025-05-30 11:17:14','2025-05-30 11:17:14'),(19367,4800,'oneWay',8,25,NULL,NULL,'2025-05-30 11:17:14','2025-05-30 11:17:14'),(19368,4800,'oneWay',3,20,NULL,NULL,'2025-05-30 11:17:14','2025-05-30 11:17:14'),(19369,4800,'oneWay',5,20,NULL,NULL,'2025-05-30 11:17:14','2025-05-30 11:17:14'),(19370,4800,'oneWay',7,5,NULL,NULL,'2025-05-30 11:17:14','2025-05-30 11:17:14'),(19371,4801,'oneWay',8,25,NULL,NULL,'2025-05-30 11:17:14','2025-05-30 11:17:14'),(19372,4801,'oneWay',3,20,NULL,NULL,'2025-05-30 11:17:14','2025-05-30 11:17:14'),(19373,4801,'oneWay',5,20,NULL,NULL,'2025-05-30 11:17:14','2025-05-30 11:17:14'),(19374,4801,'oneWay',7,5,NULL,NULL,'2025-05-30 11:17:14','2025-05-30 11:17:14'),(19375,4802,'oneWay',8,25,NULL,NULL,'2025-05-30 11:17:14','2025-05-30 11:17:14'),(19376,4802,'oneWay',3,20,NULL,NULL,'2025-05-30 11:17:14','2025-05-30 11:17:14'),(19377,4802,'oneWay',5,20,NULL,NULL,'2025-05-30 11:17:14','2025-05-30 11:17:14'),(19378,4802,'oneWay',7,5,NULL,NULL,'2025-05-30 11:17:14','2025-05-30 11:17:14'),(19379,4803,'oneWay',8,25,NULL,NULL,'2025-05-30 11:17:14','2025-05-30 11:17:14'),(19380,4803,'oneWay',3,20,NULL,NULL,'2025-05-30 11:17:14','2025-05-30 11:17:14'),(19381,4803,'oneWay',5,20,NULL,NULL,'2025-05-30 11:17:14','2025-05-30 11:17:14'),(19382,4803,'oneWay',7,5,NULL,NULL,'2025-05-30 11:17:14','2025-05-30 11:17:14'),(19383,4804,'oneWay',8,25,NULL,NULL,'2025-05-30 11:17:14','2025-05-30 11:17:14'),(19384,4804,'oneWay',3,20,NULL,NULL,'2025-05-30 11:17:14','2025-05-30 11:17:14'),(19385,4804,'oneWay',5,20,NULL,NULL,'2025-05-30 11:17:14','2025-05-30 11:17:14'),(19386,4804,'oneWay',7,5,NULL,NULL,'2025-05-30 11:17:14','2025-05-30 11:17:14'),(19387,4805,'oneWay',8,25,NULL,NULL,'2025-05-30 11:17:14','2025-05-30 11:17:14'),(19388,4805,'oneWay',3,20,NULL,NULL,'2025-05-30 11:17:14','2025-05-30 11:17:14'),(19389,4805,'oneWay',5,20,NULL,NULL,'2025-05-30 11:17:14','2025-05-30 11:17:14'),(19390,4805,'oneWay',7,5,NULL,NULL,'2025-05-30 11:17:14','2025-05-30 11:17:14'),(19391,4806,'oneWay',8,25,NULL,NULL,'2025-05-30 11:17:14','2025-05-30 11:17:14'),(19392,4806,'oneWay',3,20,NULL,NULL,'2025-05-30 11:17:14','2025-05-30 11:17:14'),(19393,4806,'oneWay',5,20,NULL,NULL,'2025-05-30 11:17:14','2025-05-30 11:17:14'),(19394,4806,'oneWay',7,5,NULL,NULL,'2025-05-30 11:17:14','2025-05-30 11:17:14'),(19395,4807,'oneWay',8,25,NULL,NULL,'2025-05-30 11:17:14','2025-05-30 11:17:14'),(19396,4807,'oneWay',3,20,NULL,NULL,'2025-05-30 11:17:14','2025-05-30 11:17:14'),(19397,4807,'oneWay',5,20,NULL,NULL,'2025-05-30 11:17:14','2025-05-30 11:17:14'),(19398,4807,'oneWay',7,5,NULL,NULL,'2025-05-30 11:17:14','2025-05-30 11:17:14'),(19399,4808,'oneWay',8,25,NULL,NULL,'2025-05-30 11:17:14','2025-05-30 11:17:14'),(19400,4808,'oneWay',3,20,NULL,NULL,'2025-05-30 11:17:14','2025-05-30 11:17:14'),(19401,4808,'oneWay',5,20,NULL,NULL,'2025-05-30 11:17:14','2025-05-30 11:17:14'),(19402,4808,'oneWay',7,5,NULL,NULL,'2025-05-30 11:17:14','2025-05-30 11:17:14'),(19403,4809,'oneWay',8,25,NULL,NULL,'2025-05-30 11:17:14','2025-05-30 11:17:14'),(19404,4809,'oneWay',3,20,NULL,NULL,'2025-05-30 11:17:14','2025-05-30 11:17:14'),(19405,4809,'oneWay',5,20,NULL,NULL,'2025-05-30 11:17:14','2025-05-30 11:17:14'),(19406,4809,'oneWay',7,5,NULL,NULL,'2025-05-30 11:17:14','2025-05-30 11:17:14'),(19407,4810,'oneWay',8,25,NULL,NULL,'2025-05-30 11:17:14','2025-05-30 11:17:14'),(19408,4810,'oneWay',3,20,NULL,NULL,'2025-05-30 11:17:14','2025-05-30 11:17:14'),(19409,4810,'oneWay',5,20,NULL,NULL,'2025-05-30 11:17:14','2025-05-30 11:17:14'),(19410,4810,'oneWay',7,5,NULL,NULL,'2025-05-30 11:17:14','2025-05-30 11:17:14'),(19411,4811,'oneWay',8,25,NULL,NULL,'2025-05-30 11:17:15','2025-05-30 11:17:15'),(19412,4811,'oneWay',3,20,NULL,NULL,'2025-05-30 11:17:15','2025-05-30 11:17:15'),(19413,4811,'oneWay',5,20,NULL,NULL,'2025-05-30 11:17:15','2025-05-30 11:17:15'),(19414,4811,'oneWay',7,5,NULL,NULL,'2025-05-30 11:17:15','2025-05-30 11:17:15'),(19415,4812,'oneWay',8,25,NULL,NULL,'2025-05-30 11:17:15','2025-05-30 11:17:15'),(19416,4812,'oneWay',3,20,NULL,NULL,'2025-05-30 11:17:15','2025-05-30 11:17:15'),(19417,4812,'oneWay',5,20,NULL,NULL,'2025-05-30 11:17:15','2025-05-30 11:17:15'),(19418,4812,'oneWay',7,5,NULL,NULL,'2025-05-30 11:17:15','2025-05-30 11:17:15'),(19419,4813,'oneWay',8,25,NULL,NULL,'2025-05-30 11:17:15','2025-05-30 11:17:15'),(19420,4813,'oneWay',3,20,NULL,NULL,'2025-05-30 11:17:15','2025-05-30 11:17:15'),(19421,4813,'oneWay',5,20,NULL,NULL,'2025-05-30 11:17:15','2025-05-30 11:17:15'),(19422,4813,'oneWay',7,5,NULL,NULL,'2025-05-30 11:17:15','2025-05-30 11:17:15'),(19423,4814,'oneWay',8,25,NULL,NULL,'2025-05-30 11:17:15','2025-05-30 11:17:15'),(19424,4814,'oneWay',3,20,NULL,NULL,'2025-05-30 11:17:15','2025-05-30 11:17:15'),(19425,4814,'oneWay',5,20,NULL,NULL,'2025-05-30 11:17:15','2025-05-30 11:17:15'),(19426,4814,'oneWay',7,5,NULL,NULL,'2025-05-30 11:17:15','2025-05-30 11:17:15'),(19427,4815,'oneWay',8,25,NULL,NULL,'2025-05-30 11:17:15','2025-05-30 11:17:15'),(19428,4815,'oneWay',3,20,NULL,NULL,'2025-05-30 11:17:15','2025-05-30 11:17:15'),(19429,4815,'oneWay',5,20,NULL,NULL,'2025-05-30 11:17:15','2025-05-30 11:17:15'),(19430,4815,'oneWay',7,5,NULL,NULL,'2025-05-30 11:17:15','2025-05-30 11:17:15'),(19431,4816,'oneWay',8,25,NULL,NULL,'2025-05-30 11:17:15','2025-05-30 11:17:15'),(19432,4816,'oneWay',3,20,NULL,NULL,'2025-05-30 11:17:15','2025-05-30 11:17:15'),(19433,4816,'oneWay',5,20,NULL,NULL,'2025-05-30 11:17:15','2025-05-30 11:17:15'),(19434,4816,'oneWay',7,5,NULL,NULL,'2025-05-30 11:17:15','2025-05-30 11:17:15'),(19435,4817,'oneWay',8,25,NULL,NULL,'2025-05-30 11:17:15','2025-05-30 11:17:15'),(19436,4817,'oneWay',3,20,NULL,NULL,'2025-05-30 11:17:15','2025-05-30 11:17:15'),(19437,4817,'oneWay',5,20,NULL,NULL,'2025-05-30 11:17:15','2025-05-30 11:17:15'),(19438,4817,'oneWay',7,5,NULL,NULL,'2025-05-30 11:17:15','2025-05-30 11:17:15'),(19439,4818,'oneWay',8,25,NULL,NULL,'2025-05-30 11:17:15','2025-05-30 11:17:15'),(19440,4818,'oneWay',3,20,NULL,NULL,'2025-05-30 11:17:15','2025-05-30 11:17:15'),(19441,4818,'oneWay',5,20,NULL,NULL,'2025-05-30 11:17:15','2025-05-30 11:17:15'),(19442,4818,'oneWay',7,5,NULL,NULL,'2025-05-30 11:17:15','2025-05-30 11:17:15'),(19443,4819,'oneWay',8,25,NULL,NULL,'2025-05-30 11:17:15','2025-05-30 11:17:15'),(19444,4819,'oneWay',3,20,NULL,NULL,'2025-05-30 11:17:15','2025-05-30 11:17:15'),(19445,4819,'oneWay',5,20,NULL,NULL,'2025-05-30 11:17:15','2025-05-30 11:17:15'),(19446,4819,'oneWay',7,5,NULL,NULL,'2025-05-30 11:17:15','2025-05-30 11:17:15'),(19447,4820,'oneWay',8,25,NULL,NULL,'2025-05-30 11:17:15','2025-05-30 11:17:15'),(19448,4820,'oneWay',3,20,NULL,NULL,'2025-05-30 11:17:15','2025-05-30 11:17:15'),(19449,4820,'oneWay',5,20,NULL,NULL,'2025-05-30 11:17:15','2025-05-30 11:17:15'),(19450,4820,'oneWay',7,5,NULL,NULL,'2025-05-30 11:17:15','2025-05-30 11:17:15'),(19451,4821,'oneWay',8,25,NULL,NULL,'2025-05-30 11:17:15','2025-05-30 11:17:15'),(19452,4821,'oneWay',3,20,NULL,NULL,'2025-05-30 11:17:15','2025-05-30 11:17:15'),(19453,4821,'oneWay',5,20,NULL,NULL,'2025-05-30 11:17:15','2025-05-30 11:17:15'),(19454,4821,'oneWay',7,5,NULL,NULL,'2025-05-30 11:17:15','2025-05-30 11:17:15'),(19455,4822,'oneWay',8,25,NULL,NULL,'2025-05-30 11:17:15','2025-05-30 11:17:15'),(19456,4822,'oneWay',3,20,NULL,NULL,'2025-05-30 11:17:15','2025-05-30 11:17:15'),(19457,4822,'oneWay',5,20,NULL,NULL,'2025-05-30 11:17:15','2025-05-30 11:17:15'),(19458,4822,'oneWay',7,5,NULL,NULL,'2025-05-30 11:17:15','2025-05-30 11:17:15'),(19459,4823,'oneWay',8,25,NULL,NULL,'2025-05-30 11:17:15','2025-05-30 11:17:15'),(19460,4823,'oneWay',3,20,NULL,NULL,'2025-05-30 11:17:15','2025-05-30 11:17:15'),(19461,4823,'oneWay',5,20,NULL,NULL,'2025-05-30 11:17:15','2025-05-30 11:17:15'),(19462,4823,'oneWay',7,5,NULL,NULL,'2025-05-30 11:17:15','2025-05-30 11:17:15'),(19463,4824,'oneWay',8,25,NULL,NULL,'2025-05-30 11:17:15','2025-05-30 11:17:15'),(19464,4824,'oneWay',3,20,NULL,NULL,'2025-05-30 11:17:15','2025-05-30 11:17:15'),(19465,4824,'oneWay',5,20,NULL,NULL,'2025-05-30 11:17:15','2025-05-30 11:17:15'),(19466,4824,'oneWay',7,5,NULL,NULL,'2025-05-30 11:17:15','2025-05-30 11:17:15'),(19467,4825,'oneWay',8,25,NULL,NULL,'2025-05-30 11:17:15','2025-05-30 11:17:15'),(19468,4825,'oneWay',3,20,NULL,NULL,'2025-05-30 11:17:15','2025-05-30 11:17:15'),(19469,4825,'oneWay',5,20,NULL,NULL,'2025-05-30 11:17:15','2025-05-30 11:17:15'),(19470,4825,'oneWay',7,5,NULL,NULL,'2025-05-30 11:17:15','2025-05-30 11:17:15'),(19471,4826,'oneWay',8,25,NULL,NULL,'2025-05-30 11:17:15','2025-05-30 11:17:15'),(19472,4826,'oneWay',3,20,NULL,NULL,'2025-05-30 11:17:15','2025-05-30 11:17:15'),(19473,4826,'oneWay',5,20,NULL,NULL,'2025-05-30 11:17:15','2025-05-30 11:17:15'),(19474,4826,'oneWay',7,5,NULL,NULL,'2025-05-30 11:17:15','2025-05-30 11:17:15'),(19475,4827,'oneWay',8,25,NULL,NULL,'2025-05-30 11:17:15','2025-05-30 11:17:15'),(19476,4827,'oneWay',3,20,NULL,NULL,'2025-05-30 11:17:15','2025-05-30 11:17:15'),(19477,4827,'oneWay',5,20,NULL,NULL,'2025-05-30 11:17:15','2025-05-30 11:17:15'),(19478,4827,'oneWay',7,5,NULL,NULL,'2025-05-30 11:17:15','2025-05-30 11:17:15'),(19479,4828,'oneWay',8,25,NULL,NULL,'2025-05-30 11:17:15','2025-05-30 11:17:15'),(19480,4828,'oneWay',3,20,NULL,NULL,'2025-05-30 11:17:15','2025-05-30 11:17:15'),(19481,4828,'oneWay',5,20,NULL,NULL,'2025-05-30 11:17:15','2025-05-30 11:17:15'),(19482,4828,'oneWay',7,5,NULL,NULL,'2025-05-30 11:17:15','2025-05-30 11:17:15'),(19483,4829,'oneWay',8,25,NULL,NULL,'2025-05-30 11:17:15','2025-05-30 11:17:15'),(19484,4829,'oneWay',3,20,NULL,NULL,'2025-05-30 11:17:15','2025-05-30 11:17:15'),(19485,4829,'oneWay',5,20,NULL,NULL,'2025-05-30 11:17:15','2025-05-30 11:17:15'),(19486,4829,'oneWay',7,5,NULL,NULL,'2025-05-30 11:17:15','2025-05-30 11:17:15'),(19487,4830,'oneWay',8,25,NULL,NULL,'2025-05-30 11:17:15','2025-05-30 11:17:15'),(19488,4830,'oneWay',3,20,NULL,NULL,'2025-05-30 11:17:15','2025-05-30 11:17:15'),(19489,4830,'oneWay',5,20,NULL,NULL,'2025-05-30 11:17:15','2025-05-30 11:17:15'),(19490,4830,'oneWay',7,5,NULL,NULL,'2025-05-30 11:17:15','2025-05-30 11:17:15'),(19491,4831,'oneWay',8,25,NULL,NULL,'2025-05-30 11:17:15','2025-05-30 11:17:15'),(19492,4831,'oneWay',3,20,NULL,NULL,'2025-05-30 11:17:15','2025-05-30 11:17:15'),(19493,4831,'oneWay',5,20,NULL,NULL,'2025-05-30 11:17:15','2025-05-30 11:17:15'),(19494,4831,'oneWay',7,5,NULL,NULL,'2025-05-30 11:17:15','2025-05-30 11:17:15'),(19495,4832,'oneWay',8,25,NULL,NULL,'2025-05-30 11:17:15','2025-05-30 11:17:15'),(19496,4832,'oneWay',3,20,NULL,NULL,'2025-05-30 11:17:15','2025-05-30 11:17:15'),(19497,4832,'oneWay',5,20,NULL,NULL,'2025-05-30 11:17:15','2025-05-30 11:17:15'),(19498,4832,'oneWay',7,5,NULL,NULL,'2025-05-30 11:17:15','2025-05-30 11:17:15'),(19499,4833,'oneWay',8,25,NULL,NULL,'2025-05-30 11:17:15','2025-05-30 11:17:15'),(19500,4833,'oneWay',3,20,NULL,NULL,'2025-05-30 11:17:15','2025-05-30 11:17:15'),(19501,4833,'oneWay',5,20,NULL,NULL,'2025-05-30 11:17:15','2025-05-30 11:17:15'),(19502,4833,'oneWay',7,5,NULL,NULL,'2025-05-30 11:17:15','2025-05-30 11:17:15'),(19503,4834,'oneWay',8,25,NULL,NULL,'2025-05-30 11:17:15','2025-05-30 11:17:15'),(19504,4834,'oneWay',3,20,NULL,NULL,'2025-05-30 11:17:15','2025-05-30 11:17:15'),(19505,4834,'oneWay',5,20,NULL,NULL,'2025-05-30 11:17:15','2025-05-30 11:17:15'),(19506,4834,'oneWay',7,5,NULL,NULL,'2025-05-30 11:17:15','2025-05-30 11:17:15'),(19507,4835,'oneWay',8,25,NULL,NULL,'2025-05-30 11:17:15','2025-05-30 11:17:15'),(19508,4835,'oneWay',3,20,NULL,NULL,'2025-05-30 11:17:15','2025-05-30 11:17:15'),(19509,4835,'oneWay',5,20,NULL,NULL,'2025-05-30 11:17:15','2025-05-30 11:17:15'),(19510,4835,'oneWay',7,5,NULL,NULL,'2025-05-30 11:17:15','2025-05-30 11:17:15'),(19511,4836,'oneWay',8,25,NULL,NULL,'2025-05-30 11:17:15','2025-05-30 11:17:15'),(19512,4836,'oneWay',3,20,NULL,NULL,'2025-05-30 11:17:15','2025-05-30 11:17:15'),(19513,4836,'oneWay',5,20,NULL,NULL,'2025-05-30 11:17:15','2025-05-30 11:17:15'),(19514,4836,'oneWay',7,5,NULL,NULL,'2025-05-30 11:17:15','2025-05-30 11:17:15'),(19515,4837,'oneWay',8,25,NULL,NULL,'2025-05-30 11:17:15','2025-05-30 11:17:15'),(19516,4837,'oneWay',3,20,NULL,NULL,'2025-05-30 11:17:15','2025-05-30 11:17:15'),(19517,4837,'oneWay',5,20,NULL,NULL,'2025-05-30 11:17:15','2025-05-30 11:17:15'),(19518,4837,'oneWay',7,5,NULL,NULL,'2025-05-30 11:17:15','2025-05-30 11:17:15'),(19519,4838,'oneWay',8,25,NULL,NULL,'2025-05-30 11:17:15','2025-05-30 11:17:15'),(19520,4838,'oneWay',3,20,NULL,NULL,'2025-05-30 11:17:15','2025-05-30 11:17:15'),(19521,4838,'oneWay',5,20,NULL,NULL,'2025-05-30 11:17:15','2025-05-30 11:17:15'),(19522,4838,'oneWay',7,5,NULL,NULL,'2025-05-30 11:17:15','2025-05-30 11:17:15'),(19523,4839,'oneWay',8,25,NULL,NULL,'2025-05-30 11:17:15','2025-05-30 11:17:15'),(19524,4839,'oneWay',3,20,NULL,NULL,'2025-05-30 11:17:15','2025-05-30 11:17:15'),(19525,4839,'oneWay',5,20,NULL,NULL,'2025-05-30 11:17:15','2025-05-30 11:17:15'),(19526,4839,'oneWay',7,5,NULL,NULL,'2025-05-30 11:17:15','2025-05-30 11:17:15'),(19527,4840,'oneWay',8,25,NULL,NULL,'2025-05-30 11:17:15','2025-05-30 11:17:15'),(19528,4840,'oneWay',3,20,NULL,NULL,'2025-05-30 11:17:15','2025-05-30 11:17:15'),(19529,4840,'oneWay',5,20,NULL,NULL,'2025-05-30 11:17:15','2025-05-30 11:17:15'),(19530,4840,'oneWay',7,5,NULL,NULL,'2025-05-30 11:17:15','2025-05-30 11:17:15'),(19531,4841,'oneWay',8,25,NULL,NULL,'2025-05-30 11:17:15','2025-05-30 11:17:15'),(19532,4841,'oneWay',3,20,NULL,NULL,'2025-05-30 11:17:15','2025-05-30 11:17:15'),(19533,4841,'oneWay',5,20,NULL,NULL,'2025-05-30 11:17:15','2025-05-30 11:17:15'),(19534,4841,'oneWay',7,5,NULL,NULL,'2025-05-30 11:17:15','2025-05-30 11:17:15'),(19535,4842,'oneWay',8,25,NULL,NULL,'2025-05-30 11:17:15','2025-05-30 11:17:15'),(19536,4842,'oneWay',3,20,NULL,NULL,'2025-05-30 11:17:15','2025-05-30 11:17:15'),(19537,4842,'oneWay',5,20,NULL,NULL,'2025-05-30 11:17:15','2025-05-30 11:17:15'),(19538,4842,'oneWay',7,5,NULL,NULL,'2025-05-30 11:17:15','2025-05-30 11:17:15'),(19539,4843,'oneWay',8,25,NULL,NULL,'2025-05-30 11:17:15','2025-05-30 11:17:15'),(19540,4843,'oneWay',3,20,NULL,NULL,'2025-05-30 11:17:15','2025-05-30 11:17:15'),(19541,4843,'oneWay',5,20,NULL,NULL,'2025-05-30 11:17:15','2025-05-30 11:17:15'),(19542,4843,'oneWay',7,5,NULL,NULL,'2025-05-30 11:17:15','2025-05-30 11:17:15'),(19543,4844,'oneWay',8,25,NULL,NULL,'2025-05-30 11:17:15','2025-05-30 11:17:15'),(19544,4844,'oneWay',3,20,NULL,NULL,'2025-05-30 11:17:15','2025-05-30 11:17:15'),(19545,4844,'oneWay',5,20,NULL,NULL,'2025-05-30 11:17:15','2025-05-30 11:17:15'),(19546,4844,'oneWay',7,5,NULL,NULL,'2025-05-30 11:17:15','2025-05-30 11:17:15'),(19547,4845,'oneWay',8,25,NULL,NULL,'2025-05-30 11:17:15','2025-05-30 11:17:15'),(19548,4845,'oneWay',3,20,NULL,NULL,'2025-05-30 11:17:15','2025-05-30 11:17:15'),(19549,4845,'oneWay',5,20,NULL,NULL,'2025-05-30 11:17:15','2025-05-30 11:17:15'),(19550,4845,'oneWay',7,5,NULL,NULL,'2025-05-30 11:17:15','2025-05-30 11:17:15'),(19551,4846,'oneWay',8,25,NULL,NULL,'2025-05-30 11:17:15','2025-05-30 11:17:15'),(19552,4846,'oneWay',3,20,NULL,NULL,'2025-05-30 11:17:15','2025-05-30 11:17:15'),(19553,4846,'oneWay',5,20,NULL,NULL,'2025-05-30 11:17:15','2025-05-30 11:17:15'),(19554,4846,'oneWay',7,5,NULL,NULL,'2025-05-30 11:17:15','2025-05-30 11:17:15'),(19555,4847,'oneWay',8,25,NULL,NULL,'2025-05-30 11:17:15','2025-05-30 11:17:15'),(19556,4847,'oneWay',3,20,NULL,NULL,'2025-05-30 11:17:15','2025-05-30 11:17:15'),(19557,4847,'oneWay',5,20,NULL,NULL,'2025-05-30 11:17:15','2025-05-30 11:17:15'),(19558,4847,'oneWay',7,5,NULL,NULL,'2025-05-30 11:17:15','2025-05-30 11:17:15'),(19559,4848,'oneWay',8,25,NULL,NULL,'2025-05-30 11:17:15','2025-05-30 11:17:15'),(19560,4848,'oneWay',3,20,NULL,NULL,'2025-05-30 11:17:15','2025-05-30 11:17:15'),(19561,4848,'oneWay',5,20,NULL,NULL,'2025-05-30 11:17:15','2025-05-30 11:17:15'),(19562,4848,'oneWay',7,5,NULL,NULL,'2025-05-30 11:17:15','2025-05-30 11:17:15'),(19563,4849,'oneWay',8,25,NULL,NULL,'2025-05-30 11:17:15','2025-05-30 11:17:15'),(19564,4849,'oneWay',3,20,NULL,NULL,'2025-05-30 11:17:15','2025-05-30 11:17:15'),(19565,4849,'oneWay',5,20,NULL,NULL,'2025-05-30 11:17:15','2025-05-30 11:17:15'),(19566,4849,'oneWay',7,5,NULL,NULL,'2025-05-30 11:17:15','2025-05-30 11:17:15'),(19567,4850,'oneWay',8,25,NULL,NULL,'2025-05-30 11:17:15','2025-05-30 11:17:15'),(19568,4850,'oneWay',3,20,NULL,NULL,'2025-05-30 11:17:15','2025-05-30 11:17:15'),(19569,4850,'oneWay',5,20,NULL,NULL,'2025-05-30 11:17:15','2025-05-30 11:17:15'),(19570,4850,'oneWay',7,5,NULL,NULL,'2025-05-30 11:17:15','2025-05-30 11:17:15'),(19571,4851,'oneWay',8,25,NULL,NULL,'2025-05-30 11:17:15','2025-05-30 11:17:15'),(19572,4851,'oneWay',3,20,NULL,NULL,'2025-05-30 11:17:15','2025-05-30 11:17:15'),(19573,4851,'oneWay',5,20,NULL,NULL,'2025-05-30 11:17:15','2025-05-30 11:17:15'),(19574,4851,'oneWay',7,5,NULL,NULL,'2025-05-30 11:17:15','2025-05-30 11:17:15'),(19575,4852,'oneWay',8,25,NULL,NULL,'2025-05-30 11:17:15','2025-05-30 11:17:15'),(19576,4852,'oneWay',3,20,NULL,NULL,'2025-05-30 11:17:15','2025-05-30 11:17:15'),(19577,4852,'oneWay',5,20,NULL,NULL,'2025-05-30 11:17:15','2025-05-30 11:17:15'),(19578,4852,'oneWay',7,5,NULL,NULL,'2025-05-30 11:17:15','2025-05-30 11:17:15'),(19579,4853,'oneWay',8,25,NULL,NULL,'2025-05-30 11:17:15','2025-05-30 11:17:15'),(19580,4853,'oneWay',3,20,NULL,NULL,'2025-05-30 11:17:15','2025-05-30 11:17:15'),(19581,4853,'oneWay',5,20,NULL,NULL,'2025-05-30 11:17:15','2025-05-30 11:17:15'),(19582,4853,'oneWay',7,5,NULL,NULL,'2025-05-30 11:17:15','2025-05-30 11:17:15'),(19583,4854,'oneWay',8,25,NULL,NULL,'2025-05-30 11:17:15','2025-05-30 11:17:15'),(19584,4854,'oneWay',3,20,NULL,NULL,'2025-05-30 11:17:15','2025-05-30 11:17:15'),(19585,4854,'oneWay',5,20,NULL,NULL,'2025-05-30 11:17:15','2025-05-30 11:17:15'),(19586,4854,'oneWay',7,5,NULL,NULL,'2025-05-30 11:17:15','2025-05-30 11:17:15'),(19587,4855,'oneWay',8,25,NULL,NULL,'2025-05-30 11:17:15','2025-05-30 11:17:15'),(19588,4855,'oneWay',3,20,NULL,NULL,'2025-05-30 11:17:15','2025-05-30 11:17:15'),(19589,4855,'oneWay',5,20,NULL,NULL,'2025-05-30 11:17:15','2025-05-30 11:17:15'),(19590,4855,'oneWay',7,5,NULL,NULL,'2025-05-30 11:17:15','2025-05-30 11:17:15'),(19591,4856,'oneWay',8,25,NULL,NULL,'2025-05-30 11:17:15','2025-05-30 11:17:15'),(19592,4856,'oneWay',3,20,NULL,NULL,'2025-05-30 11:17:15','2025-05-30 11:17:15'),(19593,4856,'oneWay',5,20,NULL,NULL,'2025-05-30 11:17:15','2025-05-30 11:17:15'),(19594,4856,'oneWay',7,5,NULL,NULL,'2025-05-30 11:17:15','2025-05-30 11:17:15'),(19595,4857,'oneWay',8,25,NULL,NULL,'2025-05-30 11:17:15','2025-05-30 11:17:15'),(19596,4857,'oneWay',3,20,NULL,NULL,'2025-05-30 11:17:15','2025-05-30 11:17:15'),(19597,4857,'oneWay',5,20,NULL,NULL,'2025-05-30 11:17:15','2025-05-30 11:17:15'),(19598,4857,'oneWay',7,5,NULL,NULL,'2025-05-30 11:17:15','2025-05-30 11:17:15'),(19599,4858,'oneWay',8,25,NULL,NULL,'2025-05-30 11:17:15','2025-05-30 11:17:15'),(19600,4858,'oneWay',3,20,NULL,NULL,'2025-05-30 11:17:15','2025-05-30 11:17:15'),(19601,4858,'oneWay',5,20,NULL,NULL,'2025-05-30 11:17:15','2025-05-30 11:17:15'),(19602,4858,'oneWay',7,5,NULL,NULL,'2025-05-30 11:17:15','2025-05-30 11:17:15'),(19603,4859,'oneWay',8,25,NULL,NULL,'2025-05-30 11:17:15','2025-05-30 11:17:15'),(19604,4859,'oneWay',3,20,NULL,NULL,'2025-05-30 11:17:15','2025-05-30 11:17:15'),(19605,4859,'oneWay',5,20,NULL,NULL,'2025-05-30 11:17:15','2025-05-30 11:17:15'),(19606,4859,'oneWay',7,5,NULL,NULL,'2025-05-30 11:17:15','2025-05-30 11:17:15'),(19607,4860,'oneWay',8,25,NULL,NULL,'2025-05-30 11:17:15','2025-05-30 11:17:15'),(19608,4860,'oneWay',3,20,NULL,NULL,'2025-05-30 11:17:15','2025-05-30 11:17:15'),(19609,4860,'oneWay',5,20,NULL,NULL,'2025-05-30 11:17:15','2025-05-30 11:17:15'),(19610,4860,'oneWay',7,5,NULL,NULL,'2025-05-30 11:17:15','2025-05-30 11:17:15'),(19611,4861,'oneWay',8,25,NULL,NULL,'2025-05-30 11:17:15','2025-05-30 11:17:15'),(19612,4861,'oneWay',3,20,NULL,NULL,'2025-05-30 11:17:15','2025-05-30 11:17:15'),(19613,4861,'oneWay',5,20,NULL,NULL,'2025-05-30 11:17:15','2025-05-30 11:17:15'),(19614,4861,'oneWay',7,5,NULL,NULL,'2025-05-30 11:17:15','2025-05-30 11:17:15'),(19615,4862,'oneWay',8,25,NULL,NULL,'2025-05-30 11:17:15','2025-05-30 11:17:15'),(19616,4862,'oneWay',3,20,NULL,NULL,'2025-05-30 11:17:15','2025-05-30 11:17:15'),(19617,4862,'oneWay',5,20,NULL,NULL,'2025-05-30 11:17:15','2025-05-30 11:17:15'),(19618,4862,'oneWay',7,5,NULL,NULL,'2025-05-30 11:17:15','2025-05-30 11:17:15'),(19619,4863,'oneWay',8,25,NULL,NULL,'2025-05-30 11:17:15','2025-05-30 11:17:15'),(19620,4863,'oneWay',3,20,NULL,NULL,'2025-05-30 11:17:15','2025-05-30 11:17:15'),(19621,4863,'oneWay',5,20,NULL,NULL,'2025-05-30 11:17:15','2025-05-30 11:17:15'),(19622,4863,'oneWay',7,5,NULL,NULL,'2025-05-30 11:17:15','2025-05-30 11:17:15'),(19623,4864,'oneWay',8,25,NULL,NULL,'2025-05-30 11:17:15','2025-05-30 11:17:15'),(19624,4864,'oneWay',3,20,NULL,NULL,'2025-05-30 11:17:15','2025-05-30 11:17:15'),(19625,4864,'oneWay',5,20,NULL,NULL,'2025-05-30 11:17:15','2025-05-30 11:17:15'),(19626,4864,'oneWay',7,5,NULL,NULL,'2025-05-30 11:17:15','2025-05-30 11:17:15'),(19627,4865,'oneWay',8,25,NULL,NULL,'2025-05-30 11:17:15','2025-05-30 11:17:15'),(19628,4865,'oneWay',3,20,NULL,NULL,'2025-05-30 11:17:15','2025-05-30 11:17:15'),(19629,4865,'oneWay',5,20,NULL,NULL,'2025-05-30 11:17:15','2025-05-30 11:17:15'),(19630,4865,'oneWay',7,5,NULL,NULL,'2025-05-30 11:17:15','2025-05-30 11:17:15'),(19631,4866,'oneWay',8,25,NULL,NULL,'2025-05-30 11:17:15','2025-05-30 11:17:15'),(19632,4866,'oneWay',3,20,NULL,NULL,'2025-05-30 11:17:15','2025-05-30 11:17:15'),(19633,4866,'oneWay',5,20,NULL,NULL,'2025-05-30 11:17:15','2025-05-30 11:17:15'),(19634,4866,'oneWay',7,5,NULL,NULL,'2025-05-30 11:17:15','2025-05-30 11:17:15'),(19635,4867,'oneWay',8,25,NULL,NULL,'2025-05-30 11:17:15','2025-05-30 11:17:15'),(19636,4867,'oneWay',3,20,NULL,NULL,'2025-05-30 11:17:15','2025-05-30 11:17:15'),(19637,4867,'oneWay',5,20,NULL,NULL,'2025-05-30 11:17:15','2025-05-30 11:17:15'),(19638,4867,'oneWay',7,5,NULL,NULL,'2025-05-30 11:17:15','2025-05-30 11:17:15'),(19639,4868,'oneWay',8,25,NULL,NULL,'2025-05-30 11:17:15','2025-05-30 11:17:15'),(19640,4868,'oneWay',3,20,NULL,NULL,'2025-05-30 11:17:15','2025-05-30 11:17:15'),(19641,4868,'oneWay',5,20,NULL,NULL,'2025-05-30 11:17:15','2025-05-30 11:17:15'),(19642,4868,'oneWay',7,5,NULL,NULL,'2025-05-30 11:17:15','2025-05-30 11:17:15'),(19643,4869,'oneWay',8,25,NULL,NULL,'2025-05-30 11:17:15','2025-05-30 11:17:15'),(19644,4869,'oneWay',3,20,NULL,NULL,'2025-05-30 11:17:15','2025-05-30 11:17:15'),(19645,4869,'oneWay',5,20,NULL,NULL,'2025-05-30 11:17:15','2025-05-30 11:17:15'),(19646,4869,'oneWay',7,5,NULL,NULL,'2025-05-30 11:17:15','2025-05-30 11:17:15'),(19647,4870,'oneWay',8,25,NULL,NULL,'2025-05-30 11:17:15','2025-05-30 11:17:15'),(19648,4870,'oneWay',3,20,NULL,NULL,'2025-05-30 11:17:15','2025-05-30 11:17:15'),(19649,4870,'oneWay',5,20,NULL,NULL,'2025-05-30 11:17:15','2025-05-30 11:17:15'),(19650,4870,'oneWay',7,5,NULL,NULL,'2025-05-30 11:17:15','2025-05-30 11:17:15'),(19651,4871,'oneWay',8,25,NULL,NULL,'2025-05-30 11:17:15','2025-05-30 11:17:15'),(19652,4871,'oneWay',3,20,NULL,NULL,'2025-05-30 11:17:15','2025-05-30 11:17:15'),(19653,4871,'oneWay',5,20,NULL,NULL,'2025-05-30 11:17:15','2025-05-30 11:17:15'),(19654,4871,'oneWay',7,5,NULL,NULL,'2025-05-30 11:17:15','2025-05-30 11:17:15'),(19655,4872,'oneWay',8,25,NULL,NULL,'2025-05-30 11:17:15','2025-05-30 11:17:15'),(19656,4872,'oneWay',3,20,NULL,NULL,'2025-05-30 11:17:15','2025-05-30 11:17:15'),(19657,4872,'oneWay',5,20,NULL,NULL,'2025-05-30 11:17:15','2025-05-30 11:17:15'),(19658,4872,'oneWay',7,5,NULL,NULL,'2025-05-30 11:17:15','2025-05-30 11:17:15'),(19659,4873,'oneWay',8,25,NULL,NULL,'2025-05-30 11:17:15','2025-05-30 11:17:15'),(19660,4873,'oneWay',3,20,NULL,NULL,'2025-05-30 11:17:15','2025-05-30 11:17:15'),(19661,4873,'oneWay',5,20,NULL,NULL,'2025-05-30 11:17:15','2025-05-30 11:17:15'),(19662,4873,'oneWay',7,5,NULL,NULL,'2025-05-30 11:17:15','2025-05-30 11:17:15'),(19663,4874,'oneWay',8,25,NULL,NULL,'2025-05-30 11:17:15','2025-05-30 11:17:15'),(19664,4874,'oneWay',3,20,NULL,NULL,'2025-05-30 11:17:15','2025-05-30 11:17:15'),(19665,4874,'oneWay',5,20,NULL,NULL,'2025-05-30 11:17:15','2025-05-30 11:17:15'),(19666,4874,'oneWay',7,5,NULL,NULL,'2025-05-30 11:17:15','2025-05-30 11:17:15'),(19667,4875,'oneWay',8,25,NULL,NULL,'2025-05-30 11:17:15','2025-05-30 11:17:15'),(19668,4875,'oneWay',3,20,NULL,NULL,'2025-05-30 11:17:15','2025-05-30 11:17:15'),(19669,4875,'oneWay',5,20,NULL,NULL,'2025-05-30 11:17:15','2025-05-30 11:17:15'),(19670,4875,'oneWay',7,5,NULL,NULL,'2025-05-30 11:17:15','2025-05-30 11:17:15'),(19671,4876,'oneWay',8,25,NULL,NULL,'2025-05-30 11:17:15','2025-05-30 11:17:15'),(19672,4876,'oneWay',3,20,NULL,NULL,'2025-05-30 11:17:15','2025-05-30 11:17:15'),(19673,4876,'oneWay',5,20,NULL,NULL,'2025-05-30 11:17:15','2025-05-30 11:17:15'),(19674,4876,'oneWay',7,5,NULL,NULL,'2025-05-30 11:17:15','2025-05-30 11:17:15'),(19675,4877,'oneWay',8,25,NULL,NULL,'2025-05-30 11:17:15','2025-05-30 11:17:15'),(19676,4877,'oneWay',3,20,NULL,NULL,'2025-05-30 11:17:15','2025-05-30 11:17:15'),(19677,4877,'oneWay',5,20,NULL,NULL,'2025-05-30 11:17:15','2025-05-30 11:17:15'),(19678,4877,'oneWay',7,5,NULL,NULL,'2025-05-30 11:17:15','2025-05-30 11:17:15'),(19679,4878,'oneWay',8,25,NULL,NULL,'2025-05-30 11:17:15','2025-05-30 11:17:15'),(19680,4878,'oneWay',3,20,NULL,NULL,'2025-05-30 11:17:15','2025-05-30 11:17:15'),(19681,4878,'oneWay',5,20,NULL,NULL,'2025-05-30 11:17:15','2025-05-30 11:17:15'),(19682,4878,'oneWay',7,5,NULL,NULL,'2025-05-30 11:17:15','2025-05-30 11:17:15'),(19683,4879,'oneWay',8,25,NULL,NULL,'2025-05-30 11:17:15','2025-05-30 11:17:15'),(19684,4879,'oneWay',3,20,NULL,NULL,'2025-05-30 11:17:15','2025-05-30 11:17:15'),(19685,4879,'oneWay',5,20,NULL,NULL,'2025-05-30 11:17:15','2025-05-30 11:17:15'),(19686,4879,'oneWay',7,5,NULL,NULL,'2025-05-30 11:17:15','2025-05-30 11:17:15'),(19687,4880,'oneWay',8,25,NULL,NULL,'2025-05-30 11:17:15','2025-05-30 11:17:15'),(19688,4880,'oneWay',3,20,NULL,NULL,'2025-05-30 11:17:15','2025-05-30 11:17:15'),(19689,4880,'oneWay',5,20,NULL,NULL,'2025-05-30 11:17:15','2025-05-30 11:17:15'),(19690,4880,'oneWay',7,5,NULL,NULL,'2025-05-30 11:17:15','2025-05-30 11:17:15'),(19691,4881,'oneWay',8,25,NULL,NULL,'2025-05-30 11:17:15','2025-05-30 11:17:15'),(19692,4881,'oneWay',3,20,NULL,NULL,'2025-05-30 11:17:15','2025-05-30 11:17:15'),(19693,4881,'oneWay',5,20,NULL,NULL,'2025-05-30 11:17:15','2025-05-30 11:17:15'),(19694,4881,'oneWay',7,5,NULL,NULL,'2025-05-30 11:17:15','2025-05-30 11:17:15'),(19695,4882,'oneWay',8,25,NULL,NULL,'2025-05-30 11:17:15','2025-05-30 11:17:15'),(19696,4882,'oneWay',3,20,NULL,NULL,'2025-05-30 11:17:15','2025-05-30 11:17:15'),(19697,4882,'oneWay',5,20,NULL,NULL,'2025-05-30 11:17:15','2025-05-30 11:17:15'),(19698,4882,'oneWay',7,5,NULL,NULL,'2025-05-30 11:17:15','2025-05-30 11:17:15'),(19699,4883,'oneWay',8,25,NULL,NULL,'2025-05-30 11:17:15','2025-05-30 11:17:15'),(19700,4883,'oneWay',3,20,NULL,NULL,'2025-05-30 11:17:15','2025-05-30 11:17:15'),(19701,4883,'oneWay',5,20,NULL,NULL,'2025-05-30 11:17:15','2025-05-30 11:17:15'),(19702,4883,'oneWay',7,5,NULL,NULL,'2025-05-30 11:17:15','2025-05-30 11:17:15');
/*!40000 ALTER TABLE `discount_vehicles` ENABLE KEYS */;
UNLOCK TABLES;

--
-- Table structure for table `discounts`
--

DROP TABLE IF EXISTS `discounts`;
/*!40101 SET @saved_cs_client     = @@character_set_client */;
/*!50503 SET character_set_client = utf8mb4 */;
CREATE TABLE `discounts` (
  `id` int NOT NULL AUTO_INCREMENT,
  `title` varchar(255) COLLATE utf8mb4_general_ci NOT NULL,
  `slug` varchar(255) COLLATE utf8mb4_general_ci NOT NULL,
  `createdBy` varchar(255) COLLATE utf8mb4_general_ci DEFAULT NULL,
  `updatedBy` varchar(255) COLLATE utf8mb4_general_ci DEFAULT NULL,
  `createdAt` datetime NOT NULL,
  `updatedAt` datetime NOT NULL,
  `overall_discount` float NOT NULL DEFAULT '0',
  `apply_overall_discount` tinyint(1) NOT NULL DEFAULT '0',
  `apply_citywise_discount` tinyint(1) NOT NULL DEFAULT '0',
  PRIMARY KEY (`id`),
  UNIQUE KEY `slug` (`slug`)
) ENGINE=InnoDB AUTO_INCREMENT=5 DEFAULT CHARSET=utf8mb4 COLLATE=utf8mb4_general_ci;
/*!40101 SET character_set_client = @saved_cs_client */;

--
-- Dumping data for table `discounts`
--

LOCK TABLES `discounts` WRITE;
/*!40000 ALTER TABLE `discounts` DISABLE KEYS */;
INSERT INTO `discounts` VALUES (2,'Taxisafar Discount (Local/Airport)','local_airport',NULL,NULL,'2025-03-21 12:32:52','2025-04-01 11:42:03',5,1,1),(3,'( One Way Drop )','oneWay',NULL,NULL,'2025-03-21 12:34:16','2025-05-30 11:17:14',5,1,1),(4,'Taxisafar Discount (Round Trip)','roundTrip',NULL,NULL,'2025-03-25 05:16:04','2025-04-08 20:02:21',5,1,1);
/*!40000 ALTER TABLE `discounts` ENABLE KEYS */;
UNLOCK TABLES;

--
-- Table structure for table `local_rental_pricings`
--

DROP TABLE IF EXISTS `local_rental_pricings`;
/*!40101 SET @saved_cs_client     = @@character_set_client */;
/*!50503 SET character_set_client = utf8mb4 */;
CREATE TABLE `local_rental_pricings` (
  `id` int NOT NULL AUTO_INCREMENT,
  `local_rental_plan_id` int NOT NULL,
  `city_id` int NOT NULL,
  `vehicle_id` int NOT NULL,
  `price` varchar(255) COLLATE utf8mb4_general_ci NOT NULL,
  `createdBy` varchar(255) COLLATE utf8mb4_general_ci DEFAULT NULL,
  `updatedBy` varchar(255) COLLATE utf8mb4_general_ci DEFAULT NULL,
  `createdAt` datetime NOT NULL,
  `updatedAt` datetime NOT NULL,
  PRIMARY KEY (`id`),
  KEY `local_rental_plan_id` (`local_rental_plan_id`),
  CONSTRAINT `local_rental_pricings_ibfk_1` FOREIGN KEY (`local_rental_plan_id`) REFERENCES `localrentalplans` (`id`) ON DELETE CASCADE ON UPDATE CASCADE
) ENGINE=InnoDB AUTO_INCREMENT=270 DEFAULT CHARSET=utf8mb4 COLLATE=utf8mb4_general_ci;
/*!40101 SET character_set_client = @saved_cs_client */;

--
-- Dumping data for table `local_rental_pricings`
--

LOCK TABLES `local_rental_pricings` WRITE;
/*!40000 ALTER TABLE `local_rental_pricings` DISABLE KEYS */;
INSERT INTO `local_rental_pricings` VALUES (6,4,2,8,'3500',NULL,NULL,'2025-02-04 06:11:10','2025-02-04 06:11:10'),(7,3,2,8,'2250',NULL,NULL,'2025-02-05 08:27:26','2025-02-05 08:27:26'),(8,3,2,3,'2500',NULL,NULL,'2025-02-05 08:27:26','2025-02-05 08:27:26'),(9,3,2,5,'3500',NULL,NULL,'2025-02-05 08:27:26','2025-02-05 08:27:26'),(10,3,2,7,'4500',NULL,NULL,'2025-02-05 08:27:26','2025-02-05 08:27:26'),(11,3,3,8,'2250',NULL,NULL,'2025-02-05 08:27:26','2025-02-05 08:27:26'),(12,3,3,3,'2500',NULL,NULL,'2025-02-05 08:27:26','2025-02-05 08:27:26'),(13,3,3,5,'3500',NULL,NULL,'2025-02-05 08:27:26','2025-02-05 08:27:26'),(14,3,3,7,'4500',NULL,NULL,'2025-02-05 08:27:26','2025-02-05 08:27:26'),(15,3,4,8,'2250',NULL,NULL,'2025-02-05 08:27:26','2025-02-05 08:27:26'),(16,3,4,3,'2500',NULL,NULL,'2025-02-05 08:27:26','2025-02-05 08:27:26'),(17,3,4,5,'3500',NULL,NULL,'2025-02-05 08:27:26','2025-02-05 08:27:26'),(18,3,4,7,'4500',NULL,NULL,'2025-02-05 08:27:26','2025-02-05 08:27:26'),(19,3,16,8,'2250',NULL,NULL,'2025-02-05 08:30:02','2025-02-05 08:30:02'),(20,3,16,3,'2500',NULL,NULL,'2025-02-05 08:30:02','2025-02-05 08:30:02'),(21,3,16,5,'3500',NULL,NULL,'2025-02-05 08:30:02','2025-02-05 08:30:02'),(22,3,16,7,'4500',NULL,NULL,'2025-02-05 08:30:02','2025-02-05 08:30:02'),(23,3,17,8,'2250',NULL,NULL,'2025-02-05 08:30:02','2025-02-05 08:30:02'),(24,3,17,3,'2500',NULL,NULL,'2025-02-05 08:30:02','2025-02-05 08:30:02'),(25,3,17,5,'3500',NULL,NULL,'2025-02-05 08:30:02','2025-02-05 08:30:02'),(26,3,17,7,'4500',NULL,NULL,'2025-02-05 08:30:02','2025-02-05 08:30:02'),(167,4,2,3,'3500',NULL,NULL,'2025-02-05 19:31:33','2025-02-05 19:31:33'),(168,4,2,5,'4500',NULL,NULL,'2025-02-05 19:31:33','2025-02-05 19:31:33'),(169,4,2,7,'5500',NULL,NULL,'2025-02-05 19:31:33','2025-02-05 19:31:33'),(170,4,19,8,'3500',NULL,NULL,'2025-03-26 16:20:51','2025-03-26 16:20:51'),(171,4,19,3,'3500',NULL,NULL,'2025-03-26 16:20:51','2025-03-26 16:20:51'),(172,4,19,5,'4500',NULL,NULL,'2025-03-26 16:20:51','2025-03-26 16:20:51'),(173,4,19,7,'5500',NULL,NULL,'2025-03-26 16:20:51','2025-03-26 16:20:51'),(174,4,3,8,'3500',NULL,NULL,'2025-03-26 16:20:51','2025-03-26 16:20:51'),(175,4,3,3,'3500',NULL,NULL,'2025-03-26 16:20:51','2025-03-26 16:20:51'),(176,4,3,5,'4500',NULL,NULL,'2025-03-26 16:20:51','2025-03-26 16:20:51'),(177,4,3,7,'5500',NULL,NULL,'2025-03-26 16:20:51','2025-03-26 16:20:51'),(178,4,4,8,'3500',NULL,NULL,'2025-03-26 16:20:51','2025-03-26 16:20:51'),(179,4,4,3,'3500',NULL,NULL,'2025-03-26 16:20:51','2025-03-26 16:20:51'),(180,4,4,5,'4500',NULL,NULL,'2025-03-26 16:20:51','2025-03-26 16:20:51'),(181,4,4,7,'5500',NULL,NULL,'2025-03-26 16:20:51','2025-03-26 16:20:51'),(182,4,16,8,'3500',NULL,NULL,'2025-03-26 16:20:51','2025-03-26 16:20:51'),(183,4,16,3,'3500',NULL,NULL,'2025-03-26 16:20:51','2025-03-26 16:20:51'),(184,4,16,5,'4500',NULL,NULL,'2025-03-26 16:20:51','2025-03-26 16:20:51'),(185,4,16,7,'5500',NULL,NULL,'2025-03-26 16:20:51','2025-03-26 16:20:51'),(186,4,17,8,'3500',NULL,NULL,'2025-03-26 16:20:51','2025-03-26 16:20:51'),(187,4,17,3,'3500',NULL,NULL,'2025-03-26 16:20:51','2025-03-26 16:20:51'),(188,4,17,5,'4500',NULL,NULL,'2025-03-26 16:20:51','2025-03-26 16:20:51'),(189,4,17,7,'5500',NULL,NULL,'2025-03-26 16:20:51','2025-03-26 16:20:51');
/*!40000 ALTER TABLE `local_rental_pricings` ENABLE KEYS */;
UNLOCK TABLES;

--
-- Table structure for table `localrentalplans`
--

DROP TABLE IF EXISTS `localrentalplans`;
/*!40101 SET @saved_cs_client     = @@character_set_client */;
/*!50503 SET character_set_client = utf8mb4 */;
CREATE TABLE `localrentalplans` (
  `id` int NOT NULL AUTO_INCREMENT,
  `hours` varchar(255) COLLATE utf8mb4_general_ci NOT NULL,
  `km` varchar(255) COLLATE utf8mb4_general_ci NOT NULL,
  `createdBy` varchar(255) COLLATE utf8mb4_general_ci DEFAULT NULL,
  `updatedBy` varchar(255) COLLATE utf8mb4_general_ci DEFAULT NULL,
  `createdAt` datetime NOT NULL,
  `updatedAt` datetime NOT NULL,
  PRIMARY KEY (`id`)
) ENGINE=InnoDB AUTO_INCREMENT=5 DEFAULT CHARSET=utf8mb4 COLLATE=utf8mb4_general_ci;
/*!40101 SET character_set_client = @saved_cs_client */;

--
-- Dumping data for table `localrentalplans`
--

LOCK TABLES `localrentalplans` WRITE;
/*!40000 ALTER TABLE `localrentalplans` DISABLE KEYS */;
INSERT INTO `localrentalplans` VALUES (3,'8','80',NULL,NULL,'2025-02-04 05:25:18','2025-02-04 05:25:18'),(4,'12','120',NULL,NULL,'2025-02-04 06:11:10','2025-02-04 06:11:10');
/*!40000 ALTER TABLE `localrentalplans` ENABLE KEYS */;
UNLOCK TABLES;

--
-- Table structure for table `one_way_trip_pricings`
--

DROP TABLE IF EXISTS `one_way_trip_pricings`;
/*!40101 SET @saved_cs_client     = @@character_set_client */;
/*!50503 SET character_set_client = utf8mb4 */;
CREATE TABLE `one_way_trip_pricings` (
  `id` int NOT NULL AUTO_INCREMENT,
  `vehicle_id` int NOT NULL,
  `from` int NOT NULL,
  `to` int NOT NULL,
  `price_per_km` decimal(10,2) NOT NULL,
  `createdBy` varchar(255) COLLATE utf8mb4_general_ci DEFAULT NULL,
  `updatedBy` varchar(255) COLLATE utf8mb4_general_ci DEFAULT NULL,
  `createdAt` datetime NOT NULL,
  `updatedAt` datetime NOT NULL,
  PRIMARY KEY (`id`),
  KEY `vehicle_id` (`vehicle_id`),
  CONSTRAINT `one_way_trip_pricings_ibfk_1` FOREIGN KEY (`vehicle_id`) REFERENCES `Vehicles` (`id`) ON DELETE CASCADE ON UPDATE CASCADE
) ENGINE=InnoDB AUTO_INCREMENT=153 DEFAULT CHARSET=utf8mb4 COLLATE=utf8mb4_general_ci;
/*!40101 SET character_set_client = @saved_cs_client */;

--
-- Dumping data for table `one_way_trip_pricings`
--

LOCK TABLES `one_way_trip_pricings` WRITE;
/*!40000 ALTER TABLE `one_way_trip_pricings` DISABLE KEYS */;
INSERT INTO `one_way_trip_pricings` VALUES (43,3,51,80,24.00,NULL,NULL,'2025-01-08 06:45:26','2025-01-08 06:45:26'),(87,3,81,90,22.00,NULL,NULL,'2025-01-08 16:59:10','2025-01-08 16:59:10'),(88,3,91,100,21.00,NULL,NULL,'2025-01-08 16:59:10','2025-01-08 16:59:10'),(89,3,101,120,20.00,NULL,NULL,'2025-01-08 16:59:10','2025-01-08 16:59:10'),(90,3,121,200,19.00,NULL,NULL,'2025-01-08 16:59:10','2025-01-08 16:59:10'),(91,3,201,220,18.00,NULL,NULL,'2025-01-08 16:59:10','2025-01-08 16:59:10'),(92,3,221,240,17.00,NULL,NULL,'2025-01-08 16:59:10','2025-01-08 16:59:10'),(93,3,241,300,16.00,NULL,NULL,'2025-01-08 16:59:10','2025-01-08 16:59:10'),(94,3,301,350,17.00,NULL,NULL,'2025-01-08 16:59:10','2025-01-08 16:59:10'),(95,3,351,440,18.00,NULL,NULL,'2025-01-08 16:59:10','2025-01-08 16:59:10'),(96,3,441,480,19.00,NULL,NULL,'2025-01-08 16:59:10','2025-01-08 16:59:10'),(97,3,481,500,19.00,NULL,NULL,'2025-01-08 16:59:10','2025-01-08 16:59:10'),(98,3,501,520,20.00,NULL,NULL,'2025-01-08 16:59:10','2025-01-08 16:59:10'),(99,3,521,540,22.00,NULL,NULL,'2025-01-08 16:59:10','2025-01-08 16:59:10'),(100,3,541,560,23.00,NULL,NULL,'2025-01-08 16:59:10','2025-01-08 16:59:10'),(101,3,561,580,24.00,NULL,NULL,'2025-01-08 16:59:10','2025-01-08 16:59:10'),(102,3,581,25000,24.00,NULL,NULL,'2025-01-08 16:59:10','2025-01-08 16:59:10'),(103,3,25001,50000,24.00,NULL,NULL,'2025-01-08 16:59:10','2025-01-08 16:59:10'),(105,5,51,60,36.00,NULL,NULL,'2025-01-08 17:10:46','2025-01-08 17:10:46'),(106,5,61,70,33.00,NULL,NULL,'2025-01-08 17:10:46','2025-01-08 17:10:46'),(107,5,71,80,31.00,NULL,NULL,'2025-01-08 17:10:46','2025-01-08 17:10:46'),(108,5,81,100,29.00,NULL,NULL,'2025-01-08 17:10:46','2025-01-08 17:10:46'),(109,5,101,200,28.00,NULL,NULL,'2025-01-08 17:10:46','2025-01-08 17:10:46'),(110,5,201,220,26.00,NULL,NULL,'2025-01-08 17:10:46','2025-01-08 17:10:46'),(111,5,221,230,25.00,NULL,NULL,'2025-01-08 17:10:46','2025-01-08 17:10:46'),(112,5,231,240,24.00,NULL,NULL,'2025-01-08 17:10:46','2025-01-08 17:10:46'),(113,5,241,250,23.00,NULL,NULL,'2025-01-08 17:10:46','2025-01-08 17:10:46'),(114,5,251,320,22.00,NULL,NULL,'2025-01-08 17:10:46','2025-01-08 17:10:46'),(115,5,321,360,23.00,NULL,NULL,'2025-01-08 17:10:46','2025-01-08 17:10:46'),(116,5,361,440,24.00,NULL,NULL,'2025-01-08 17:10:46','2025-01-08 17:10:46'),(117,5,441,500,25.00,NULL,NULL,'2025-01-08 17:10:46','2025-01-08 17:10:46'),(118,5,501,530,27.00,NULL,NULL,'2025-01-08 17:10:46','2025-01-08 17:10:46'),(119,5,531,560,28.00,NULL,NULL,'2025-01-08 17:10:46','2025-01-08 17:10:46'),(120,5,561,580,29.00,NULL,NULL,'2025-01-08 17:10:46','2025-01-08 17:10:46'),(121,5,581,600,30.00,NULL,NULL,'2025-01-08 17:10:46','2025-01-08 17:10:46'),(122,5,601,25000,30.00,NULL,NULL,'2025-01-08 17:10:46','2025-01-08 17:10:46'),(141,7,51,25000,40.00,NULL,NULL,'2025-01-08 17:14:46','2025-01-08 17:14:46'),(142,8,51,60,24.00,NULL,NULL,'2025-01-08 17:17:38','2025-01-08 17:17:38'),(143,8,61,160,19.00,NULL,NULL,'2025-01-09 14:16:51','2025-01-09 14:16:51'),(144,8,161,200,18.00,NULL,NULL,'2025-01-09 14:16:51','2025-01-09 14:16:51'),(145,8,201,220,17.00,NULL,NULL,'2025-01-09 14:16:51','2025-01-09 14:16:51'),(146,8,221,240,16.00,NULL,NULL,'2025-01-09 14:16:51','2025-01-09 14:16:51'),(147,8,241,300,16.00,NULL,NULL,'2025-01-09 14:16:51','2025-01-09 14:16:51'),(148,8,301,350,17.00,NULL,NULL,'2025-01-09 14:16:51','2025-01-09 14:16:51'),(149,8,351,440,18.00,NULL,NULL,'2025-01-09 14:16:51','2025-01-09 14:16:51'),(150,8,441,480,19.00,NULL,NULL,'2025-01-09 14:16:51','2025-01-09 14:16:51'),(151,8,481,600,21.00,NULL,NULL,'2025-01-09 14:16:51','2025-01-09 14:16:51'),(152,8,601,25000,22.00,NULL,NULL,'2025-01-09 14:16:51','2025-01-09 14:16:51');
/*!40000 ALTER TABLE `one_way_trip_pricings` ENABLE KEYS */;
UNLOCK TABLES;

--
-- Table structure for table `otp`
--

DROP TABLE IF EXISTS `otp`;
/*!40101 SET @saved_cs_client     = @@character_set_client */;
/*!50503 SET character_set_client = utf8mb4 */;
CREATE TABLE `otp` (
  `id` int NOT NULL AUTO_INCREMENT,
  `phone_number` varchar(255) COLLATE utf8mb4_general_ci DEFAULT NULL,
  `trip_id` int DEFAULT NULL,
  `otp` varchar(255) COLLATE utf8mb4_general_ci DEFAULT NULL,
  `otp_type` enum('start_trip','end_trip','login') COLLATE utf8mb4_general_ci NOT NULL DEFAULT 'login',
  `expires_at` datetime DEFAULT NULL,
  `createdBy` varchar(255) COLLATE utf8mb4_general_ci DEFAULT NULL,
  `updatedBy` varchar(255) COLLATE utf8mb4_general_ci DEFAULT NULL,
  `createdAt` datetime NOT NULL,
  `updatedAt` datetime NOT NULL,
  PRIMARY KEY (`id`),
  KEY `otp_trip_id_foreign_idx` (`trip_id`),
  CONSTRAINT `otp_trip_id_foreign_idx` FOREIGN KEY (`trip_id`) REFERENCES `trips` (`id`) ON DELETE CASCADE ON UPDATE CASCADE
) ENGINE=InnoDB DEFAULT CHARSET=utf8mb4 COLLATE=utf8mb4_general_ci;
/*!40101 SET character_set_client = @saved_cs_client */;

--
-- Dumping data for table `otp`
--

LOCK TABLES `otp` WRITE;
/*!40000 ALTER TABLE `otp` DISABLE KEYS */;
/*!40000 ALTER TABLE `otp` ENABLE KEYS */;
UNLOCK TABLES;

--
-- Table structure for table `pincodes`
--

DROP TABLE IF EXISTS `pincodes`;
/*!40101 SET @saved_cs_client     = @@character_set_client */;
/*!50503 SET character_set_client = utf8mb4 */;
CREATE TABLE `pincodes` (
  `id` int NOT NULL AUTO_INCREMENT,
  `city_id` int NOT NULL,
  `pincode` int NOT NULL,
  `area_name` varchar(100) COLLATE utf8mb4_general_ci NOT NULL,
  `createdAt` datetime NOT NULL DEFAULT CURRENT_TIMESTAMP,
  `updatedAt` datetime NOT NULL DEFAULT CURRENT_TIMESTAMP,
  PRIMARY KEY (`id`),
  UNIQUE KEY `pincode` (`pincode`)
) ENGINE=InnoDB AUTO_INCREMENT=1078 DEFAULT CHARSET=utf8mb4 COLLATE=utf8mb4_general_ci;
/*!40101 SET character_set_client = @saved_cs_client */;

--
-- Dumping data for table `pincodes`
--

LOCK TABLES `pincodes` WRITE;
/*!40000 ALTER TABLE `pincodes` DISABLE KEYS */;
INSERT INTO `pincodes` VALUES (132,2,110001,'Central Delhi','2025-05-07 17:55:41','2025-05-16 09:36:33'),(133,12,226001,'Lucknow','2025-05-08 06:42:37','2025-05-16 09:47:32'),(134,2,110002,'Dariya Ganj ','2025-05-08 08:32:16','2025-05-16 09:36:33'),(135,2,110003,'Sabra Jang Airpot ','2025-05-08 08:32:16','2025-05-16 09:36:33'),(136,2,110004,'Rashti Pawan','2025-05-08 08:32:16','2025-05-16 09:36:33'),(137,2,110005,'Karol Bagh','2025-05-08 08:32:16','2025-05-16 09:36:33'),(138,2,110006,'Jama Masjid','2025-05-08 08:32:16','2025-05-16 09:36:33'),(139,2,110007,'Kamala Nagar','2025-05-08 08:50:06','2025-05-16 09:36:33'),(140,2,110008,'Nagar','2025-05-08 08:50:06','2025-05-16 09:36:33'),(141,2,110009,'GTB nagar ','2025-05-08 08:50:06','2025-05-16 09:36:33'),(142,2,110010,'Delhi Cantt ','2025-05-08 08:50:06','2025-05-16 09:36:33'),(143,2,110011,'Niran Pawan ','2025-05-08 08:50:06','2025-05-16 09:36:33'),(144,2,110012,'New Delhi','2025-05-08 08:50:06','2025-05-16 09:36:33'),(145,2,110013,'New Delhi','2025-05-08 08:50:06','2025-05-16 09:36:33'),(146,2,110014,'New Delhi','2025-05-08 08:50:06','2025-05-16 09:36:33'),(147,2,110015,'New Delhi','2025-05-08 08:50:06','2025-05-16 09:36:33'),(148,2,110016,'New Delhi','2025-05-08 08:50:06','2025-05-16 09:36:33'),(149,2,110017,'New Delhi','2025-05-08 08:50:06','2025-05-16 09:36:33'),(150,2,110018,'New Delhi','2025-05-08 08:50:06','2025-05-16 09:36:33'),(151,2,110019,'New Delhi','2025-05-08 08:50:06','2025-05-16 09:36:33'),(152,2,110020,'New Delhi','2025-05-08 08:50:06','2025-05-16 09:36:33'),(153,2,110021,'New Delhi','2025-05-08 09:11:35','2025-05-16 09:36:33'),(154,2,110022,'New Delhi','2025-05-08 09:11:35','2025-05-16 09:36:34'),(155,2,110023,'New Delhi','2025-05-08 09:11:35','2025-05-16 09:36:34'),(156,2,110024,'New Delhi','2025-05-08 09:11:35','2025-05-16 09:36:34'),(157,2,110025,'New Delhi','2025-05-08 09:11:35','2025-05-16 09:36:34'),(158,2,110026,'Delhi','2025-05-08 09:11:35','2025-05-16 09:36:34'),(159,2,110027,'Delhi','2025-05-08 09:11:35','2025-05-16 09:36:34'),(160,2,110028,'New Delhi','2025-05-08 09:11:35','2025-05-16 09:36:34'),(161,2,110029,'New Delhi','2025-05-08 09:11:35','2025-05-16 09:36:34'),(162,2,110030,'New Delhi','2025-05-08 09:11:35','2025-05-16 09:36:34'),(163,2,110031,'New Delhi','2025-05-08 09:11:35','2025-05-16 09:36:34'),(164,2,110032,'New Delhi','2025-05-08 09:11:35','2025-05-16 09:36:34'),(165,2,110033,'New Delhi','2025-05-08 09:11:35','2025-05-16 09:36:34'),(166,2,110034,'New Delhi','2025-05-08 09:11:35','2025-05-16 09:36:34'),(167,2,110035,'New Delhi','2025-05-08 09:11:35','2025-05-16 09:36:34'),(168,2,110036,'New Delhi','2025-05-08 09:11:35','2025-05-16 09:36:34'),(169,2,110037,'New Delhi','2025-05-08 09:11:35','2025-05-16 09:36:34'),(170,2,110038,'New Delhi','2025-05-08 09:11:35','2025-05-16 09:36:34'),(171,2,110039,'Delhi','2025-05-08 09:11:35','2025-05-16 09:36:34'),(172,2,110040,'New Delhi','2025-05-08 09:11:35','2025-05-16 09:36:34'),(173,2,110041,'Delhi','2025-05-08 09:11:35','2025-05-16 09:36:34'),(174,2,110042,'New Delhi','2025-05-08 09:11:35','2025-05-16 09:36:34'),(175,2,110043,'New Delhi','2025-05-08 09:11:35','2025-05-16 09:36:34'),(176,2,110044,'New Delhi','2025-05-08 09:11:35','2025-05-16 09:36:34'),(177,2,110045,'Delhi','2025-05-08 09:11:35','2025-05-16 09:36:34'),(178,2,110046,'New Delhi','2025-05-08 09:11:35','2025-05-16 09:36:34'),(179,2,110047,'Delhi','2025-05-08 09:11:35','2025-05-16 09:36:34'),(180,2,110048,'New Delhi','2025-05-08 09:11:35','2025-05-16 09:36:34'),(181,2,110049,'Delhi','2025-05-08 09:11:35','2025-05-16 09:36:34'),(182,2,110050,'New Delhi','2025-05-08 09:11:35','2025-05-16 09:36:34'),(183,2,110051,'New Delhi','2025-05-08 09:11:35','2025-05-16 09:36:34'),(184,2,110052,'New Delhi','2025-05-08 09:11:35','2025-05-16 09:36:34'),(185,2,110053,'New Delhi','2025-05-08 09:11:35','2025-05-16 09:36:34'),(186,2,110054,'New Delhi','2025-05-08 09:11:35','2025-05-16 09:36:34'),(187,2,110055,'New Delhi','2025-05-08 09:11:35','2025-05-16 09:36:34'),(188,2,110056,'Delhi','2025-05-08 09:11:35','2025-05-16 09:36:34'),(189,2,110057,'New Delhi','2025-05-08 09:11:35','2025-05-16 09:36:34'),(190,2,110058,'New Delhi','2025-05-08 09:11:35','2025-05-16 09:36:34'),(191,2,110059,'New Delhi','2025-05-08 09:11:35','2025-05-16 09:36:34'),(192,2,110060,'New Delhi','2025-05-08 09:11:35','2025-05-16 09:36:34'),(193,2,110061,'New Delhi','2025-05-08 09:11:35','2025-05-16 09:36:34'),(194,2,110062,'New Delhi','2025-05-08 09:11:35','2025-05-16 09:36:34'),(195,2,110063,'New Delhi','2025-05-08 09:11:35','2025-05-16 09:36:34'),(196,2,110064,'New Delhi','2025-05-08 09:11:35','2025-05-16 09:36:34'),(197,2,110065,'New Delhi','2025-05-08 09:11:35','2025-05-16 09:36:34'),(198,2,110066,'New Delhi','2025-05-08 09:11:35','2025-05-16 09:36:34'),(199,2,110067,'New Delhi','2025-05-08 09:11:35','2025-05-16 09:36:34'),(200,2,110068,'New Delhi','2025-05-08 09:11:35','2025-05-16 09:36:34'),(201,2,110069,'New Delhi','2025-05-08 09:11:35','2025-05-16 09:36:34'),(202,2,110070,'New Delhi','2025-05-08 09:11:35','2025-05-16 09:36:34'),(203,2,110071,'New Delhi','2025-05-08 09:11:35','2025-05-16 09:36:34'),(204,2,110072,'New Delhi','2025-05-08 09:11:35','2025-05-16 09:36:34'),(205,2,110073,'New Delhi','2025-05-08 09:11:35','2025-05-16 09:36:34'),(206,2,110074,'New Delhi','2025-05-08 09:11:35','2025-05-16 09:36:34'),(207,2,110075,'New Delhi','2025-05-08 09:11:35','2025-05-16 09:36:34'),(208,2,110076,'New Delhi','2025-05-08 09:11:35','2025-05-16 09:36:34'),(209,2,110077,'New Delhi','2025-05-08 09:11:35','2025-05-16 09:36:34'),(210,2,110078,'New Delhi','2025-05-08 09:11:35','2025-05-16 09:36:34'),(211,2,110079,'New Delhi','2025-05-08 09:11:35','2025-05-16 09:36:34'),(212,2,110080,'New Delhi','2025-05-08 09:11:35','2025-05-16 09:36:34'),(213,2,110081,'New Delhi','2025-05-08 09:11:35','2025-05-16 09:36:34'),(214,2,110082,'New Delhi','2025-05-08 09:11:35','2025-05-16 09:36:34'),(215,2,110083,'New Delhi','2025-05-08 09:11:35','2025-05-16 09:36:34'),(216,2,110084,'New Delhi','2025-05-08 09:11:35','2025-05-16 09:36:34'),(217,2,110085,'New Delhi','2025-05-08 09:11:35','2025-05-16 09:36:34'),(218,2,110086,'New Delhi Delhi','2025-05-08 09:11:35','2025-05-16 09:36:34'),(219,2,110087,'New Delhi','2025-05-08 09:11:35','2025-05-16 09:36:34'),(220,2,110088,'New Delhi','2025-05-08 09:11:35','2025-05-16 09:36:34'),(221,2,110089,'New Delhi','2025-05-08 09:11:35','2025-05-16 09:36:34'),(222,2,110090,'New Delhi','2025-05-08 09:11:35','2025-05-16 09:36:34'),(223,2,110091,'New Delhi','2025-05-08 09:11:35','2025-05-16 09:36:34'),(224,2,110092,'New Delhi','2025-05-08 09:11:35','2025-05-16 09:36:34'),(225,2,110093,'New Delhi','2025-05-08 09:11:35','2025-05-16 09:36:34'),(226,2,110094,'New Delhi','2025-05-08 09:11:35','2025-05-16 09:36:34'),(227,2,110095,'New Delhi','2025-05-08 09:11:35','2025-05-16 09:36:34'),(228,2,110096,'New Delhi','2025-05-08 09:11:35','2025-05-16 09:36:34'),(229,2,110097,'New Delhi','2025-05-08 09:11:35','2025-05-16 09:36:34'),(230,2,110098,'New Delhi','2025-05-08 09:11:35','2025-05-16 09:36:34'),(231,6,282001,'Agra','2025-05-08 09:23:22','2025-05-16 09:31:13'),(232,6,282002,'Agra','2025-05-08 09:23:22','2025-05-16 09:31:13'),(233,6,282003,'Agra','2025-05-08 09:23:22','2025-05-16 09:31:13'),(234,6,282004,'Agra','2025-05-08 09:23:22','2025-05-16 09:31:13'),(235,6,282005,'Agra','2025-05-08 09:23:22','2025-05-16 09:31:13'),(236,6,282006,'Agra','2025-05-08 09:23:22','2025-05-16 09:31:13'),(237,6,282007,'Agra','2025-05-08 09:23:22','2025-05-16 09:31:13'),(238,6,282008,'Agra','2025-05-08 09:23:22','2025-05-16 09:31:13'),(239,6,282009,'Agra','2025-05-08 09:23:22','2025-05-16 09:31:13'),(240,6,282010,'Agra','2025-05-08 09:23:22','2025-05-16 09:31:13'),(493,11,160001,'Chandigarh','2025-05-08 09:30:40','2025-05-16 12:44:39'),(494,11,160002,'Chandigarh','2025-05-08 09:33:30','2025-05-16 12:44:40'),(495,11,160003,'Chandigarh','2025-05-08 09:33:30','2025-05-16 12:44:40'),(496,11,160004,'Chandigarh','2025-05-08 09:33:30','2025-05-16 12:44:40'),(497,11,160005,'Chandigarh','2025-05-08 09:33:30','2025-05-16 12:44:40'),(499,11,160009,'Chandigarh','2025-05-08 09:33:30','2025-05-16 12:44:40'),(500,11,160011,'Chandigarh','2025-05-08 09:33:30','2025-05-16 12:44:40'),(501,11,160012,'Chandigarh','2025-05-08 09:33:30','2025-05-16 12:44:40'),(502,11,160014,'Chandigarh','2025-05-08 09:33:30','2025-05-16 12:44:40'),(503,11,160015,'Chandigarh','2025-05-08 09:33:30','2025-05-16 12:44:40'),(504,11,160016,'Chandigarh','2025-05-08 09:33:30','2025-05-16 12:44:40'),(505,11,160017,'Chandigarh','2025-05-08 09:46:46','2025-05-16 12:44:40'),(506,11,160018,'Chandigarh','2025-05-08 09:46:46','2025-05-16 12:44:40'),(507,11,160019,'Chandigarh','2025-05-08 09:46:46','2025-05-16 12:44:40'),(508,11,160020,'Chandigarh','2025-05-08 09:46:46','2025-05-16 12:44:40'),(509,11,160022,'Chandigarh','2025-05-08 09:46:46','2025-05-16 12:44:40'),(510,11,160023,'Chandigarh','2025-05-08 09:46:46','2025-05-16 12:44:40'),(511,11,160025,'Chandigarh','2025-05-08 09:46:46','2025-05-16 12:44:40'),(512,11,160030,'Chandigarh','2025-05-08 09:46:46','2025-05-16 12:44:40'),(513,11,160036,'Chandigarh','2025-05-08 09:46:46','2025-05-16 12:44:40'),(514,11,160043,'Chandigarh','2025-05-08 09:46:46','2025-05-16 12:44:40'),(515,11,160047,'Chandigarh','2025-05-08 09:46:46','2025-05-16 12:44:40'),(516,11,160101,'Chandigarh','2025-05-08 09:46:46','2025-05-16 12:44:40'),(517,11,160102,'Chandigarh','2025-05-08 09:46:46','2025-05-16 12:44:40'),(518,15,248001,'Dehradun','2025-05-08 10:14:06','2025-05-16 09:36:17'),(519,15,248002,'Dehradun','2025-05-08 10:14:06','2025-05-16 09:36:17'),(520,15,248003,'Dehradun','2025-05-08 10:14:06','2025-05-16 09:36:17'),(521,15,248005,'Dehradun','2025-05-08 10:14:06','2025-05-16 09:36:17'),(522,15,248006,'Dehradun','2025-05-08 10:14:06','2025-05-16 09:36:17'),(523,15,248007,'Dehradun','2025-05-08 10:14:06','2025-05-16 09:36:17'),(524,15,248008,'Dehradun','2025-05-08 10:14:06','2025-05-16 09:36:17'),(525,15,248121,'Dehradun','2025-05-08 10:14:06','2025-05-16 09:36:17'),(526,15,248171,'Dehradun','2025-05-08 10:14:06','2025-05-16 09:36:17'),(527,16,121001,'Faridabad','2025-05-08 10:25:50','2025-05-16 09:49:29'),(528,16,121002,'Faridabad','2025-05-08 10:25:50','2025-05-16 09:49:29'),(529,16,121003,'Jayad','2025-05-08 10:25:50','2025-05-16 09:49:29'),(530,16,121004,'Faridabad','2025-05-08 10:25:50','2025-05-16 09:49:29'),(531,16,121005,'Faridabad','2025-05-08 10:25:50','2025-05-16 09:49:29'),(532,16,121006,'Faridabad','2025-05-08 10:25:50','2025-05-16 09:49:29'),(533,16,121007,'Faridabad','2025-05-08 10:25:50','2025-05-16 09:49:29'),(534,16,121008,'Faridabad','2025-05-08 10:25:50','2025-05-16 09:49:29'),(535,16,121009,'Faridabad','2025-05-08 10:25:50','2025-05-16 09:49:29'),(536,16,121010,'Faridabad','2025-05-08 10:25:50','2025-05-16 09:49:29'),(537,4,201310,'Greater Noida','2025-05-08 10:28:41','2025-05-16 09:38:42'),(538,4,201308,'Greater Noida','2025-05-08 10:43:34','2025-05-16 09:38:42'),(540,17,122001,'Guru gram','2025-05-08 10:49:47','2025-05-16 09:52:04'),(611,17,122002,'Guru','2025-05-08 12:27:54','2025-05-16 09:52:04'),(612,17,122003,'Gurram','2025-05-08 12:27:54','2025-05-16 09:52:04'),(613,17,122004,'Guru','2025-05-08 12:27:54','2025-05-16 09:52:04'),(614,17,122005,'Guru','2025-05-08 12:27:54','2025-05-16 09:52:04'),(615,17,122006,'Guru','2025-05-08 12:27:54','2025-05-16 09:52:04'),(616,17,122007,'Guru','2025-05-08 12:27:54','2025-05-16 09:52:04'),(617,17,122008,'Guru','2025-05-08 12:27:54','2025-05-16 09:52:04'),(618,17,122009,'Guru','2025-05-08 12:27:54','2025-05-16 09:52:04'),(619,17,122010,'Guru','2025-05-08 12:27:54','2025-05-16 09:52:04'),(620,17,122011,'Guru','2025-05-08 12:27:54','2025-05-16 09:52:04'),(621,17,122012,'Guru','2025-05-08 12:27:54','2025-05-16 09:52:04'),(622,17,122015,'Guru','2025-05-08 12:27:54','2025-05-16 09:52:04'),(623,17,122016,'Guru','2025-05-08 12:27:54','2025-05-16 09:52:04'),(624,17,122017,'Guru','2025-05-08 12:27:54','2025-05-16 09:52:04'),(625,17,122018,'Guru','2025-05-08 12:27:54','2025-05-16 09:52:04'),(626,17,122021,'Guru','2025-05-08 12:27:54','2025-05-16 09:52:04'),(627,17,122022,'Gram','2025-05-08 12:27:54','2025-05-16 09:52:04'),(628,24,263139,'Haldwani','2025-05-08 12:30:00','2025-05-16 09:42:01'),(629,24,263126,'Haldwani','2025-05-08 12:30:00','2025-05-16 09:42:01'),(630,24,263140,'Haldwani','2025-05-08 12:30:00','2025-05-16 09:42:01'),(631,13,249401,'Haridwar','2025-05-08 12:39:05','2025-05-16 09:43:37'),(632,13,249402,'Haridwar','2025-05-08 12:39:05','2025-05-16 09:43:37'),(633,13,249403,'Haridwar','2025-05-08 12:39:05','2025-05-16 09:43:37'),(634,13,249407,'Haridwar','2025-05-08 12:39:05','2025-05-16 09:43:37'),(635,13,249408,'Haridwar','2025-05-08 12:39:05','2025-05-16 09:43:37'),(636,13,209411,'Haridwar','2025-05-08 12:39:05','2025-05-16 09:43:37'),(637,5,302001,'Jaipur','2025-05-08 13:18:51','2025-05-16 09:45:28'),(638,5,302002,'Jaipur','2025-05-08 13:18:51','2025-05-16 09:45:28'),(639,5,302003,'Jaipur','2025-05-08 13:18:51','2025-05-16 09:45:28'),(640,5,302004,'Jaipur','2025-05-08 13:18:51','2025-05-16 09:45:28'),(641,5,302005,'Jaipur','2025-05-08 13:18:51','2025-05-16 09:45:28'),(642,5,302006,'Jaipur','2025-05-08 13:18:51','2025-05-16 09:45:28'),(643,5,302007,'Jaipur','2025-05-08 13:18:51','2025-05-16 09:45:28'),(644,5,302008,'Jaipur','2025-05-08 13:18:51','2025-05-16 09:45:28'),(645,5,302009,'Jaipur','2025-05-08 13:18:51','2025-05-16 09:45:28'),(646,5,302010,'Jaipur','2025-05-08 13:18:51','2025-05-16 09:45:28'),(647,5,302011,'Jaipur','2025-05-08 13:18:51','2025-05-16 09:45:28'),(648,5,302012,'Jaipur','2025-05-08 13:18:51','2025-05-16 09:45:28'),(649,5,302013,'Jaipur','2025-05-08 13:18:51','2025-05-16 09:45:28'),(650,5,302015,'Jaipur','2025-05-08 13:18:51','2025-05-16 09:45:28'),(651,5,302016,'Jaipur','2025-05-08 13:18:51','2025-05-16 09:45:28'),(652,5,302017,'Jaipur','2025-05-08 13:18:51','2025-05-16 09:45:28'),(653,5,302018,'Jaipur','2025-05-08 13:18:51','2025-05-16 09:45:28'),(654,5,302019,'Jaipur','2025-05-08 13:18:51','2025-05-16 09:45:28'),(655,5,302020,'Jaipur','2025-05-08 13:18:51','2025-05-16 09:45:28'),(656,5,302021,'Jaipur','2025-05-08 13:18:51','2025-05-16 09:45:28'),(657,5,302022,'Jaipur','2025-05-08 13:18:51','2025-05-16 09:45:28'),(658,5,302023,'Jaipur','2025-05-08 13:18:51','2025-05-16 09:45:28'),(659,5,302024,'Jaipur','2025-05-08 13:18:51','2025-05-16 09:45:28'),(660,5,302025,'Jaipur','2025-05-08 13:18:51','2025-05-16 09:45:28'),(661,5,302027,'Jaipur','2025-05-08 13:18:51','2025-05-16 09:45:28'),(662,5,302028,'Jaipur','2025-05-08 13:18:51','2025-05-16 09:45:28'),(663,5,302030,'Jaipur','2025-05-08 13:18:51','2025-05-16 09:45:28'),(664,5,302031,'Jaipur','2025-05-08 13:18:51','2025-05-16 09:45:28'),(665,5,302032,'Jaipur','2025-05-08 13:18:51','2025-05-16 09:45:28'),(666,5,302033,'Jaipur','2025-05-08 13:18:51','2025-05-16 09:45:28'),(667,5,302034,'Jaipur','2025-05-08 13:18:51','2025-05-16 09:45:28'),(668,5,302036,'Jaipur','2025-05-08 13:18:51','2025-05-16 09:45:28'),(669,5,302039,'Jaipur','2025-05-08 13:18:51','2025-05-16 09:45:28'),(670,5,302040,'Jaipur','2025-05-08 13:18:51','2025-05-16 09:45:28'),(671,12,226002,'Lucknow','2025-05-08 14:26:50','2025-05-16 09:47:32'),(672,12,226003,'Lucknow','2025-05-08 14:26:50','2025-05-16 09:47:32'),(673,12,226004,'Lucknow','2025-05-08 14:26:50','2025-05-16 09:47:32'),(674,12,226005,'Lucknow','2025-05-08 14:26:50','2025-05-16 09:47:32'),(675,12,226007,'Lucknow','2025-05-08 14:26:50','2025-05-16 09:47:32'),(676,12,226008,'Lucknow','2025-05-08 14:26:50','2025-05-16 09:47:32'),(677,12,226009,'Lucknow','2025-05-08 14:26:50','2025-05-16 09:47:32'),(678,12,226010,'Lucknow','2025-05-08 14:26:50','2025-05-16 09:47:32'),(679,12,226011,'Lucknow','2025-05-08 14:26:50','2025-05-16 09:47:32'),(680,12,226012,'Lucknow','2025-05-08 14:26:50','2025-05-16 09:47:32'),(681,12,226014,'Lucknow','2025-05-08 14:26:50','2025-05-16 09:47:32'),(682,12,226015,'Lucknow','2025-05-08 14:26:50','2025-05-16 09:47:32'),(683,12,226016,'Lucknow','2025-05-08 14:26:50','2025-05-16 09:47:32'),(684,12,226017,'Lucknow','2025-05-08 14:26:50','2025-05-16 09:47:32'),(685,12,226018,'Lucknow','2025-05-08 14:26:50','2025-05-16 09:47:32'),(686,12,226019,'Lucknow','2025-05-08 14:26:50','2025-05-16 09:47:32'),(687,12,226020,'Lucknow','2025-05-08 14:26:50','2025-05-16 09:47:32'),(688,12,226021,'Lucknow','2025-05-08 14:26:50','2025-05-16 09:47:32'),(689,12,226022,'Lucknow Lucknow','2025-05-08 14:26:50','2025-05-16 09:47:32'),(690,12,226023,'Lucknow','2025-05-08 14:26:50','2025-05-16 09:47:32'),(691,12,226024,'Lucknow','2025-05-08 14:26:50','2025-05-16 09:47:32'),(692,12,226025,'Lucknow','2025-05-08 14:26:50','2025-05-16 09:47:32'),(693,12,226026,'Lucknow','2025-05-08 14:26:50','2025-05-16 09:47:32'),(694,12,226027,'Lucknow','2025-05-08 14:26:50','2025-05-16 09:47:32'),(695,12,226028,'Lucknow','2025-05-08 14:26:50','2025-05-16 09:47:32'),(696,12,226029,'Lucknow','2025-05-08 14:26:50','2025-05-16 09:47:32'),(697,12,226030,'Lucknow','2025-05-08 14:26:50','2025-05-16 09:47:32'),(698,12,226031,'Lucknow','2025-05-08 14:26:50','2025-05-16 09:47:32'),(699,7,281001,'Mathura ','2025-05-12 19:55:22','2025-05-16 10:42:41'),(700,7,281004,'Mathura','2025-05-12 19:57:15','2025-05-16 10:42:41'),(701,8,281121,'Vrindavan','2025-05-12 19:59:23','2025-05-16 10:44:04'),(702,3,201301,'Noida','2025-05-12 20:06:15','2025-05-16 09:52:14'),(703,3,201303,'Noida','2025-05-12 20:06:15','2025-05-16 09:52:14'),(704,3,201304,'Noida','2025-05-12 20:06:15','2025-05-16 09:52:14'),(705,3,201305,'Noida','2025-05-12 20:06:15','2025-05-16 09:52:14'),(706,3,201306,'Noida','2025-05-12 20:06:15','2025-05-16 09:52:14'),(707,3,201307,'Noida','2025-05-12 20:06:15','2025-05-16 09:52:14'),(708,3,201309,'Noida','2025-05-12 20:06:15','2025-05-16 09:52:14'),(709,3,201311,'Noida','2025-05-12 20:10:47','2025-05-16 09:52:14'),(710,3,201313,'Noida','2025-05-12 20:10:47','2025-05-16 09:52:14'),(711,3,201318,'Noida ','2025-05-13 04:02:39','2025-05-16 09:52:14'),(712,14,249201,'Rishikesh','2025-05-13 04:29:04','2025-05-16 10:43:19'),(713,14,249203,'Rishikesh','2025-05-13 04:29:04','2025-05-16 10:43:19'),(714,14,249204,'Rishikesh','2025-05-13 04:29:04','2025-05-16 10:43:19'),(715,14,249192,'Rishikesh','2025-05-13 04:29:04','2025-05-16 10:43:19'),(716,14,249302,'Rishikesh','2025-05-13 04:29:04','2025-05-16 10:43:19'),(717,14,249304,'Rishikesh','2025-05-13 04:29:04','2025-05-16 10:43:19'),(718,14,249137,'Rishikesh','2025-05-13 04:29:04','2025-05-16 10:43:19'),(719,14,249205,'Rishikesh','2025-05-13 04:29:04','2025-05-16 10:43:19'),(720,14,249211,'Rishikesh','2025-05-13 04:29:04','2025-05-16 10:43:19'),(787,25,244715,'Uttrakhand','2025-05-13 06:49:22','2025-05-16 09:55:33'),(796,26,243001,'Bareilly','2025-05-13 18:19:48','2025-06-18 05:40:26'),(797,26,243002,'Bareilly','2025-05-13 18:19:48','2025-06-18 05:40:26'),(798,26,243003,'Bareilly','2025-05-13 18:19:48','2025-06-18 05:40:26'),(799,26,243004,'Bareilly','2025-05-13 18:19:48','2025-06-18 05:40:26'),(800,26,243005,'Bareilly','2025-05-13 18:19:48','2025-06-18 05:40:26'),(801,26,243006,'Bareilly','2025-05-13 18:19:48','2025-06-18 05:40:26'),(802,26,243122,'Bareilly','2025-05-13 18:19:48','2025-06-18 05:40:26'),(803,26,243123,'Bareilly','2025-05-13 18:19:48','2025-06-18 05:40:26'),(804,26,243202,'Bareilly','2025-05-13 18:19:48','2025-06-18 05:40:26'),(805,26,243502,'Bareilly','2025-05-13 18:19:48','2025-06-18 05:40:26'),(1023,27,134107,'Panchkula','2025-05-14 00:42:22','2025-05-16 10:34:40'),(1024,27,134108,'Panchkula ','2025-05-14 00:42:22','2025-05-16 10:34:40'),(1025,27,134109,'Panchkula ','2025-05-14 00:42:22','2025-05-16 10:34:40'),(1026,27,134112,'Panchkula ','2025-05-14 00:42:22','2025-05-16 10:34:40'),(1027,27,134113,'Panchkula ','2025-05-14 00:42:22','2025-05-16 10:34:40'),(1028,27,134114,'Panchkula ','2025-05-14 00:42:22','2025-05-16 10:34:40'),(1029,27,134115,'Panchkula ','2025-05-14 00:42:22','2025-05-16 10:34:40'),(1030,27,134116,'Panchkula ','2025-05-14 00:42:22','2025-05-16 10:34:40'),(1031,27,134117,'Panchkula ','2025-05-14 00:42:22','2025-05-16 10:34:40'),(1032,28,140107,'Zirakpur','2025-05-14 00:46:07','2025-05-16 09:59:12'),(1048,28,140603,'Zirakpur','2025-05-14 00:48:47','2025-05-16 09:59:12'),(1049,28,140604,'Zirakpur','2025-05-14 00:48:47','2025-05-16 09:59:12'),(1050,11,160071,'Chandigarh','2025-05-16 12:06:20','2025-05-16 12:44:40'),(1051,11,160055,'Chandigarh','2025-05-16 12:11:05','2025-05-16 12:44:40'),(1052,11,160062,'Chandigarh','2025-05-16 12:11:05','2025-05-16 12:44:40'),(1053,11,160056,'Chandigarh','2025-05-16 12:13:35','2025-05-16 12:44:40'),(1054,11,140301,'Chandigarh','2025-05-16 12:20:05','2025-05-16 12:44:40'),(1055,10,140201,'Ajit Nagar Panjab','2025-05-16 12:31:42','2025-05-16 12:31:42'),(1057,29,140308,'Panjab','2025-05-16 12:35:00','2025-05-16 12:43:54'),(1058,11,140901,'Chandigarh','2025-05-16 12:37:51','2025-05-16 12:44:40'),(1059,11,160059,'Chandigarh','2025-05-16 12:39:39','2025-05-16 12:44:40'),(1060,11,160103,'Chandigarh','2025-05-16 12:41:18','2025-05-16 12:44:40'),(1061,11,140306,'Chandigarh','2025-05-16 12:43:39','2025-05-16 12:44:40'),(1062,30,201001,'Ghaziabad ','2025-06-17 14:35:42','2025-06-17 14:45:47'),(1063,30,201002,'Ghaziabad ','2025-06-17 14:39:03','2025-06-17 14:45:47'),(1064,30,201003,'Ghaziabad ','2025-06-17 14:39:03','2025-06-17 14:45:47'),(1065,30,201004,'Ghaziabad ','2025-06-17 14:39:03','2025-06-17 14:45:47'),(1066,30,201005,'Ghaziabad ','2025-06-17 14:39:03','2025-06-17 14:45:47'),(1067,30,201006,'Ghaziabad ','2025-06-17 14:39:03','2025-06-17 14:45:47'),(1068,30,201007,'Ghaziabad ','2025-06-17 14:39:03','2025-06-17 14:45:47'),(1069,30,201009,'Ghaziabad ','2025-06-17 14:43:22','2025-06-17 14:45:47'),(1070,30,201010,'Ghaziabad ','2025-06-17 14:43:22','2025-06-17 14:45:47'),(1071,30,201011,'Ghaziabad ','2025-06-17 14:43:22','2025-06-17 14:45:47'),(1072,30,201012,'Ghaziabad ','2025-06-17 14:43:22','2025-06-17 14:45:47'),(1073,30,201013,'Ghaziabad ','2025-06-17 14:43:22','2025-06-17 14:45:47'),(1074,30,201014,'Ghaziabad ','2025-06-17 14:43:22','2025-06-17 14:45:47'),(1075,30,201015,'Ghaziabad ','2025-06-17 14:43:22','2025-06-17 14:45:47'),(1076,30,201016,'Ghaziabad ','2025-06-17 14:43:22','2025-06-17 14:45:47'),(1077,30,201017,'Ghaziabad ','2025-06-17 14:45:47','2025-06-17 14:45:47');
/*!40000 ALTER TABLE `pincodes` ENABLE KEYS */;
UNLOCK TABLES;

--
-- Table structure for table `sessions`
--

DROP TABLE IF EXISTS `sessions`;
/*!40101 SET @saved_cs_client     = @@character_set_client */;
/*!50503 SET character_set_client = utf8mb4 */;
CREATE TABLE `sessions` (
  `id` int NOT NULL AUTO_INCREMENT,
  `session_id` varchar(255) COLLATE utf8mb4_general_ci NOT NULL,
  `tripType` varchar(255) COLLATE utf8mb4_general_ci DEFAULT NULL,
  `distance` varchar(255) COLLATE utf8mb4_general_ci DEFAULT NULL,
  `phoneNo` varchar(255) COLLATE utf8mb4_general_ci DEFAULT NULL,
  `pickUpDate` varchar(255) COLLATE utf8mb4_general_ci DEFAULT NULL,
  `dropDate` varchar(255) COLLATE utf8mb4_general_ci DEFAULT NULL,
  `places` longtext CHARACTER SET utf8mb4 COLLATE utf8mb4_bin,
  `createdBy` varchar(255) COLLATE utf8mb4_general_ci DEFAULT NULL,
  `updatedBy` varchar(255) COLLATE utf8mb4_general_ci DEFAULT NULL,
  `createdAt` datetime NOT NULL,
  `updatedAt` datetime NOT NULL,
  `category` varchar(255) COLLATE utf8mb4_general_ci DEFAULT NULL,
  `city_id` int DEFAULT NULL,
  `local_rental_plan_id` int DEFAULT NULL,
  `time` varchar(255) COLLATE utf8mb4_general_ci DEFAULT NULL,
  `airport_id` int DEFAULT NULL,
  `airport_city_id` int DEFAULT NULL,
  `airport_from_to` varchar(255) COLLATE utf8mb4_general_ci DEFAULT NULL,
  `car_tab` varchar(255) COLLATE utf8mb4_general_ci DEFAULT NULL,
  `check_in` varchar(255) COLLATE utf8mb4_general_ci DEFAULT NULL,
  `check_out` varchar(255) COLLATE utf8mb4_general_ci DEFAULT NULL,
  `adult` int DEFAULT NULL,
  `children` int DEFAULT NULL,
  `rooms` int DEFAULT NULL,
  `hotel_city_id` int DEFAULT NULL,
  `children_ages` longtext CHARACTER SET utf8mb4 COLLATE utf8mb4_bin,
  `dham_package_id` int DEFAULT NULL,
  `dham_pickup_city_id` int DEFAULT NULL,
  `dham_package_days` int DEFAULT NULL,
  `dham_category_id` int DEFAULT NULL,
  `discount_slug` varchar(255) COLLATE utf8mb4_general_ci DEFAULT NULL,
  `pincode` varchar(255) COLLATE utf8mb4_general_ci DEFAULT NULL,
  PRIMARY KEY (`id`),
  UNIQUE KEY `session_id` (`session_id`),
  CONSTRAINT `sessions_chk_1` CHECK (json_valid(`places`)),
  CONSTRAINT `sessions_chk_2` CHECK (json_valid(`children_ages`))
) ENGINE=InnoDB AUTO_INCREMENT=2 DEFAULT CHARSET=utf8mb4 COLLATE=utf8mb4_general_ci;
/*!40101 SET character_set_client = @saved_cs_client */;

--
-- Dumping data for table `sessions`
--

LOCK TABLES `sessions` WRITE;
/*!40000 ALTER TABLE `sessions` DISABLE KEYS */;
INSERT INTO `sessions` VALUES (1,'SID-20250620082403667-33703','oneWay','1215.07','+919084053779','2025-06-21T17:00:00','','[{\"label\":\"Delhi Airport (DEL), New Delhi, Delhi, India\",\"value\":\"ChIJiS0q_IUbDTkRne1DLBh2874\"},{\"label\":\"Haldwani Bus Station, Bus Stand Road, Banbhoolpura, Haldwani, Uttarakhand, India\",\"value\":\"ChIJo_MVxumaoDkRmuFspC4L7Xc\"},{\"label\":\"Dehradun Railway Station, Railway Station Road, Govind Nagar, Lakkhi Bagh, Dehradun, Uttarakhand, India\",\"value\":\"ChIJ-RdtcQspCTkRgKWirRdb2zk\"},{\"label\":\"Kedarnath Temple, Kedarnath, Uttarakhand, India\",\"value\":\"ChIJtbCmiuA-CDkRAu4Clouuvds\"},{\"label\":\"Yamunotri Temple, Yamunotri, Uttarakhand, India\",\"value\":\"ChIJSZtcEE2bCDkRzOjSLzrGJ5k\"},{\"label\":\"Khatu Shyam ji temple, Shyam Mandir Road, Commettie, Khatoo, Rajasthan, India\",\"value\":\"ChIJJ00_jJ3tbDkR5b8h_MEY0R4\"}]',NULL,NULL,'2025-06-20 08:24:03','2025-06-20 08:24:03','outstation',NULL,NULL,NULL,NULL,NULL,NULL,'taxi',NULL,NULL,NULL,NULL,NULL,NULL,NULL,NULL,NULL,NULL,NULL,'oneWay','110037');
/*!40000 ALTER TABLE `sessions` ENABLE KEYS */;
UNLOCK TABLES;

--
-- Table structure for table `settings`
--

DROP TABLE IF EXISTS `settings`;
/*!40101 SET @saved_cs_client     = @@character_set_client */;
/*!50503 SET character_set_client = utf8mb4 */;
CREATE TABLE `settings` (
  `id` int NOT NULL AUTO_INCREMENT,
  `key` varchar(255) COLLATE utf8mb4_general_ci NOT NULL,
  `value` text COLLATE utf8mb4_general_ci,
  `createdAt` datetime NOT NULL DEFAULT CURRENT_TIMESTAMP,
  `updatedAt` datetime NOT NULL DEFAULT CURRENT_TIMESTAMP,
  PRIMARY KEY (`id`),
  UNIQUE KEY `key` (`key`)
) ENGINE=InnoDB AUTO_INCREMENT=5 DEFAULT CHARSET=utf8mb4 COLLATE=utf8mb4_general_ci;
/*!40101 SET character_set_client = @saved_cs_client */;

--
-- Dumping data for table `settings`
--

LOCK TABLES `settings` WRITE;
/*!40000 ALTER TABLE `settings` DISABLE KEYS */;
INSERT INTO `settings` VALUES (1,'toll_tax','2.8','2025-05-19 09:19:02','2025-05-19 18:26:21'),(2,'roundtrip_toll_tax',NULL,'2025-05-19 09:19:02','2025-05-19 18:26:21');
/*!40000 ALTER TABLE `settings` ENABLE KEYS */;
UNLOCK TABLES;

--
-- Table structure for table `transactions`
--

DROP TABLE IF EXISTS `transactions`;
/*!40101 SET @saved_cs_client     = @@character_set_client */;
/*!50503 SET character_set_client = utf8mb4 */;
CREATE TABLE `transactions` (
  `id` int NOT NULL AUTO_INCREMENT,
  `payment_id` varchar(255) COLLATE utf8mb4_general_ci NOT NULL,
  `user_id` int NOT NULL,
  `trip_id` int DEFAULT NULL,
  `original_amount` varchar(255) COLLATE utf8mb4_general_ci DEFAULT NULL,
  `paid_amount` varchar(255) COLLATE utf8mb4_general_ci DEFAULT NULL,
  `currency` varchar(255) COLLATE utf8mb4_general_ci DEFAULT NULL,
  `status` varchar(255) COLLATE utf8mb4_general_ci DEFAULT NULL,
  `order_id` varchar(255) COLLATE utf8mb4_general_ci DEFAULT NULL,
  `method` varchar(255) COLLATE utf8mb4_general_ci DEFAULT NULL,
  `card` longtext CHARACTER SET utf8mb4 COLLATE utf8mb4_bin,
  `upi` longtext CHARACTER SET utf8mb4 COLLATE utf8mb4_bin,
  `bank` varchar(255) COLLATE utf8mb4_general_ci DEFAULT NULL,
  `wallet` varchar(255) COLLATE utf8mb4_general_ci DEFAULT NULL,
  `email` varchar(255) COLLATE utf8mb4_general_ci DEFAULT NULL,
  `contact` varchar(255) COLLATE utf8mb4_general_ci DEFAULT NULL,
  `error_description` varchar(255) COLLATE utf8mb4_general_ci DEFAULT NULL,
  `error_reason` varchar(255) COLLATE utf8mb4_general_ci DEFAULT NULL,
  `acquirer_data` longtext CHARACTER SET utf8mb4 COLLATE utf8mb4_bin,
  `all_details` longtext CHARACTER SET utf8mb4 COLLATE utf8mb4_bin,
  `places` longtext CHARACTER SET utf8mb4 COLLATE utf8mb4_bin,
  `departure_date` varchar(255) COLLATE utf8mb4_general_ci NOT NULL,
  `return_date` varchar(255) COLLATE utf8mb4_general_ci DEFAULT NULL,
  `distance` varchar(255) COLLATE utf8mb4_general_ci DEFAULT NULL,
  `trip_type` varchar(255) COLLATE utf8mb4_general_ci DEFAULT NULL,
  `trip_status` enum('active','reserved','completed','cancel') COLLATE utf8mb4_general_ci NOT NULL DEFAULT 'reserved',
  `createdBy` varchar(255) COLLATE utf8mb4_general_ci DEFAULT NULL,
  `updatedBy` varchar(255) COLLATE utf8mb4_general_ci DEFAULT NULL,
  `createdAt` datetime NOT NULL,
  `updatedAt` datetime NOT NULL,
  `vehicle_id` varchar(255) COLLATE utf8mb4_general_ci NOT NULL,
  `name` varchar(255) COLLATE utf8mb4_general_ci DEFAULT NULL,
  `pickup_address` varchar(255) COLLATE utf8mb4_general_ci DEFAULT NULL,
  `vehicle_name` varchar(255) COLLATE utf8mb4_general_ci DEFAULT NULL,
  `extra_km` varchar(255) COLLATE utf8mb4_general_ci DEFAULT NULL,
  `additional_kilometers` decimal(8,2) NOT NULL DEFAULT '0.00',
  `additional_time` decimal(8,2) NOT NULL DEFAULT '0.00',
  `toll_tax` tinyint(1) NOT NULL DEFAULT '0',
  `parking_charges` tinyint(1) NOT NULL DEFAULT '0',
  `driver_charges` tinyint(1) NOT NULL DEFAULT '0',
  `night_charges` tinyint(1) NOT NULL DEFAULT '0',
  `fuel_charges` tinyint(1) NOT NULL DEFAULT '0',
  `category` varchar(255) COLLATE utf8mb4_general_ci DEFAULT NULL,
  `city_id` int DEFAULT NULL,
  `local_rental_plan_id` int DEFAULT NULL,
  `airport_id` int DEFAULT NULL,
  `airport_city_id` int DEFAULT NULL,
  `airport_from_to` varchar(255) COLLATE utf8mb4_general_ci DEFAULT NULL,
  `invoice_id` varchar(255) COLLATE utf8mb4_general_ci DEFAULT NULL,
  `car_tab` varchar(255) COLLATE utf8mb4_general_ci DEFAULT NULL,
  `dham_package_name` varchar(255) COLLATE utf8mb4_general_ci DEFAULT NULL,
  `dham_pickup_city_name` varchar(255) COLLATE utf8mb4_general_ci DEFAULT NULL,
  `dham_package_id` int DEFAULT NULL,
  `dham_pickup_city_id` int DEFAULT NULL,
  `dham_package_days` int DEFAULT NULL,
  `dham_category_name` varchar(255) COLLATE utf8mb4_general_ci DEFAULT NULL,
  `dham_category_id` int DEFAULT NULL,
  `additional_time_charge` decimal(8,2) NOT NULL DEFAULT '0.00',
  PRIMARY KEY (`id`),
  UNIQUE KEY `payment_id` (`payment_id`),
  KEY `user_id` (`user_id`),
  KEY `transactions_trip_id_foreign_idx` (`trip_id`),
  CONSTRAINT `transactions_ibfk_1` FOREIGN KEY (`user_id`) REFERENCES `Users` (`id`) ON DELETE CASCADE ON UPDATE CASCADE,
  CONSTRAINT `transactions_trip_id_foreign_idx` FOREIGN KEY (`trip_id`) REFERENCES `trips` (`id`) ON DELETE CASCADE ON UPDATE CASCADE,
  CONSTRAINT `transactions_chk_1` CHECK (json_valid(`card`)),
  CONSTRAINT `transactions_chk_2` CHECK (json_valid(`upi`)),
  CONSTRAINT `transactions_chk_3` CHECK (json_valid(`acquirer_data`)),
  CONSTRAINT `transactions_chk_4` CHECK (json_valid(`all_details`)),
  CONSTRAINT `transactions_chk_5` CHECK (json_valid(`places`))
) ENGINE=InnoDB DEFAULT CHARSET=utf8mb4 COLLATE=utf8mb4_general_ci;
/*!40101 SET character_set_client = @saved_cs_client */;

--
-- Dumping data for table `transactions`
--

LOCK TABLES `transactions` WRITE;
/*!40000 ALTER TABLE `transactions` DISABLE KEYS */;
/*!40000 ALTER TABLE `transactions` ENABLE KEYS */;
UNLOCK TABLES;

--
-- Table structure for table `trips`
--

DROP TABLE IF EXISTS `trips`;
/*!40101 SET @saved_cs_client     = @@character_set_client */;
/*!50503 SET character_set_client = utf8mb4 */;
CREATE TABLE `trips` (
  `id` int NOT NULL AUTO_INCREMENT,
  `user_id` int NOT NULL,
  `places` longtext CHARACTER SET utf8mb4 COLLATE utf8mb4_bin,
  `departure_date` varchar(255) COLLATE utf8mb4_general_ci NOT NULL,
  `return_date` varchar(255) COLLATE utf8mb4_general_ci DEFAULT NULL,
  `distance` varchar(255) COLLATE utf8mb4_general_ci DEFAULT NULL,
  `trip_type` varchar(255) COLLATE utf8mb4_general_ci DEFAULT NULL,
  `trip_status` enum('active','reserved','completed','cancel') COLLATE utf8mb4_general_ci NOT NULL DEFAULT 'reserved',
  `vehicle_id` int NOT NULL,
  `pickup_address` varchar(255) COLLATE utf8mb4_general_ci DEFAULT NULL,
  `extra_km` varchar(255) COLLATE utf8mb4_general_ci DEFAULT NULL,
  `additional_kilometers` decimal(8,2) NOT NULL DEFAULT '0.00',
  `additional_time` decimal(8,2) NOT NULL DEFAULT '0.00',
  `toll_tax` tinyint(1) NOT NULL DEFAULT '0',
  `parking_charges` tinyint(1) NOT NULL DEFAULT '0',
  `driver_charges` tinyint(1) NOT NULL DEFAULT '0',
  `night_charges` tinyint(1) NOT NULL DEFAULT '0',
  `fuel_charges` tinyint(1) NOT NULL DEFAULT '0',
  `category` varchar(255) COLLATE utf8mb4_general_ci DEFAULT NULL,
  `city_id` int DEFAULT NULL,
  `local_rental_plan_id` int DEFAULT NULL,
  `airport_id` int DEFAULT NULL,
  `airport_city_id` int DEFAULT NULL,
  `airport_from_to` varchar(255) COLLATE utf8mb4_general_ci DEFAULT NULL,
  `car_tab` varchar(255) COLLATE utf8mb4_general_ci DEFAULT NULL,
  `dham_package_name` varchar(255) COLLATE utf8mb4_general_ci DEFAULT NULL,
  `dham_pickup_city_name` varchar(255) COLLATE utf8mb4_general_ci DEFAULT NULL,
  `dham_package_id` int DEFAULT NULL,
  `dham_pickup_city_id` int DEFAULT NULL,
  `dham_package_days` int DEFAULT NULL,
  `dham_category_name` varchar(255) COLLATE utf8mb4_general_ci DEFAULT NULL,
  `dham_category_id` int DEFAULT NULL,
  `createdAt` datetime NOT NULL,
  `updatedAt` datetime NOT NULL,
  `pincode` varchar(255) COLLATE utf8mb4_general_ci DEFAULT NULL,
  `additional_time_charge` decimal(8,2) NOT NULL DEFAULT '0.00',
  PRIMARY KEY (`id`),
  KEY `user_id` (`user_id`),
  KEY `vehicle_id` (`vehicle_id`),
  CONSTRAINT `trips_ibfk_1` FOREIGN KEY (`user_id`) REFERENCES `Users` (`id`) ON DELETE CASCADE ON UPDATE CASCADE,
  CONSTRAINT `trips_ibfk_2` FOREIGN KEY (`vehicle_id`) REFERENCES `Vehicles` (`id`) ON DELETE CASCADE ON UPDATE CASCADE,
  CONSTRAINT `trips_chk_1` CHECK (json_valid(`places`))
) ENGINE=InnoDB DEFAULT CHARSET=utf8mb4 COLLATE=utf8mb4_general_ci;
/*!40101 SET character_set_client = @saved_cs_client */;

--
-- Dumping data for table `trips`
--

LOCK TABLES `trips` WRITE;
/*!40000 ALTER TABLE `trips` DISABLE KEYS */;
/*!40000 ALTER TABLE `trips` ENABLE KEYS */;
UNLOCK TABLES;
/*!40103 SET TIME_ZONE=@OLD_TIME_ZONE */;

/*!40101 SET SQL_MODE=@OLD_SQL_MODE */;
/*!40014 SET FOREIGN_KEY_CHECKS=@OLD_FOREIGN_KEY_CHECKS */;
/*!40014 SET UNIQUE_CHECKS=@OLD_UNIQUE_CHECKS */;
/*!40101 SET CHARACTER_SET_CLIENT=@OLD_CHARACTER_SET_CLIENT */;
/*!40101 SET CHARACTER_SET_RESULTS=@OLD_CHARACTER_SET_RESULTS */;
/*!40101 SET COLLATION_CONNECTION=@OLD_COLLATION_CONNECTION */;
/*!40111 SET SQL_NOTES=@OLD_SQL_NOTES */;

-- Dump completed on 2025-06-20  8:28:54
